<appaction uniquename="admin__Mscrm.Form.{!EntityLogicalName}.OpenActiveStage!admin_SCuBA!admin_scubaconfiguration!0">
  <appmoduleid>
    <uniquename>admin_SCuBA</uniquename>
  </appmoduleid>
  <buttonaccessibilitytext default="Open Active Stage">
    <label description="Open Active Stage" languagecode="1033" />
  </buttonaccessibilitytext>
  <buttonlabeltext default="Open Active Stage">
    <label description="Open Active Stage" languagecode="1033" />
  </buttonlabeltext>
  <buttontooltipdescription default="Open active stage entity form of this {EntityLogicalNameMarker}.">
    <label description="Open active stage entity form of this {EntityLogicalNameMarker}." languagecode="1033" />
  </buttontooltipdescription>
  <buttontooltiptitle default="Opens the form for the entity associated with the active stage.">
    <label description="Opens the form for the entity associated with the active stage." languagecode="1033" />
  </buttontooltiptitle>
  <context>1</context>
  <contextentity>
    <logicalname>admin_scubaconfiguration</logicalname>
  </contextentity>
  <contextvalue>admin_scubaconfiguration</contextvalue>
  <fonticon>FormDesign</fonticon>
  <hidden>0</hidden>
  <iscustomizable>1</iscustomizable>
  <isdisabled>0</isdisabled>
  <isgrouptitlehidden>0</isgrouptitlehidden>
  <location>0</location>
  <name>Mscrm.Form.{!EntityLogicalName}.OpenActiveStage</name>
  <onclickeventjavascriptfunctionname>XrmCore.Commands.OpenActiveStage.openActiveStageFromForm</onclickeventjavascriptfunctionname>
  <onclickeventjavascriptparameters>[{"type":4,"value":null},{"type":2,"value":null}]</onclickeventjavascriptparameters>
  <onclickeventjavascriptwebresourceid>
    <webresourceid>adea1aea-b2aa-e611-80d6-00155d88c343</webresourceid>
  </onclickeventjavascriptwebresourceid>
  <onclickeventtype>2</onclickeventtype>
  <origin>2</origin>
  <sequence>100100080.0000000000</sequence>
  <statecode>0</statecode>
  <statuscode>1</statuscode>
  <type>0</type>
  <visibilityformulacomponentlibraryid>
    <name>admin_scubadefaultcommandlibrary_5d53d</name>
  </visibilityformulacomponentlibraryid>
  <visibilityformulacomponentname>cf2100405320491ca0048dc4c4b41cd2</visibilityformulacomponentname>
  <visibilityformulafunctionname>Visible</visibilityformulafunctionname>
  <visibilitytype>1</visibilitytype>
</appaction>