<appaction uniquename="admin__PushCECConfigurat!a84d59af3bb746e49bb49cecd503ce88!admin_SCuBA!admin_scubaconfiguration!0">
  <appmoduleid>
    <uniquename>admin_SCuBA</uniquename>
  </appmoduleid>
  <buttonlabeltext default="Push CEC Configuration">
    <label description="Push CEC Configuration" languagecode="1033" />
  </buttonlabeltext>
  <context>1</context>
  <contextentity>
    <logicalname>admin_scubaconfiguration</logicalname>
  </contextentity>
  <contextvalue>admin_scubaconfiguration</contextvalue>
  <fonticon>$clientsvg:ConvertTo</fonticon>
  <hidden>0</hidden>
  <iscustomizable>1</iscustomizable>
  <isdisabled>0</isdisabled>
  <isgrouptitlehidden>0</isgrouptitlehidden>
  <location>0</location>
  <name>PushCECConfigurat!a84d59af3bb746e49bb49cecd503ce88</name>
  <onclickeventformulacomponentlibraryid>
    <name>admin_scubadefaultcommandlibrary_5d53d</name>
  </onclickeventformulacomponentlibraryid>
  <onclickeventformulacomponentname>f08ee18335e545c59136012633322824</onclickeventformulacomponentname>
  <onclickeventformulafunctionname>OnSelect</onclickeventformulafunctionname>
  <onclickeventtype>1</onclickeventtype>
  <origin>0</origin>
  <sequence>100100015.0000000000</sequence>
  <statecode>0</statecode>
  <statuscode>1</statuscode>
  <type>0</type>
  <visibilityformulacomponentlibraryid>
    <name>admin_scubadefaultcommandlibrary_5d53d</name>
  </visibilityformulacomponentlibraryid>
  <visibilityformulacomponentname>f08ee18335e545c59136012633322824</visibilityformulacomponentname>
  <visibilityformulafunctionname>Visible</visibilityformulafunctionname>
  <visibilitytype>1</visibilitytype>
</appaction>