{
  "properties": {
    "connectionReferences": {
      "shared_commondataserviceforapps": {
        "runtimeSource": "embedded",
        "connection": {
          "connectionReferenceLogicalName": "admin_CoECoreDataverse2"
        },
        "api": {
          "name": "shared_commondataserviceforapps"
        }
      }
    },
    "definition": {
      "$schema": "https://schema.management.azure.com/providers/Microsoft.Logic/schemas/2016-06-01/workflowdefinition.json#",
      "contentVersion": "1.0.0.0",
      "parameters": {
        "$connections": {
          "defaultValue": {},
          "type": "Object"
        },
        "$authentication": {
          "defaultValue": {},
          "type": "SecureObject"
        }
      },
      "triggers": {
        "manual": {
          "metadata": {
            "operationMetadataId": "1a610341-1b76-4eed-9987-002b5dbc876f"
          },
          "type": "Request",
          "kind": "PowerAppV2",
          "inputs": {
            "schema": {
              "type": "object",
              "properties": {
                "text": {
                  "title": "table",
                  "type": "string",
                  "x-ms-dynamically-added": true,
                  "description": "Please enter table name.",
                  "x-ms-content-hint": "TEXT"
                },
                "text_1": {
                  "title": "fetchXml",
                  "type": "string",
                  "x-ms-dynamically-added": true,
                  "description": "Please enter your input",
                  "x-ms-content-hint": "TEXT"
                },
                "text_2": {
                  "title": "fileName",
                  "type": "string",
                  "x-ms-dynamically-added": true,
                  "description": "Please enter your input",
                  "x-ms-content-hint": "TEXT"
                },
                "text_3": {
                  "title": "solutionUniqueName",
                  "type": "string",
                  "x-ms-dynamically-added": true,
                  "description": "Please enter your input",
                  "x-ms-content-hint": "TEXT"
                }
              },
              "required": [
                "text",
                "text_1",
                "text_3"
              ]
            }
          }
        }
      },
      "actions": {
        "List_rows": {
          "runAfter": {
            "GetSolutionInfo": [
              "Succeeded"
            ]
          },
          "metadata": {
            "operationMetadataId": "49f5b06f-2c97-4cec-8e27-49ebcc029527"
          },
          "type": "OpenApiConnection",
          "inputs": {
            "host": {
              "connectionName": "shared_commondataserviceforapps",
              "operationId": "ListRecords",
              "apiId": "/providers/Microsoft.PowerApps/apis/shared_commondataserviceforapps"
            },
            "parameters": {
              "entityName": "@variables('entitySetName')",
              "fetchXml": "@triggerBody()?['text_1']"
            },
            "authentication": "@parameters('$authentication')"
          }
        },
        "ComposeRootElement": {
          "runAfter": {
            "selectAsRecord": [
              "Succeeded"
            ]
          },
          "metadata": {
            "operationMetadataId": "c4e4e504-3efe-4d86-91b8-c3ddb0d8ed23"
          },
          "type": "Compose",
          "inputs": {
            "table": {
              "name": "@{triggerBody()['text']}",
              "solutionUniqueName": "@{triggerBody()['text_3']}",
              "fileName": "@{triggerBody()?['text_2']}",
              "fetchXml": "@json(xml(triggerBody()['text_1']))",
              "records": "@body('selectAsRecord')"
            }
          }
        },
        "ConvertToXml": {
          "runAfter": {
            "ComposeRootElement": [
              "Succeeded"
            ]
          },
          "metadata": {
            "operationMetadataId": "5b315162-0eb5-41c3-be8a-38716916c9b7"
          },
          "type": "Compose",
          "inputs": "@xml(outputs('ComposeRootElement'))"
        },
        "GetSolutionInfo": {
          "actions": {
            "Condition": {
              "actions": {
                "SolutionByUniqueName": {
                  "runAfter": {},
                  "metadata": {
                    "operationMetadataId": "7641660d-440e-4614-94c8-12170d60e7d7"
                  },
                  "type": "OpenApiConnection",
                  "inputs": {
                    "host": {
                      "connectionName": "shared_commondataserviceforapps",
                      "operationId": "ListRecords",
                      "apiId": "/providers/Microsoft.PowerApps/apis/shared_commondataserviceforapps"
                    },
                    "parameters": {
                      "entityName": "solutions",
                      "fetchXml": "<fetch top=\"1\">\n  <entity name=\"solution\">\n    <attribute name=\"solutionid\" />\n    <attribute name=\"ismanaged\" />\n    <filter type=\"and\">\n      <condition attribute=\"uniquename\" operator=\"eq\" value=\"@{triggerBody()['text_3']}\" />\n      <condition attribute=\"ismanaged\" operator=\"eq\" value=\"0\" />\n    </filter>\n    <link-entity name=\"publisher\" from=\"publisherid\" to=\"publisherid\" alias=\"publisher\">\n      <attribute name=\"customizationprefix\"  />\n    </link-entity>\n  </entity>\n</fetch>"
                    },
                    "authentication": "@parameters('$authentication')"
                  }
                },
                "EachSolution": {
                  "foreach": "@outputs('SolutionByUniqueName')?['body/value']",
                  "actions": {
                    "Set_solutionId": {
                      "runAfter": {},
                      "metadata": {
                        "operationMetadataId": "f6f89b89-a5be-4a83-94a1-661f78274846"
                      },
                      "type": "SetVariable",
                      "inputs": {
                        "name": "solutionId",
                        "value": "/solutions(@{items('EachSolution')?['solutionid']})"
                      }
                    },
                    "Set_solutionPrefix": {
                      "runAfter": {
                        "Set_solutionId": [
                          "Succeeded"
                        ]
                      },
                      "metadata": {
                        "operationMetadataId": "9d4ba6ca-38d3-4f5c-ac0f-f9a4338b015b"
                      },
                      "type": "SetVariable",
                      "inputs": {
                        "name": "solutionPrefix",
                        "value": "@{items('EachSolution')?['publisher.customizationprefix']}"
                      }
                    },
                    "Set_usedDefaultSolution_false": {
                      "runAfter": {
                        "Set_webresourcename": [
                          "Succeeded"
                        ]
                      },
                      "metadata": {
                        "operationMetadataId": "f813d0ae-7534-47f6-bec7-02e61f989409"
                      },
                      "type": "SetVariable",
                      "inputs": {
                        "name": "usedSpecifiedSolution",
                        "value": "@true"
                      }
                    },
                    "Set_webresourcename": {
                      "runAfter": {
                        "Set_solutionPrefix": [
                          "Succeeded"
                        ]
                      },
                      "metadata": {
                        "operationMetadataId": "35006199-ca21-43ba-859c-fb924c292f63"
                      },
                      "type": "SetVariable",
                      "inputs": {
                        "name": "webresourcename",
                        "value": "@{variables('solutionPrefix')}_@{triggerBody()?['text_2']}"
                      }
                    }
                  },
                  "runAfter": {
                    "SolutionByUniqueName": [
                      "Succeeded"
                    ]
                  },
                  "metadata": {
                    "operationMetadataId": "d7c978ec-dd71-46c2-89e5-a158a509f57f"
                  },
                  "type": "Foreach"
                }
              },
              "runAfter": {},
              "expression": {
                "not": {
                  "equals": [
                    "@triggerBody()['text_3']",
                    "@null"
                  ]
                }
              },
              "metadata": {
                "operationMetadataId": "db5631c8-995a-4c76-831f-283f06b9b71a"
              },
              "type": "If"
            }
          },
          "runAfter": {
            "Get_entity_Set_Name": [
              "Succeeded"
            ]
          },
          "metadata": {
            "operationMetadataId": "bc949463-2f5d-4803-a1fc-9e12ff1f5713"
          },
          "type": "Scope"
        },
        "Initialize_solutionId": {
          "runAfter": {},
          "metadata": {
            "operationMetadataId": "92094415-54e2-43e6-921c-147331c18ccb"
          },
          "type": "InitializeVariable",
          "inputs": {
            "variables": [
              {
                "name": "solutionId",
                "type": "string",
                "value": "@{null}"
              }
            ]
          }
        },
        "usedSpecifiedSolution": {
          "runAfter": {
            "Initialize_solutionId": [
              "Succeeded"
            ]
          },
          "metadata": {
            "operationMetadataId": "66e5b76d-a5d8-4133-b7fd-24315e5ad18b"
          },
          "type": "InitializeVariable",
          "inputs": {
            "variables": [
              {
                "name": "solutionPrefix",
                "type": "string",
                "value": "new"
              }
            ]
          }
        },
        "Respond_to_a_Power_App_or_flow": {
          "runAfter": {
            "PublishXml": [
              "Succeeded"
            ]
          },
          "metadata": {
            "operationMetadataId": "5c1cd4c0-1f94-4add-8f05-f77ec1f620d5"
          },
          "type": "Response",
          "kind": "PowerApp",
          "inputs": {
            "statusCode": 200,
            "body": {},
            "schema": {
              "type": "object",
              "properties": {}
            }
          }
        },
        "Initialize_usedDefaultSolution": {
          "runAfter": {
            "usedSpecifiedSolution": [
              "Succeeded"
            ]
          },
          "metadata": {
            "operationMetadataId": "7c34bbc9-5bd7-4562-b8c0-fe06584a3fe7"
          },
          "type": "InitializeVariable",
          "inputs": {
            "variables": [
              {
                "name": "usedSpecifiedSolution",
                "type": "boolean",
                "value": "@false"
              }
            ]
          }
        },
        "AddSolutionComponent": {
          "runAfter": {
            "Add_or_Update_Web_Resource": [
              "Succeeded"
            ]
          },
          "metadata": {
            "operationMetadataId": "2fc70510-2650-4972-aa27-13c32de93ebd"
          },
          "type": "OpenApiConnection",
          "inputs": {
            "host": {
              "connectionName": "shared_commondataserviceforapps",
              "operationId": "PerformUnboundAction",
              "apiId": "/providers/Microsoft.PowerApps/apis/shared_commondataserviceforapps"
            },
            "parameters": {
              "actionName": "AddSolutionComponent",
              "item/ComponentId": "@variables('webresourceId')",
              "item/ComponentType": 61,
              "item/SolutionUniqueName": "@triggerBody()['text_3']",
              "item/AddRequiredComponents": false,
              "item/DoNotIncludeSubcomponents": false
            },
            "authentication": "@parameters('$authentication')"
          }
        },
        "Get_entity_Set_Name": {
          "actions": {
            "List_rows_2": {
              "runAfter": {},
              "metadata": {
                "operationMetadataId": "6fa24ca8-feab-4250-8838-3531a34552ac"
              },
              "type": "OpenApiConnection",
              "inputs": {
                "host": {
                  "connectionName": "shared_commondataserviceforapps",
                  "operationId": "ListRecords",
                  "apiId": "/providers/Microsoft.PowerApps/apis/shared_commondataserviceforapps"
                },
                "parameters": {
                  "entityName": "entities",
                  "fetchXml": "<fetch>\n  <entity name=\"entity\">\n    <attribute name=\"entitysetname\" />\n    <filter type=\"or\">\n      <condition attribute=\"logicalname\" operator=\"eq\" value=\"@{triggerBody()['text']}\" />\n      <condition attribute=\"collectionname\" operator=\"eq\" value=\"@{triggerBody()['text']}\" />\n      <condition attribute=\"entitysetname\" operator=\"eq\" value=\"@{triggerBody()['text']}\" />\n      <condition attribute=\"name\" operator=\"eq\" value=\"@{triggerBody()['text']}\" />\n      <condition attribute=\"physicalname\" operator=\"eq\" value=\"@{triggerBody()['text']}\" />\n    </filter>\n  </entity>\n</fetch>"
                },
                "authentication": "@parameters('$authentication')"
              }
            },
            "Number_of_Entity_Records": {
              "runAfter": {
                "List_rows_2": [
                  "Succeeded"
                ]
              },
              "cases": {
                "zero": {
                  "case": 0,
                  "actions": {
                    "Terminate": {
                      "runAfter": {},
                      "metadata": {
                        "operationMetadataId": "558f4d13-5749-4b19-86d9-092a83fe74bd"
                      },
                      "type": "Terminate",
                      "inputs": {
                        "runStatus": "Failed",
                        "runError": {
                          "code": "417",
                          "message": "Table @{triggerBody()['text']} was not found."
                        }
                      }
                    }
                  }
                },
                "One_(Expected)": {
                  "case": 1,
                  "actions": {
                    "Set_variable": {
                      "runAfter": {},
                      "metadata": {
                        "operationMetadataId": "29bf0c0c-3ce3-4fdc-bd50-a33e6cbdae2a"
                      },
                      "type": "SetVariable",
                      "inputs": {
                        "name": "entitySetName",
                        "value": "@{outputs('List_rows_2')?['body/value'][0]?['entitysetname']}"
                      }
                    }
                  }
                }
              },
              "default": {
                "actions": {
                  "Terminate_2": {
                    "runAfter": {},
                    "metadata": {
                      "operationMetadataId": "e1f9132b-5611-4819-9180-3bd141c96c56"
                    },
                    "type": "Terminate",
                    "inputs": {
                      "runStatus": "Failed",
                      "runError": {
                        "code": "417",
                        "message": "More than one entity found with the name @{triggerBody()['text']}.  Use logical name for best results."
                      }
                    }
                  }
                }
              },
              "expression": "@length(outputs('List_rows_2')?['body/value'])",
              "metadata": {
                "operationMetadataId": "4fc373e5-2eef-4ed6-863b-0d7d5e3dad29"
              },
              "type": "Switch"
            }
          },
          "runAfter": {
            "Initialize_componentId": [
              "Succeeded"
            ]
          },
          "metadata": {
            "operationMetadataId": "dd3e45cf-a1ed-4de2-9766-a330e969153b"
          },
          "type": "Scope"
        },
        "Initialize_variable": {
          "runAfter": {
            "Initialize_usedDefaultSolution": [
              "Succeeded"
            ]
          },
          "metadata": {
            "operationMetadataId": "7692bcce-3c5c-4239-880b-132985a1c7a9"
          },
          "type": "InitializeVariable",
          "inputs": {
            "variables": [
              {
                "name": "entitySetName",
                "type": "string"
              }
            ]
          }
        },
        "Add_or_Update_Web_Resource": {
          "actions": {
            "GetWebResourceByName": {
              "runAfter": {},
              "metadata": {
                "operationMetadataId": "b520b879-e5d6-48dc-9d58-c3180e0ff468"
              },
              "type": "OpenApiConnection",
              "inputs": {
                "host": {
                  "connectionName": "shared_commondataserviceforapps",
                  "operationId": "ListRecords",
                  "apiId": "/providers/Microsoft.PowerApps/apis/shared_commondataserviceforapps"
                },
                "parameters": {
                  "entityName": "webresourceset",
                  "$select": "webresourceid",
                  "$filter": "name eq '@{variables('webresourcename')}'"
                },
                "authentication": "@parameters('$authentication')"
              }
            },
            "Is_Update": {
              "actions": {
                "Set_variable_3": {
                  "runAfter": {},
                  "metadata": {
                    "operationMetadataId": "4d1dce05-6493-459b-85ca-71bb9a5cf952"
                  },
                  "type": "SetVariable",
                  "inputs": {
                    "name": "webresourceId",
                    "value": "@{outputs('GetWebResourceByName')?['body/value'][0]['webresourceid']}"
                  }
                },
                "Update_a_row": {
                  "runAfter": {
                    "Set_variable_3": [
                      "Succeeded"
                    ]
                  },
                  "metadata": {
                    "operationMetadataId": "aca38ced-6b87-407f-be89-6b8d8640973f"
                  },
                  "type": "OpenApiConnection",
                  "inputs": {
                    "host": {
                      "connectionName": "shared_commondataserviceforapps",
                      "operationId": "UpdateOnlyRecord",
                      "apiId": "/providers/Microsoft.PowerApps/apis/shared_commondataserviceforapps"
                    },
                    "parameters": {
                      "entityName": "webresourceset",
                      "recordId": "@variables('webresourceId')",
                      "item/content": "@base64(outputs('ConvertToXml'))",
                      "item/displayname": "@triggerBody()?['text_2']"
                    },
                    "authentication": "@parameters('$authentication')"
                  }
                }
              },
              "runAfter": {
                "GetWebResourceByName": [
                  "Succeeded"
                ]
              },
              "else": {
                "actions": {
                  "Add_WebResource": {
                    "runAfter": {},
                    "metadata": {
                      "operationMetadataId": "85ae87fd-7e02-4031-8040-c96baa79cf34"
                    },
                    "type": "OpenApiConnection",
                    "inputs": {
                      "host": {
                        "connectionName": "shared_commondataserviceforapps",
                        "operationId": "CreateRecord",
                        "apiId": "/providers/Microsoft.PowerApps/apis/shared_commondataserviceforapps"
                      },
                      "parameters": {
                        "entityName": "webresourceset",
                        "item/name": "@{variables('solutionPrefix')}_@{triggerBody()?['text_2']}",
                        "item/webresourcetype": 4,
                        "item/content": "@base64(outputs('ConvertToXml'))",
                        "item/displayname": "@triggerBody()?['text_2']"
                      },
                      "authentication": "@parameters('$authentication')"
                    }
                  },
                  "Set_variable_2": {
                    "runAfter": {
                      "Add_WebResource": [
                        "Succeeded"
                      ]
                    },
                    "metadata": {
                      "operationMetadataId": "9ae41dfc-dfba-4cc2-9009-0bf2ee75a2ee"
                    },
                    "type": "SetVariable",
                    "inputs": {
                      "name": "webresourceId",
                      "value": "@outputs('Add_WebResource')?['body/webresourceid']"
                    }
                  }
                }
              },
              "expression": {
                "greater": [
                  "@length(outputs('GetWebResourceByName')?['body/value'])",
                  0
                ]
              },
              "metadata": {
                "operationMetadataId": "838753b7-8b39-454d-a7d0-5d5ce1780e34"
              },
              "type": "If"
            }
          },
          "runAfter": {
            "ConvertToXml": [
              "Succeeded"
            ]
          },
          "metadata": {
            "operationMetadataId": "55e66e0b-8106-4c13-b103-71fc1bc64c1f"
          },
          "type": "Scope"
        },
        "Initialize_webresourcename": {
          "runAfter": {
            "Initialize_variable": [
              "Succeeded"
            ]
          },
          "metadata": {
            "operationMetadataId": "79743668-5a87-4d4c-a5c2-a01f44e1291c"
          },
          "type": "InitializeVariable",
          "inputs": {
            "variables": [
              {
                "name": "webresourcename",
                "type": "string",
                "value": "new_@{triggerBody()?['text_2']}"
              }
            ]
          }
        },
        "Initialize_webresourceId": {
          "runAfter": {
            "Initialize_webresourcename": [
              "Succeeded"
            ]
          },
          "metadata": {
            "operationMetadataId": "e1f12360-a78c-48fe-8f4c-3c892e6817f4"
          },
          "type": "InitializeVariable",
          "inputs": {
            "variables": [
              {
                "name": "webresourceId",
                "type": "string"
              }
            ]
          }
        },
        "Initialize_componentId": {
          "runAfter": {
            "Initialize_webresourceId": [
              "Succeeded"
            ]
          },
          "metadata": {
            "operationMetadataId": "c06f544a-fa47-4ab7-bf20-3dc0f3f52a46"
          },
          "type": "InitializeVariable",
          "inputs": {
            "variables": [
              {
                "name": "componentId",
                "type": "string"
              }
            ]
          }
        },
        "selectAsRecord": {
          "runAfter": {
            "List_rows": [
              "Succeeded"
            ]
          },
          "metadata": {
            "operationMetadataId": "f90b60a4-0601-43ba-853e-aea2bd9a028a"
          },
          "type": "Select",
          "inputs": {
            "from": "@outputs('List_rows')?['body/value']",
            "select": {
              "record": "@item()"
            }
          }
        },
        "CreatePublishXmlParameter": {
          "runAfter": {
            "AddSolutionComponent": [
              "Succeeded"
            ]
          },
          "metadata": {
            "operationMetadataId": "02041c1a-a17f-430d-bb99-09be6b26935c"
          },
          "type": "Compose",
          "inputs": "<importexportxml>\n<webresources>\n<webresource>{@{variables('webresourceId')}}</webresource>\n</webresources>\n</importexportxml>"
        },
        "PublishXml": {
          "runAfter": {
            "CreatePublishXmlParameter": [
              "Succeeded"
            ]
          },
          "metadata": {
            "operationMetadataId": "105fcd5b-4766-409d-bf48-cbce03e83728"
          },
          "type": "OpenApiConnection",
          "inputs": {
            "host": {
              "connectionName": "shared_commondataserviceforapps",
              "operationId": "PerformUnboundAction",
              "apiId": "/providers/Microsoft.PowerApps/apis/shared_commondataserviceforapps"
            },
            "parameters": {
              "actionName": "PublishXml",
              "item/ParameterXml": "@outputs('CreatePublishXmlParameter')"
            },
            "authentication": "@parameters('$authentication')"
          }
        }
      }
    },
    "templateName": ""
  },
  "schemaVersion": "1.0.0.0"
}