{
  "properties": {
    "connectionReferences": {
      "shared_commondataserviceforapps_1": {
        "runtimeSource": "embedded",
        "connection": {
          "connectionReferenceLogicalName": "admin_CoECoreDataverse"
        },
        "api": {
          "name": "shared_commondataserviceforapps"
        }
      }
    },
    "definition": {
      "$schema": "https://schema.management.azure.com/providers/Microsoft.Logic/schemas/2016-06-01/workflowdefinition.json#",
      "contentVersion": "1.0.0.0",
      "parameters": {
        "$connections": {
          "defaultValue": {},
          "type": "Object"
        },
        "$authentication": {
          "defaultValue": {},
          "type": "SecureObject"
        }
      },
      "triggers": {
        "manual": {
          "metadata": {
            "operationMetadataId": "47fe8584-1e9b-42d5-8dfc-6f023f044896"
          },
          "type": "Request",
          "kind": "PowerAppV2",
          "inputs": {
            "schema": {
              "type": "object",
              "properties": {
                "text": {
                  "title": "name",
                  "type": "string",
                  "x-ms-dynamically-added": true,
                  "description": "Please enter the web resource name.",
                  "x-ms-content-hint": "TEXT"
                }
              },
              "required": [
                "text"
              ]
            }
          }
        }
      },
      "actions": {
        "GetWebResource": {
          "runAfter": {
            "Initialize_response": [
              "Succeeded"
            ]
          },
          "metadata": {
            "operationMetadataId": "ac9357f5-d206-410c-bdfc-8fe386c816dc"
          },
          "type": "OpenApiConnection",
          "inputs": {
            "host": {
              "connectionName": "shared_commondataserviceforapps_1",
              "operationId": "ListRecords",
              "apiId": "/providers/Microsoft.PowerApps/apis/shared_commondataserviceforapps"
            },
            "parameters": {
              "entityName": "webresourceset",
              "fetchXml": "<fetch top=\"1\">\n  <entity name=\"webresource\">\n    <attribute name=\"content\" />\n    <attribute name=\"webresourcetype\" />\n    <filter>\n      <condition attribute=\"webresourcetype\" operator=\"eq\" value=\"4\" />\n      <condition attribute=\"name\" operator=\"eq\" value=\"@{triggerBody()['text']}\" />\n    </filter>\n  </entity>\n</fetch>"
            },
            "authentication": "@parameters('$authentication')"
          }
        },
        "Condition": {
          "actions": {
            "Set_variable": {
              "runAfter": {
                "SelectRecords": [
                  "Succeeded"
                ]
              },
              "metadata": {
                "operationMetadataId": "922ac197-35f6-438e-b26d-f7a1e62d7081"
              },
              "type": "SetVariable",
              "inputs": {
                "name": "response",
                "value": "@body('SelectRecords')"
              }
            },
            "SelectRecords": {
              "runAfter": {
                "ComposeJSON": [
                  "Succeeded"
                ]
              },
              "metadata": {
                "operationMetadataId": "a2473a45-1bfe-47ef-a8b4-5b136753dce0"
              },
              "type": "Select",
              "inputs": {
                "from": "@outputs('ComposeJSON')['table/records']",
                "select": "@item()['record']"
              }
            },
            "ComposeXml": {
              "runAfter": {},
              "metadata": {
                "operationMetadataId": "3010cb83-b907-4f25-b787-9842b78a27cb"
              },
              "type": "Compose",
              "inputs": "@xml(base64ToString(outputs('GetWebResource')?['body/value'][0]['content']))"
            },
            "ComposeJSON": {
              "runAfter": {
                "ComposeXml": [
                  "Succeeded"
                ]
              },
              "metadata": {
                "operationMetadataId": "013c742d-0967-43b5-9942-5e60230b0360"
              },
              "type": "Compose",
              "inputs": "@json(xml(base64ToString(outputs('GetWebResource')?['body/value'][0]['content'])))"
            }
          },
          "runAfter": {
            "GetWebResource": [
              "Succeeded"
            ]
          },
          "else": {
            "actions": {
              "Terminate": {
                "runAfter": {},
                "metadata": {
                  "operationMetadataId": "a5a3dbe6-f054-49a4-a7c9-5fdfbf8916d0"
                },
                "type": "Terminate",
                "inputs": {
                  "runStatus": "Failed",
                  "runError": {
                    "code": "417",
                    "message": "An XML web resource with the name @{triggerBody()['text']} was not found."
                  }
                }
              }
            }
          },
          "expression": {
            "greater": [
              "@length(outputs('GetWebResource')?['body/value'])",
              0
            ]
          },
          "metadata": {
            "operationMetadataId": "60627d65-a6f3-4442-a6bc-34a820d2097d"
          },
          "type": "If"
        },
        "Initialize_response": {
          "runAfter": {},
          "metadata": {
            "operationMetadataId": "1b90d6b7-b000-4167-96b8-91aabc16e6f1"
          },
          "type": "InitializeVariable",
          "inputs": {
            "variables": [
              {
                "name": "response",
                "type": "array"
              }
            ]
          }
        },
        "Response": {
          "runAfter": {
            "Condition": [
              "Succeeded"
            ]
          },
          "metadata": {
            "operationMetadataId": "8e7bfb33-c29d-44c2-ac33-5f9149e9c131"
          },
          "type": "Response",
          "kind": "Http",
          "inputs": {
            "statusCode": 200,
            "body": "@variables('response')"
          }
        }
      }
    },
    "templateName": ""
  },
  "schemaVersion": "1.0.0.0"
}