{
  "properties": {
    "connectionReferences": {
      "shared_commondataserviceforapps": {
        "runtimeSource": "embedded",
        "connection": {
          "connectionReferenceLogicalName": "admin_CoECoreDataverse2"
        },
        "api": {
          "name": "shared_commondataserviceforapps"
        }
      }
    },
    "definition": {
      "$schema": "https://schema.management.azure.com/providers/Microsoft.Logic/schemas/2016-06-01/workflowdefinition.json#",
      "contentVersion": "1.0.0.0",
      "parameters": {
        "$connections": {
          "defaultValue": {},
          "type": "Object"
        },
        "$authentication": {
          "defaultValue": {},
          "type": "SecureObject"
        }
      },
      "triggers": {
        "manual": {
          "metadata": {
            "operationMetadataId": "6e1490b8-646d-4144-92ba-118074c3d92e"
          },
          "type": "Request",
          "kind": "Button",
          "inputs": {
            "schema": {
              "type": "object",
              "properties": {},
              "required": []
            }
          }
        }
      },
      "actions": {
        "Ensure_SKU_Governance_Settings": {
          "actions": {
            "EnvironmentSkuFx": {
              "runAfter": {},
              "metadata": {
                "operationMetadataId": "b53b7fcd-a3be-417d-9959-30b02e65aebd"
              },
              "type": "OpenApiConnection",
              "inputs": {
                "host": {
                  "connectionName": "shared_commondataserviceforapps",
                  "operationId": "ListRecords",
                  "apiId": "/providers/Microsoft.PowerApps/apis/shared_commondataserviceforapps"
                },
                "parameters": {
                  "entityName": "admin_environments",
                  "fetchXml": "<fetch aggregate=\"true\">\n  <entity name=\"admin_environment\">\n    <attribute name=\"admin_environmentskufx\" alias=\"sku\" groupby=\"true\" />\n    <filter>\n      <link-entity name=\"admin_environmentskugovernancesettings\" from=\"admin_sku\" to=\"admin_environmentskufx\" link-type=\"not any\" />\n    </filter>\n    <order alias=\"sku\" />\n  </entity>\n</fetch>"
                },
                "authentication": {
                  "type": "Raw",
                  "value": "@json(decodeBase64(triggerOutputs().headers['X-MS-APIM-Tokens']))['$ConnectionKey']"
                }
              }
            },
            "Apply_to_each": {
              "foreach": "@outputs('EnvironmentSkuFx')?['body/value']",
              "actions": {
                "Add_Sku_Governance_Setting": {
                  "runAfter": {},
                  "metadata": {
                    "operationMetadataId": "e3b9e1f5-d00c-45f8-9d56-1beb7aea68c2"
                  },
                  "type": "OpenApiConnection",
                  "inputs": {
                    "host": {
                      "connectionName": "shared_commondataserviceforapps",
                      "operationId": "CreateRecord",
                      "apiId": "/providers/Microsoft.PowerApps/apis/shared_commondataserviceforapps"
                    },
                    "parameters": {
                      "entityName": "admin_environmentskugovernancesettingses",
                      "item/admin_dedicateddlppolicyrule": "@null",
                      "item/admin_sku": "@items('Apply_to_each')?['sku']"
                    },
                    "authentication": {
                      "type": "Raw",
                      "value": "@json(decodeBase64(triggerOutputs().headers['X-MS-APIM-Tokens']))['$ConnectionKey']"
                    }
                  }
                }
              },
              "runAfter": {
                "EnvironmentSkuFx": [
                  "Succeeded"
                ]
              },
              "metadata": {
                "operationMetadataId": "ccd77c8d-d88e-40c4-958e-a676ed70e350"
              },
              "type": "Foreach"
            }
          },
          "runAfter": {},
          "metadata": {
            "operationMetadataId": "0170b8b4-974d-49b5-a71f-73cbaa007d36"
          },
          "type": "Scope"
        },
        "Set_Environment_Sku_Governance_Settings": {
          "actions": {
            "Environments": {
              "runAfter": {},
              "metadata": {
                "operationMetadataId": "a3364533-230e-4852-a713-82f078aa5704"
              },
              "type": "OpenApiConnection",
              "inputs": {
                "host": {
                  "connectionName": "shared_commondataserviceforapps",
                  "operationId": "ListRecords",
                  "apiId": "/providers/Microsoft.PowerApps/apis/shared_commondataserviceforapps"
                },
                "parameters": {
                  "entityName": "admin_environments",
                  "$select": "admin_environmentid,admin_environmentskufx",
                  "$filter": "admin_environmentskufx ne null"
                },
                "authentication": {
                  "type": "Raw",
                  "value": "@json(decodeBase64(triggerOutputs().headers['X-MS-APIM-Tokens']))['$ConnectionKey']"
                }
              },
              "runtimeConfiguration": {
                "paginationPolicy": {
                  "minimumItemCount": 100000
                }
              }
            },
            "EachEnvironment": {
              "foreach": "@outputs('Environments')?['body/value']",
              "actions": {
                "Update_a_row": {
                  "runAfter": {},
                  "metadata": {
                    "operationMetadataId": "a346fc88-92cc-4a89-9a75-d02179ccc67c"
                  },
                  "type": "OpenApiConnection",
                  "inputs": {
                    "host": {
                      "connectionName": "shared_commondataserviceforapps",
                      "operationId": "UpdateOnlyRecord",
                      "apiId": "/providers/Microsoft.PowerApps/apis/shared_commondataserviceforapps"
                    },
                    "parameters": {
                      "entityName": "admin_environments",
                      "recordId": "@items('EachEnvironment')?['admin_environmentid']",
                      "item/admin_SkuGovernanceSettings@odata.bind": "/admin_environmentskugovernancesettingses(admin_sku='@{items('EachEnvironment')?['admin_environmentskufx']}')"
                    },
                    "authentication": {
                      "type": "Raw",
                      "value": "@json(decodeBase64(triggerOutputs().headers['X-MS-APIM-Tokens']))['$ConnectionKey']"
                    }
                  }
                }
              },
              "runAfter": {
                "Environments": [
                  "Succeeded"
                ]
              },
              "metadata": {
                "operationMetadataId": "4c97863c-3f27-4b24-b248-13c47728b7c3"
              },
              "type": "Foreach",
              "runtimeConfiguration": {
                "concurrency": {
                  "repetitions": 50
                }
              }
            }
          },
          "runAfter": {
            "Ensure_SKU_Governance_Settings": [
              "Succeeded"
            ]
          },
          "metadata": {
            "operationMetadataId": "a0e3ddcf-b63a-4fc9-8c1e-068fd3f15a72"
          },
          "type": "Scope"
        },
        "Respond_to_a_Power_App_or_flow": {
          "runAfter": {
            "Set_Environment_Sku_Governance_Settings": [
              "Succeeded"
            ]
          },
          "metadata": {
            "operationMetadataId": "6fb75419-4dfe-459c-99d1-a1a6668c17fc"
          },
          "type": "Response",
          "kind": "PowerApp",
          "inputs": {
            "statusCode": 200,
            "body": {},
            "schema": {
              "type": "object",
              "properties": {}
            }
          }
        }
      }
    },
    "templateName": ""
  },
  "schemaVersion": "1.0.0.0"
}