{
  "properties": {
    "connectionReferences": {
      "shared_commondataserviceforapps": {
        "runtimeSource": "embedded",
        "connection": {
          "connectionReferenceLogicalName": "admin_CoECoreDataverse2"
        },
        "api": {
          "name": "shared_commondataserviceforapps"
        }
      }
    },
    "definition": {
      "$schema": "https://schema.management.azure.com/providers/Microsoft.Logic/schemas/2016-06-01/workflowdefinition.json#",
      "contentVersion": "1.0.0.0",
      "parameters": {
        "$connections": {
          "defaultValue": {},
          "type": "Object"
        },
        "$authentication": {
          "defaultValue": {},
          "type": "SecureObject"
        }
      },
      "triggers": {
        "manual": {
          "metadata": {
            "operationMetadataId": "b46ef13e-7b14-4dbe-ae23-9903429ed535"
          },
          "type": "Request",
          "kind": "Button",
          "inputs": {
            "schema": {
              "type": "object",
              "properties": {
                "text": {
                  "title": "admin_dlppolicyid",
                  "type": "string",
                  "x-ms-dynamically-added": true,
                  "description": "Please enter your input",
                  "x-ms-content-hint": "TEXT"
                }
              },
              "required": [
                "text"
              ]
            }
          }
        }
      },
      "actions": {
        "endpointConfigurations": {
          "actions": {
            "Endpoint_Configurations": {
              "runAfter": {},
              "metadata": {
                "operationMetadataId": "70d1d306-8cba-4b0e-8931-7a86a78cade2"
              },
              "type": "OpenApiConnection",
              "inputs": {
                "host": {
                  "connectionName": "shared_commondataserviceforapps",
                  "operationId": "ListRecords",
                  "apiId": "/providers/Microsoft.PowerApps/apis/shared_commondataserviceforapps"
                },
                "parameters": {
                  "entityName": "admin_connectorendpointconfigurations",
                  "fetchXml": "<fetch>\n  <entity name=\"admin_connectorendpointconfiguration\">\n    <attribute name=\"admin_connectorendpointconfigurationid\" />\n    <attribute name=\"admin_policy\" />\n    <attribute name=\"admin_finalrulebehavior\" />\n    <attribute name=\"admin_finalruleendpoint\" />\n    <filter>\n      <condition attribute=\"admin_policy\" operator=\"eq\" value=\"@{triggerBody()['text']}\" />\n    </filter>\n    <link-entity name=\"admin_connector\" from=\"admin_connectorid\" to=\"admin_connector\" alias=\"connector\">\n      <attribute name=\"admin_id\" />\n      <filter>\n        <condition attribute=\"admin_authorized\" operator=\"eq\" value=\"1\" />\n      </filter>\n    </link-entity>\n    <filter type=\"or\">\n      <filter>\n        <link-entity name=\"admin_dlppolicy\" from=\"admin_dlppolicyid\" to=\"admin_policy\" link-type=\"any\">\n          <filter>\n            <condition attribute=\"admin_dlppolicyid\" operator=\"eq\" value=\"@{triggerBody()['text']}\" />\n            <condition attribute=\"admin_defaultconnectorsclassification\" operator=\"eq\" value=\"0\" />\n          </filter>\n        </link-entity>\n        <filter type=\"or\">\n          <link-entity name=\"admin_scuba_confidential_policy_conn_join\" from=\"admin_connectorid\" to=\"admin_connector\" link-type=\"any\">\n            <filter>\n              <condition attribute=\"admin_dlppolicyid\" operator=\"eq\" value=\"@{triggerBody()['text']}\" />\n            </filter>\n          </link-entity>\n          <link-entity name=\"admin_scuba_general_policy_connectors_join\" from=\"admin_connectorid\" to=\"admin_connector\" link-type=\"any\">\n            <filter>\n              <condition attribute=\"admin_dlppolicyid\" operator=\"eq\" value=\"@{triggerBody()['text']}\" />\n            </filter>\n          </link-entity>\n        </filter>\n      </filter>\n      <filter>\n        <link-entity name=\"admin_dlppolicy\" from=\"admin_dlppolicyid\" to=\"admin_policy\" link-type=\"any\">\n          <filter>\n            <condition attribute=\"admin_dlppolicyid\" operator=\"eq\" value=\"@{triggerBody()['text']}\" />\n            <condition attribute=\"admin_defaultconnectorsclassification\" operator=\"eq\" value=\"1\" />\n          </filter>\n        </link-entity>\n        <filter type=\"or\">\n          <link-entity name=\"admin_scuba_confidential_policy_conn_join\" from=\"admin_connectorid\" to=\"admin_connector\" link-type=\"any\">\n            <filter>\n              <condition attribute=\"admin_dlppolicyid\" operator=\"eq\" value=\"@{triggerBody()['text']}\" />\n            </filter>\n          </link-entity>\n          <link-entity name=\"admin_scuba_blocked_policy_connectors_join\" from=\"admin_connectorid\" to=\"admin_connector\" link-type=\"not any\">\n            <filter>\n              <condition attribute=\"admin_dlppolicyid\" operator=\"eq\" value=\"@{triggerBody()['text']}\" />\n            </filter>\n          </link-entity>\n        </filter>\n      </filter>\n      <filter>\n        <link-entity name=\"admin_dlppolicy\" from=\"admin_dlppolicyid\" to=\"admin_policy\" link-type=\"any\">\n          <filter>\n            <condition attribute=\"admin_dlppolicyid\" operator=\"eq\" value=\"@{triggerBody()['text']}\" />\n            <condition attribute=\"admin_defaultconnectorsclassification\" operator=\"eq\" value=\"2\" />\n          </filter>\n        </link-entity>\n        <filter type=\"or\">\n          <link-entity name=\"admin_scuba_confidential_policy_conn_join\" from=\"admin_connectorid\" to=\"admin_connector\" link-type=\"any\">\n            <filter>\n              <condition attribute=\"admin_dlppolicyid\" operator=\"eq\" value=\"@{triggerBody()['text']}\" />\n            </filter>\n          </link-entity>\n          <link-entity name=\"admin_scuba_general_policy_connectors_join\" from=\"admin_connectorid\" to=\"admin_connector\" link-type=\"any\">\n            <filter>\n              <condition attribute=\"admin_dlppolicyid\" operator=\"eq\" value=\"@{triggerBody()['text']}\" />\n            </filter>\n          </link-entity>\n        </filter>\n      </filter>\n    </filter>\n  </entity>\n</fetch>"
                },
                "authentication": {
                  "type": "Raw",
                  "value": "@json(decodeBase64(triggerOutputs().headers['X-MS-APIM-Tokens']))['$ConnectionKey']"
                }
              }
            },
            "EndpointConfiguration": {
              "foreach": "@outputs('Endpoint_Configurations')?['body/value']",
              "actions": {
                "Scope": {
                  "actions": {
                    "Endpoint_Config_Rules": {
                      "runAfter": {},
                      "metadata": {
                        "operationMetadataId": "7a35059b-7112-4f35-95d3-50511afc8306"
                      },
                      "type": "OpenApiConnection",
                      "inputs": {
                        "host": {
                          "connectionName": "shared_commondataserviceforapps",
                          "operationId": "ListRecords",
                          "apiId": "/providers/Microsoft.PowerApps/apis/shared_commondataserviceforapps"
                        },
                        "parameters": {
                          "entityName": "admin_endpointconfigurationrules",
                          "$select": "admin_behavior,admin_endpoint,admin_order",
                          "$filter": "_admin_policyconnector_value eq '@{items('EndpointConfiguration')?['admin_connectorendpointconfigurationid']}'",
                          "$orderby": "admin_order"
                        },
                        "authentication": {
                          "type": "Raw",
                          "value": "@json(decodeBase64(triggerOutputs().headers['X-MS-APIM-Tokens']))['$ConnectionKey']"
                        }
                      }
                    },
                    "InitConfigRuleJson": {
                      "runAfter": {
                        "Endpoint_Config_Rules": [
                          "Succeeded"
                        ]
                      },
                      "metadata": {
                        "operationMetadataId": "5149693a-55a8-4693-881f-177acf9f7aaf"
                      },
                      "type": "Select",
                      "inputs": {
                        "from": "@outputs('Endpoint_Config_Rules')?['body/value']",
                        "select": {
                          "behavior": "@if(equals(item()?['admin_behavior'],1),'Allow','Deny')",
                          "endPoint": "@item()?['admin_endpoint']"
                        }
                      }
                    },
                    "SetEndpointConfigRuleOrder": {
                      "runAfter": {
                        "InitConfigRuleJson": [
                          "Succeeded"
                        ]
                      },
                      "metadata": {
                        "operationMetadataId": "e82e47a6-17c3-4cff-9cda-6705f5b0a934"
                      },
                      "type": "Select",
                      "inputs": {
                        "from": "@range(0,length(body('InitConfigRuleJson')))",
                        "select": "@addProperty(body('InitConfigRuleJson')[item()],'order',add(item(),1))"
                      }
                    },
                    "FinalEndpointConfigRule": {
                      "runAfter": {
                        "SetEndpointConfigRuleOrder": [
                          "Succeeded"
                        ]
                      },
                      "metadata": {
                        "operationMetadataId": "69c4c607-1516-40d5-a163-f1b1c98c68ab"
                      },
                      "type": "Compose",
                      "inputs": {
                        "behavior": "@{if(equals(items('EndpointConfiguration')?['admin_finalrulebehavior'],1),'Allow','Deny')}",
                        "endPoint": "@{coalesce(items('EndpointConfiguration')?['admin_finalruleendpoint'],'*')}",
                        "order": "@add(length(body('SetEndpointConfigRuleOrder')),1)"
                      }
                    },
                    "AddFinalEndpointConfigRule": {
                      "runAfter": {
                        "FinalEndpointConfigRule": [
                          "Succeeded"
                        ]
                      },
                      "metadata": {
                        "operationMetadataId": "4e7f0288-999a-4c35-a720-3ce1ef30dc73"
                      },
                      "type": "Compose",
                      "inputs": {
                        "connectorId": "@{items('EndpointConfiguration')?['connector.admin_id']}",
                        "endpointRules": "@union(body('SetEndpointConfigRuleOrder'),createArray(outputs('FinalEndpointConfigRule')))"
                      }
                    },
                    "Append_to_array_variable": {
                      "runAfter": {
                        "AddFinalEndpointConfigRule": [
                          "Succeeded"
                        ]
                      },
                      "metadata": {
                        "operationMetadataId": "7704c9b1-5be1-4f7d-9dac-792d24486079"
                      },
                      "type": "AppendToArrayVariable",
                      "inputs": {
                        "name": "endpointConfigurations",
                        "value": "@outputs('AddFinalEndpointConfigRule')"
                      }
                    }
                  },
                  "runAfter": {},
                  "metadata": {
                    "operationMetadataId": "0971a060-68ca-4492-8b3b-8407f219dfd4"
                  },
                  "type": "Scope"
                }
              },
              "runAfter": {
                "Endpoint_Configurations": [
                  "Succeeded"
                ]
              },
              "metadata": {
                "operationMetadataId": "bdc692d9-1f7c-4d3c-8a7f-a76a26d14291"
              },
              "type": "Foreach"
            }
          },
          "runAfter": {
            "Initialize_connectorActionConfigurations": [
              "Succeeded"
            ]
          },
          "metadata": {
            "operationMetadataId": "d216aa4b-b867-4a95-a435-dfc48f078716"
          },
          "type": "Scope"
        },
        "connectorActionConfigurations": {
          "actions": {
            "GenerateConnectorActionConfiguration": {
              "runAfter": {},
              "metadata": {
                "operationMetadataId": "9adff644-c23f-4e50-b27b-44c2a99b7708"
              },
              "type": "Workflow",
              "inputs": {
                "host": {
                  "workflowReferenceName": "cce63a64-4241-f011-b4cb-000d3a1fdbe4"
                },
                "body": {
                  "text": "@triggerBody()['text']"
                }
              }
            }
          },
          "runAfter": {
            "Initialize_connectorActionConfigurations": [
              "Succeeded"
            ]
          },
          "metadata": {
            "operationMetadataId": "59f1669e-c069-4329-a0d8-446776bda4f1"
          },
          "type": "Scope"
        },
        "Response": {
          "runAfter": {
            "ComposeConnectorConfigurations": [
              "Succeeded"
            ]
          },
          "metadata": {
            "operationMetadataId": "7a55481b-ad50-4d35-8a33-f977e3ca7707"
          },
          "type": "Response",
          "kind": "Http",
          "inputs": {
            "statusCode": 200,
            "body": "@outputs('ComposeConnectorConfigurations')"
          }
        },
        "Initialize_endpointConfigurations": {
          "runAfter": {},
          "metadata": {
            "operationMetadataId": "90bba107-156a-45b6-a122-bc923ae6e7dc"
          },
          "type": "InitializeVariable",
          "inputs": {
            "variables": [
              {
                "name": "endpointConfigurations",
                "type": "array"
              }
            ]
          }
        },
        "Initialize_connectorActionConfigurations": {
          "runAfter": {
            "Initialize_endpointConfigurations": [
              "Succeeded"
            ]
          },
          "metadata": {
            "operationMetadataId": "da8c8b77-5d1d-4a77-b97e-91a656f22075"
          },
          "type": "InitializeVariable",
          "inputs": {
            "variables": [
              {
                "name": "connectorActionConfigurations",
                "type": "array"
              }
            ]
          }
        },
        "ComposeConnectorConfigurations": {
          "runAfter": {
            "connectorActionConfigurations": [
              "Succeeded"
            ],
            "endpointConfigurations": [
              "Succeeded"
            ]
          },
          "metadata": {
            "operationMetadataId": "ad7b3393-fd69-4d74-9ce6-b5a1af01634b"
          },
          "type": "Compose",
          "inputs": {
            "connectorActionConfigurations": "@body('GenerateConnectorActionConfiguration')",
            "endpointConfigurations": "@variables('endpointConfigurations')"
          }
        }
      }
    },
    "templateName": ""
  },
  "schemaVersion": "1.0.0.0"
}