{
  "properties": {
    "connectionReferences": {},
    "definition": {
      "$schema": "https://schema.management.azure.com/providers/Microsoft.Logic/schemas/2016-06-01/workflowdefinition.json#",
      "contentVersion": "1.0.0.0",
      "parameters": {
        "$authentication": {
          "defaultValue": {},
          "type": "SecureObject"
        }
      },
      "triggers": {
        "Recurrence": {
          "recurrence": {
            "frequency": "Week",
            "interval": 1,
            "schedule": {
              "weekDays": [
                "Sunday"
              ],
              "hours": [
                "3"
              ]
            }
          },
          "metadata": {
            "operationMetadataId": "44fbfd29-c243-4214-846f-bc7659a826d5"
          },
          "type": "Recurrence"
        }
      },
      "actions": {
        "Sync_Template_v3_(Connectors)": {
          "actions": {
            "Admin_|_Sync_Template_v3_(Connectors)_vSCuBA": {
              "runAfter": {},
              "metadata": {
                "operationMetadataId": "e6c3406d-6d2b-46fe-9673-ce7cfcf64bb1"
              },
              "type": "Workflow",
              "inputs": {
                "host": {
                  "workflowReferenceName": "21b59d44-903c-f011-b4cc-7c1e520a4e64"
                },
                "retryPolicy": {
                  "type": "none"
                }
              }
            }
          },
          "runAfter": {},
          "metadata": {
            "operationMetadataId": "c3ae7976-bf83-459e-9b0c-da5696acface"
          },
          "type": "Scope"
        },
        "Deep_Sync_Connectors": {
          "actions": {
            "SCuBA_Sync_|_Deep_Sync_Connectors": {
              "runAfter": {},
              "metadata": {
                "operationMetadataId": "bd6fa96d-7bc8-4834-9d9f-cd26e4e90548"
              },
              "type": "Workflow",
              "inputs": {
                "host": {
                  "workflowReferenceName": "83625777-7b3c-f011-b4cc-7c1e5215ea1b"
                },
                "retryPolicy": {
                  "type": "none"
                }
              }
            }
          },
          "runAfter": {
            "Sync_Template_v3_(Connectors)": [
              "Succeeded"
            ]
          },
          "metadata": {
            "operationMetadataId": "39ec5eae-1da2-4d0a-87a4-862790a8ab54"
          },
          "type": "Scope"
        },
        "PowerApp_Connector_Actions": {
          "actions": {
            "SCuBA_Sync_|_PowerApp_Connector_Actions": {
              "runAfter": {},
              "metadata": {
                "operationMetadataId": "451b3073-3fff-49ae-8bcd-a713d2b7e434"
              },
              "type": "Workflow",
              "inputs": {
                "host": {
                  "workflowReferenceName": "113ec173-f03c-f011-b4cb-000d3a1fdbe4"
                },
                "retryPolicy": {
                  "type": "none"
                }
              }
            }
          },
          "runAfter": {
            "Deep_Sync_Connectors": [
              "Succeeded"
            ]
          },
          "metadata": {
            "operationMetadataId": "f74812d8-083f-422f-9f86-138955148988"
          },
          "type": "Scope"
        },
        "Stack_Owners_and_Publishers": {
          "actions": {
            "SCuBA_Sync_|_Stack_Owners_and_Publishers": {
              "runAfter": {},
              "metadata": {
                "operationMetadataId": "fd7fcf5d-6cee-4a09-a088-c94aed7250db"
              },
              "type": "Workflow",
              "inputs": {
                "host": {
                  "workflowReferenceName": "6d850239-f43e-f011-b4cb-000d3a1fdbe4"
                },
                "retryPolicy": {
                  "type": "none"
                }
              }
            }
          },
          "runAfter": {
            "Deep_Sync_Connectors": [
              "Succeeded"
            ]
          },
          "metadata": {
            "operationMetadataId": "9f17897d-300d-411c-b9bc-a5374ad26cbb"
          },
          "type": "Scope"
        },
        "SCuBA_Sync_|_Connector_Enablement_Configuration": {
          "runAfter": {
            "Sync_Template_v3_(Connectors)": [
              "Succeeded"
            ]
          },
          "metadata": {
            "operationMetadataId": "1524a3d7-5991-44cd-ad8c-767fa48e2d5b"
          },
          "type": "Workflow",
          "inputs": {
            "host": {
              "workflowReferenceName": "2ae71618-9359-f011-bec2-001dd80c4b6f"
            },
            "retryPolicy": {
              "type": "none"
            }
          }
        }
      }
    },
    "templateName": ""
  },
  "schemaVersion": "1.0.0.0"
}