{
  "properties": {
    "connectionReferences": {
      "shared_commondataserviceforapps": {
        "runtimeSource": "embedded",
        "connection": {
          "connectionReferenceLogicalName": "temp_sharedcommondataserviceforapps_b57ad"
        },
        "api": {
          "name": "shared_commondataserviceforapps"
        }
      }
    },
    "definition": {
      "$schema": "https://schema.management.azure.com/providers/Microsoft.Logic/schemas/2016-06-01/workflowdefinition.json#",
      "contentVersion": "1.0.0.0",
      "parameters": {
        "$connections": {
          "defaultValue": {},
          "type": "Object"
        },
        "$authentication": {
          "defaultValue": {},
          "type": "SecureObject"
        }
      },
      "triggers": {
        "manual": {
          "metadata": {
            "operationMetadataId": "5cf6980f-91e7-4573-8bdf-0ec8dc1a1129"
          },
          "type": "Request",
          "kind": "PowerAppV2",
          "inputs": {
            "schema": {
              "type": "object",
              "properties": {},
              "required": []
            }
          }
        }
      },
      "actions": {
        "Upsert_a_row": {
          "runAfter": {
            "DO_NOT_CHANGE": [
              "Succeeded"
            ]
          },
          "metadata": {
            "operationMetadataId": "78b8060f-0cba-42db-ac86-c5fdac4f4434"
          },
          "type": "OpenApiConnection",
          "inputs": {
            "host": {
              "connectionName": "shared_commondataserviceforapps",
              "operationId": "UpdateRecord",
              "apiId": "/providers/Microsoft.PowerApps/apis/shared_commondataserviceforapps"
            },
            "parameters": {
              "entityName": "admin_scubaconfigurations",
              "recordId": "@variables('TenantSCuBAConfigBaselineId')",
              "item/admin_name": "Tenant SCuBA Configuration Baseline"
            },
            "authentication": "@parameters('$authentication')"
          }
        },
        "DO_NOT_CHANGE": {
          "runAfter": {},
          "metadata": {
            "operationMetadataId": "dca23dcc-2eee-4d14-9e5c-4294a8d72ddd"
          },
          "type": "InitializeVariable",
          "inputs": {
            "variables": [
              {
                "name": "TenantSCuBAConfigBaselineId",
                "type": "string",
                "value": "7a0e51d6-604b-f011-8779-000d3a1fdbe4"
              }
            ]
          }
        },
        "UpsertEnvironmentVariable_admin_SCuBATenantConfigurationBaselineId": {
          "runAfter": {
            "Upsert_a_row": [
              "Succeeded"
            ]
          },
          "metadata": {
            "operationMetadataId": "31297aab-4b43-4e5b-8b40-ce15bdbdce95"
          },
          "type": "OpenApiConnection",
          "inputs": {
            "host": {
              "connectionName": "shared_commondataserviceforapps",
              "operationId": "PerformUnboundAction",
              "apiId": "/providers/Microsoft.PowerApps/apis/shared_commondataserviceforapps"
            },
            "parameters": {
              "actionName": "UpsertEnvironmentVariable",
              "item/SchemaName": "admin_SCuBATenantConfigurationBaselineId",
              "item/Type": 100000000,
              "item/Value": "@variables('TenantSCuBAConfigBaselineId')"
            },
            "authentication": "@parameters('$authentication')"
          }
        },
        "Respond_to_a_Power_App_or_flow": {
          "runAfter": {
            "UpsertEnvironmentVariable_admin_SCuBATenantConfigurationBaselineId": [
              "Succeeded"
            ]
          },
          "metadata": {
            "operationMetadataId": "b5fd2849-881b-4500-9133-e7d7527a8e45"
          },
          "type": "Response",
          "kind": "PowerApp",
          "inputs": {
            "statusCode": 200,
            "body": {},
            "schema": {
              "type": "object",
              "properties": {}
            }
          }
        }
      }
    },
    "templateName": null
  },
  "schemaVersion": "1.0.0.0"
}