{
  "properties": {
    "connectionReferences": {
      "shared_commondataserviceforapps": {
        "runtimeSource": "embedded",
        "connection": {
          "connectionReferenceLogicalName": "admin_CoECoreDataverse2"
        },
        "api": {
          "name": "shared_commondataserviceforapps"
        }
      }
    },
    "definition": {
      "$schema": "https://schema.management.azure.com/providers/Microsoft.Logic/schemas/2016-06-01/workflowdefinition.json#",
      "contentVersion": "1.0.0.0",
      "parameters": {
        "$connections": {
          "defaultValue": {},
          "type": "Object"
        },
        "$authentication": {
          "defaultValue": {},
          "type": "SecureObject"
        }
      },
      "triggers": {
        "manual": {
          "metadata": {
            "operationMetadataId": "290058c2-7472-40fa-9e6f-bbdc15bb5c9a"
          },
          "type": "Request",
          "kind": "Button",
          "inputs": {
            "schema": {
              "type": "object",
              "properties": {
                "text": {
                  "title": "admin_dlppolicyid",
                  "type": "string",
                  "x-ms-dynamically-added": true,
                  "description": "Please enter your input",
                  "x-ms-content-hint": "TEXT"
                }
              },
              "required": [
                "text"
              ]
            }
          }
        }
      },
      "actions": {
        "Generate_Confidential_JSON": {
          "runAfter": {
            "Generate_Zeroday_FetchXml": [
              "Succeeded"
            ]
          },
          "metadata": {
            "operationMetadataId": "82a306a4-ad46-407b-aa02-0950052976b9"
          },
          "type": "Workflow",
          "inputs": {
            "host": {
              "workflowReferenceName": "8d266cd8-9e40-f011-b4cb-7c1e5215ea1b"
            },
            "body": {
              "text": "Confidential",
              "text_1": "@variables('ConfidentialConnectorFetchXml')"
            },
            "retryPolicy": {
              "type": "none"
            }
          }
        },
        "Generate_General_JSON": {
          "runAfter": {
            "Generate_Zeroday_FetchXml": [
              "Succeeded"
            ]
          },
          "metadata": {
            "operationMetadataId": "ef92f2d8-3848-4e4f-899b-6f595b59d0b4"
          },
          "type": "Workflow",
          "inputs": {
            "host": {
              "workflowReferenceName": "8d266cd8-9e40-f011-b4cb-7c1e5215ea1b"
            },
            "body": {
              "text": "General",
              "text_1": "@variables('GeneralConnectorFetchXml')"
            },
            "retryPolicy": {
              "type": "none"
            }
          }
        },
        "Generate_Blocked_JSON": {
          "runAfter": {
            "Generate_Zeroday_FetchXml": [
              "Succeeded"
            ]
          },
          "metadata": {
            "operationMetadataId": "bd4311b4-0fa4-4bff-9055-7f0bde1da3ae"
          },
          "type": "Workflow",
          "inputs": {
            "host": {
              "workflowReferenceName": "8d266cd8-9e40-f011-b4cb-7c1e5215ea1b"
            },
            "body": {
              "text": "Blocked",
              "text_1": "@variables('BlockedConnectorFetchXml')"
            },
            "retryPolicy": {
              "type": "none"
            }
          }
        },
        "Compose": {
          "runAfter": {
            "Generate_Confidential_JSON": [
              "Succeeded"
            ],
            "Generate_General_JSON": [
              "Succeeded"
            ],
            "Generate_Blocked_JSON": [
              "Succeeded"
            ]
          },
          "metadata": {
            "operationMetadataId": "60ab05bf-6113-4baf-92ae-56b5d07f47b0"
          },
          "type": "Compose",
          "inputs": [
            "@body('Generate_Confidential_JSON')",
            "@body('Generate_General_JSON')",
            "@body('Generate_Blocked_JSON')"
          ]
        },
        "Response": {
          "runAfter": {
            "Compose": [
              "Succeeded"
            ]
          },
          "metadata": {
            "operationMetadataId": "61ac5fb3-f6b2-469d-b9fb-b45037822895"
          },
          "type": "Response",
          "kind": "Http",
          "inputs": {
            "statusCode": 200,
            "body": "@outputs('Compose')"
          }
        },
        "Initialize_EnvironmentsList": {
          "runAfter": {},
          "metadata": {
            "operationMetadataId": "e152f93b-9a76-4510-9e42-3133c1c59662"
          },
          "type": "InitializeVariable",
          "inputs": {
            "variables": [
              {
                "name": "EnvironmentsList",
                "type": "array"
              }
            ]
          }
        },
        "Initialize_ConnectorList": {
          "runAfter": {
            "Initialize_EnvironmentsList": [
              "Succeeded"
            ]
          },
          "metadata": {
            "operationMetadataId": "a10371e5-762f-462a-875b-a933755d8a62"
          },
          "type": "InitializeVariable",
          "inputs": {
            "variables": [
              {
                "name": "ConnectorList",
                "type": "array"
              }
            ]
          }
        },
        "Initialize_variable": {
          "runAfter": {
            "Default_Connectors_Classification": [
              "Succeeded"
            ]
          },
          "metadata": {
            "operationMetadataId": "96591535-d98d-4775-8a3e-153c4f7129c1"
          },
          "type": "InitializeVariable",
          "inputs": {
            "variables": [
              {
                "name": "DuplicateConnectors",
                "type": "array"
              }
            ]
          }
        },
        "Generate_Zeroday_FetchXml": {
          "actions": {
            "Switch_2": {
              "runAfter": {},
              "cases": {
                "Include_certain_environments": {
                  "case": 597910001,
                  "actions": {
                    "Switch": {
                      "runAfter": {},
                      "cases": {
                        "Baseline_-_By_Environment_SKU": {
                          "case": 100,
                          "actions": {
                            "BySkufilter": {
                              "runAfter": {},
                              "metadata": {
                                "operationMetadataId": "312bff57-1f8e-49a3-8ab5-70aa5b0cc10d"
                              },
                              "type": "SetVariable",
                              "inputs": {
                                "name": "ZeroDayEnvironmentFilter",
                                "value": "<filter>\n          <link-entity name=\"admin_dlppolicy\" from=\"admin_environmentsku\" to=\"admin_skugovernancesettings\" link-type=\"any\">\n            <filter>\n              <condition attribute=\"admin_dlppolicyid\" operator=\"eq\" value=\"@{triggerBody()['text']}\" />\n            </filter>\n          </link-entity>\n</filter>"
                              }
                            }
                          }
                        },
                        "Baseline_-_By_Environment_Purpose": {
                          "case": 101,
                          "actions": {
                            "ByEnvPurpose": {
                              "runAfter": {},
                              "metadata": {
                                "operationMetadataId": "4a5b1dc6-f041-40ad-94b0-1534a18a96c6"
                              },
                              "type": "SetVariable",
                              "inputs": {
                                "name": "ZeroDayEnvironmentFilter",
                                "value": "        <filter>\n          <link-entity name=\"admin_dlppolicy\" from=\"admin_environmentpurposecategory\" to=\"admin_purposecategory\" link-type=\"any\">\n            <filter>\n              <condition attribute=\"admin_dlppolicyid\" operator=\"eq\" value=\"@{triggerBody()['text']}\" />\n            </filter>\n          </link-entity>\n        </filter>"
                              }
                            }
                          }
                        },
                        "Dedicated_-_Single_Environment": {
                          "case": 200,
                          "actions": {
                            "BySingleEnvironment": {
                              "runAfter": {},
                              "metadata": {
                                "operationMetadataId": "eadefd75-7c21-403e-ae3c-05b7f3e290ec"
                              },
                              "type": "SetVariable",
                              "inputs": {
                                "name": "ZeroDayEnvironmentFilter",
                                "value": "    <filter>\n      <link-entity name=\"admin_dlppolicy\" from=\"admin_dedicatedenvironment\" to=\"admin_environmentid\" link-type=\"any\">\n        <filter>\n          <condition attribute=\"admin_dlppolicyid\" operator=\"eq\" value=\"@{triggerBody()['text']}\" />\n        </filter>\n      </link-entity>\n    </filter>"
                              }
                            }
                          }
                        },
                        "Dedicated_-_Default_Environment": {
                          "case": 203,
                          "actions": {
                            "SetDefaultEnvironment": {
                              "runAfter": {},
                              "metadata": {
                                "operationMetadataId": "5163ef54-3e59-4b0f-bd23-7d2091042a69"
                              },
                              "type": "SetVariable",
                              "inputs": {
                                "name": "ZeroDayEnvironmentFilter",
                                "value": "    <filter>\n      <condition attribute=\"admin_environmentsku\" operator=\"eq\" value=\"Default\" />\n    </filter>"
                              }
                            }
                          }
                        },
                        "Dedicated_-_Community_of_Practice_-_Environment_Sku": {
                          "case": 201,
                          "actions": {
                            "ByCoPEnvSku": {
                              "runAfter": {},
                              "metadata": {
                                "operationMetadataId": "ac782b24-8279-44ee-a935-8cd96d267914"
                              },
                              "type": "SetVariable",
                              "inputs": {
                                "name": "ZeroDayEnvironmentFilter",
                                "value": "    <filter>\n      <link-entity name=\"admin_communityofpractice\" from=\"admin_communityofpracticeid\" to=\"admin_communityofpractice\" link-type=\"any\">\n        <filter>\n          <link-entity name=\"admin_dlppolicy\" from=\"admin_communityofpractice\" to=\"admin_communityofpracticeid\" link-type=\"any\">\n            <filter>\n              <condition attribute=\"admin_dlppolicyid\" operator=\"eq\" value=\"@{triggerBody()['text']}\" />\n            </filter>\n          </link-entity>\n        </filter>\n      </link-entity>\n      <link-entity name=\"admin_environmentskugovernancesettings\" from=\"admin_environmentskugovernancesettingsid\" to=\"admin_skugovernancesettings\" link-type=\"any\">\n        <filter>\n          <link-entity name=\"admin_dlppolicy\" from=\"admin_environmentsku\" to=\"admin_environmentskugovernancesettingsid\" link-type=\"any\">\n            <filter>\n              <condition attribute=\"admin_dlppolicyid\" operator=\"eq\" value=\"@{triggerBody()['text']}\" />\n            </filter>\n          </link-entity>\n        </filter>\n      </link-entity>\n    </filter>\n"
                              }
                            }
                          }
                        },
                        "Dedicated_-_Community_of_Practice_-_Environment_Purpose": {
                          "case": 202,
                          "actions": {
                            "ByCopEnvPurpose": {
                              "runAfter": {},
                              "metadata": {
                                "operationMetadataId": "cc4e9b13-3bee-45b2-bc1a-423e2ab79e56"
                              },
                              "type": "SetVariable",
                              "inputs": {
                                "name": "ZeroDayEnvironmentFilter",
                                "value": "    <filter>\n      <link-entity name=\"admin_communityofpractice\" from=\"admin_communityofpracticeid\" to=\"admin_communityofpractice\" link-type=\"any\">\n        <filter>\n          <link-entity name=\"admin_dlppolicy\" from=\"admin_communityofpractice\" to=\"admin_communityofpracticeid\" link-type=\"any\">\n            <filter>\n              <condition attribute=\"admin_dlppolicyid\" operator=\"eq\" value=\"@{triggerBody()['text']}\" />\n            </filter>\n          </link-entity>\n        </filter>\n      </link-entity>\n      <link-entity name=\"admin_environmentpurposecategory\" from=\"admin_environmentpurposecategoryid\" to=\"admin_purposecategory\" link-type=\"any\">\n        <filter>\n          <link-entity name=\"admin_dlppolicy\" from=\"admin_environmentpurposecategory\" to=\"admin_environmentpurposecategoryid\" link-type=\"any\">\n            <filter>\n              <condition attribute=\"admin_dlppolicyid\" operator=\"eq\" value=\"@{triggerBody()['text']}\" />\n            </filter>\n          </link-entity>\n        </filter>\n      </link-entity>\n    </filter>"
                              }
                            }
                          }
                        },
                        "Custom_(using_FetchXml)": {
                          "case": 900,
                          "actions": {
                            "SetCusomXml": {
                              "runAfter": {},
                              "metadata": {
                                "operationMetadataId": "39d1b74a-8733-49ff-b41b-293f989eb3a5"
                              },
                              "type": "SetVariable",
                              "inputs": {
                                "name": "ZeroDayEnvironmentFilter",
                                "value": "@outputs('Default_Connectors_Classification')?['body/admin_environmentfetchxml']"
                              }
                            }
                          }
                        }
                      },
                      "default": {
                        "actions": {
                          "Set_variable": {
                            "runAfter": {},
                            "metadata": {
                              "operationMetadataId": "55a7af38-ef20-4fc5-afa1-b7c087657b27"
                            },
                            "type": "SetVariable",
                            "inputs": {
                              "name": "ZeroDayEnvironmentFilter",
                              "value": "                <filter>\n                  <link-entity name=\"admin_scuba_policy_environments_join\" from=\"admin_environmentid\" to=\"admin_environmentid\" link-type=\"any\" intersect=\"true\">\n                    <filter>\n                      <condition attribute=\"admin_dlppolicyid\" operator=\"eq\" value=\"@{triggerBody()['text']}\" />\n                    </filter>\n                  </link-entity>\n                </filter>\n"
                            }
                          }
                        }
                      },
                      "expression": "@outputs('Default_Connectors_Classification')?['body/admin_assignmentrule']",
                      "metadata": {
                        "operationMetadataId": "db19e253-4182-4084-b4fe-c538ee327dbe"
                      },
                      "type": "Switch"
                    },
                    "ConfidentialByEnvFilter": {
                      "runAfter": {
                        "Switch": [
                          "Succeeded"
                        ]
                      },
                      "metadata": {
                        "operationMetadataId": "f42c4df3-54e1-40c4-82e8-be664e583ff5"
                      },
                      "type": "SetVariable",
                      "inputs": {
                        "name": "ConfidentialConnectorFetchXml",
                        "value": "@{replace(variables('include-zeroday-confidential-fetchxml-template'),'{0}',variables('ZeroDayEnvironmentFilter'))}"
                      }
                    },
                    "GeneralByEnvFilter": {
                      "runAfter": {
                        "ConfidentialByEnvFilter": [
                          "Succeeded"
                        ]
                      },
                      "metadata": {
                        "operationMetadataId": "80bd5b1f-02d7-44a6-b367-5bdcb1d70028"
                      },
                      "type": "SetVariable",
                      "inputs": {
                        "name": "GeneralConnectorFetchXml",
                        "value": "@{replace(variables('include-zeroday-general-fetchxml-template'),'{0}',variables('ZeroDayEnvironmentFilter'))}"
                      }
                    },
                    "BlockedByByEnvFilter": {
                      "runAfter": {
                        "GeneralByEnvFilter": [
                          "Succeeded"
                        ]
                      },
                      "metadata": {
                        "operationMetadataId": "d3184a95-5e5c-4e2d-8435-ed0964e1ac6b"
                      },
                      "type": "SetVariable",
                      "inputs": {
                        "name": "BlockedConnectorFetchXml",
                        "value": "@{replace(variables('include-zeroday-blocked-fetchxml-template'),'{0}',variables('ZeroDayEnvironmentFilter'))}"
                      }
                    }
                  }
                },
                "All_environments": {
                  "case": 597910000,
                  "actions": {
                    "all-env-day-zero-confidential-fetchxml": {
                      "runAfter": {},
                      "metadata": {
                        "operationMetadataId": "5ba4a822-2531-4656-ad96-600102a90b71"
                      },
                      "type": "SetVariable",
                      "inputs": {
                        "name": "ConfidentialConnectorFetchXml",
                        "value": "<fetch>\n  <entity name=\"admin_connector\">\n    <attribute name=\"admin_displayname\" />\n    <attribute name=\"admin_id\" />\n    <attribute name=\"admin_connectorid\" />\n    <filter type=\"and\">\n      <link-entity name=\"admin_connectionreference\" from=\"admin_connector\" to=\"admin_connectorid\" link-type=\"any\">\n        <filter type=\"or\">\n          <link-entity name=\"admin_app\" from=\"admin_appid\" to=\"admin_app\" link-type=\"any\">\n            <filter>\n              <link-entity name=\"admin_environment\" from=\"admin_environmentid\" to=\"admin_appenvironment\" link-type=\"any\">\n                <filter />\n              </link-entity>\n            </filter>\n          </link-entity>\n          <link-entity name=\"admin_flow\" from=\"admin_flowid\" to=\"admin_flow\" link-type=\"any\">\n            <filter>\n              <link-entity name=\"admin_environment\" from=\"admin_environmentid\" to=\"admin_flowenvironment\" link-type=\"any\">\n                <filter />\n              </link-entity>\n            </filter>\n          </link-entity>\n        </filter>\n      </link-entity>\n    </filter>\n  </entity>\n</fetch>"
                      }
                    },
                    "all-env-day-zero-general-fetchxml": {
                      "runAfter": {
                        "all-env-day-zero-confidential-fetchxml": [
                          "Succeeded"
                        ]
                      },
                      "metadata": {
                        "operationMetadataId": "891af7a5-caa1-4670-ad73-7a90740e3886"
                      },
                      "type": "SetVariable",
                      "inputs": {
                        "name": "GeneralConnectorFetchXml",
                        "value": "<fetch>\n  <entity name=\"admin_connector\">\n    <attribute name=\"admin_displayname\" />\n    <attribute name=\"admin_id\" />\n    <attribute name=\"admin_connectorid\" />\n    <filter>\n      <condition attribute=\"admin_isblockable\" operator=\"eq\" value=\"0\" />\n    </filter>\n    <filter type=\"and\">\n      <link-entity name=\"admin_connectionreference\" from=\"admin_connector\" to=\"admin_connectorid\" link-type=\"not any\">\n        <filter type=\"or\">\n          <link-entity name=\"admin_app\" from=\"admin_appid\" to=\"admin_app\" link-type=\"any\">\n            <filter>\n              <link-entity name=\"admin_environment\" from=\"admin_environmentid\" to=\"admin_appenvironment\" link-type=\"any\">\n                <filter>\n                  <condition attribute=\"admin_environmentname\" operator=\"in\">\n                    {0}\n                  </condition>\n                </filter>\n              </link-entity>\n            </filter>\n          </link-entity>\n          <link-entity name=\"admin_flow\" from=\"admin_flowid\" to=\"admin_flow\" link-type=\"any\">\n            <filter>\n              <link-entity name=\"admin_environment\" from=\"admin_environmentid\" to=\"admin_flowenvironment\" link-type=\"any\">\n                <filter>\n                  <condition attribute=\"admin_environmentname\" operator=\"in\">\n                    {0}\n                  </condition>\n                </filter>\n              </link-entity>\n            </filter>\n          </link-entity>\n        </filter>\n      </link-entity>\n    </filter>\n  </entity>\n</fetch>"
                      }
                    },
                    "all-env-day-zero-blocked-fetchxml": {
                      "runAfter": {
                        "all-env-day-zero-general-fetchxml": [
                          "Succeeded"
                        ]
                      },
                      "metadata": {
                        "operationMetadataId": "bda327ad-6627-4ae2-9129-7544e9f14a0f"
                      },
                      "type": "SetVariable",
                      "inputs": {
                        "name": "BlockedConnectorFetchXml",
                        "value": "<fetch>\n  <entity name=\"admin_connector\">\n    <attribute name=\"admin_displayname\" />\n    <attribute name=\"admin_id\" />\n    <attribute name=\"admin_connectorid\" />\n    <filter>\n      <condition attribute=\"admin_isblockable\" operator=\"eq\" value=\"1\" />\n    </filter>\n    <filter type=\"and\">\n      <link-entity name=\"admin_connectionreference\" from=\"admin_connector\" to=\"admin_connectorid\" link-type=\"not any\">\n        <filter type=\"and\">\n          <link-entity name=\"admin_app\" from=\"admin_appid\" to=\"admin_app\" link-type=\"any\">\n            <filter>\n              <link-entity name=\"admin_environment\" from=\"admin_environmentid\" to=\"admin_appenvironment\" link-type=\"not any\">\n                <filter />\n              </link-entity>\n            </filter>\n          </link-entity>\n          <link-entity name=\"admin_flow\" from=\"admin_flowid\" to=\"admin_flow\" link-type=\"any\">\n            <filter>\n              <link-entity name=\"admin_environment\" from=\"admin_environmentid\" to=\"admin_flowenvironment\" link-type=\"not any\">\n                <filter />\n              </link-entity>\n            </filter>\n          </link-entity>\n        </filter>\n      </link-entity>\n    </filter>\n  </entity>\n</fetch>"
                      }
                    }
                  }
                },
                "Exclude_certain_environments": {
                  "case": 597910002,
                  "actions": {
                    "exclude-day-zero-confidential-fetchxml": {
                      "runAfter": {},
                      "metadata": {
                        "operationMetadataId": "875ce4f5-f159-4708-af29-4628e8e334c7"
                      },
                      "type": "SetVariable",
                      "inputs": {
                        "name": "ConfidentialConnectorFetchXml",
                        "value": "<fetch>\n  <entity name=\"admin_connector\">\n    <attribute name=\"admin_displayname\" />\n    <attribute name=\"admin_id\" />\n    <attribute name=\"admin_connectorid\" />\n    <filter type=\"and\">\n      <link-entity name=\"admin_connectionreference\" from=\"admin_connector\" to=\"admin_connectorid\" link-type=\"any\">\n        <filter type=\"and\">\n          <link-entity name=\"admin_app\" from=\"admin_appid\" to=\"admin_app\" link-type=\"not any\">\n            <filter>\n              <link-entity name=\"admin_environment\" from=\"admin_environmentid\" to=\"admin_appenvironment\" link-type=\"any\">\n                <filter>\n                  <link-entity name=\"admin_scuba_policy_environments_join\" from=\"admin_environmentid\" to=\"admin_environmentid\" link-type=\"any\" intersect=\"true\">\n                    <filter>\n                      <condition attribute=\"admin_dlppolicyid\" operator=\"eq\" value=\"@{triggerBody()['text']}\" />\n                    </filter>\n                  </link-entity>\n                </filter>\n              </link-entity>\n            </filter>\n          </link-entity>\n          <link-entity name=\"admin_flow\" from=\"admin_flowid\" to=\"admin_flow\" link-type=\"not any\">\n            <filter>\n              <link-entity name=\"admin_environment\" from=\"admin_environmentid\" to=\"admin_flowenvironment\" link-type=\"any\">\n                <filter>\n                  <link-entity name=\"admin_scuba_policy_environments_join\" from=\"admin_environmentid\" to=\"admin_environmentid\" link-type=\"any\" intersect=\"true\">\n                    <filter>\n                      <condition attribute=\"admin_dlppolicyid\" operator=\"eq\" value=\"@{triggerBody()['text']}\" />\n                    </filter>\n                  </link-entity>\n                </filter>\n              </link-entity>\n            </filter>\n          </link-entity>\n        </filter>\n      </link-entity>\n    </filter>\n  </entity>\n</fetch>"
                      }
                    },
                    "exclude-day-zero-general-fetchxml": {
                      "runAfter": {
                        "exclude-day-zero-confidential-fetchxml": [
                          "Succeeded"
                        ]
                      },
                      "metadata": {
                        "operationMetadataId": "de0d2bbb-85f6-4e9c-9e82-f4d34a440bfa"
                      },
                      "type": "SetVariable",
                      "inputs": {
                        "name": "GeneralConnectorFetchXml",
                        "value": "<fetch>\n  <entity name=\"admin_connector\">\n    <attribute name=\"admin_displayname\" />\n    <attribute name=\"admin_id\" />\n    <attribute name=\"admin_connectorid\" />\n    <filter>\n      <condition attribute=\"admin_isblockable\" operator=\"eq\" value=\"0\" />\n    </filter>\n    <filter type=\"and\">\n      <link-entity name=\"admin_connectionreference\" from=\"admin_connector\" to=\"admin_connectorid\" link-type=\"not any\">\n        <filter type=\"and\">\n          <link-entity name=\"admin_app\" from=\"admin_appid\" to=\"admin_app\" link-type=\"not any\">\n            <filter>\n              <link-entity name=\"admin_environment\" from=\"admin_environmentid\" to=\"admin_appenvironment\" link-type=\"any\">\n                <filter>\n                  <link-entity name=\"admin_scuba_policy_environments_join\" from=\"admin_environmentid\" to=\"admin_environmentid\" link-type=\"any\" intersect=\"true\">\n                    <filter>\n                      <condition attribute=\"admin_dlppolicyid\" operator=\"eq\" value=\"@{triggerBody()['text']}\" />\n                    </filter>\n                  </link-entity>\n                </filter>\n              </link-entity>\n            </filter>\n          </link-entity>\n          <link-entity name=\"admin_flow\" from=\"admin_flowid\" to=\"admin_flow\" link-type=\"not any\">\n            <filter>\n              <link-entity name=\"admin_environment\" from=\"admin_environmentid\" to=\"admin_flowenvironment\" link-type=\"any\">\n                <filter>\n                  <link-entity name=\"admin_scuba_policy_environments_join\" from=\"admin_environmentid\" to=\"admin_environmentid\" link-type=\"any\" intersect=\"true\">\n                    <filter>\n                      <condition attribute=\"admin_dlppolicyid\" operator=\"eq\" value=\"@{triggerBody()['text']}\" />\n                    </filter>\n                  </link-entity>\n                </filter>\n              </link-entity>\n            </filter>\n          </link-entity>\n        </filter>\n      </link-entity>\n    </filter>\n  </entity>\n</fetch>"
                      }
                    },
                    "exclude-day-zero-blocked-fetchxml": {
                      "runAfter": {
                        "exclude-day-zero-general-fetchxml": [
                          "Succeeded"
                        ]
                      },
                      "metadata": {
                        "operationMetadataId": "6f5bcd3a-9e79-4fe5-920d-f9673f34105a"
                      },
                      "type": "SetVariable",
                      "inputs": {
                        "name": "BlockedConnectorFetchXml",
                        "value": "<fetch>\n  <entity name=\"admin_connector\">\n    <attribute name=\"admin_displayname\" />\n    <attribute name=\"admin_id\" />\n    <attribute name=\"admin_connectorid\" />\n    <filter>\n      <condition attribute=\"admin_isblockable\" operator=\"eq\" value=\"1\" />\n    </filter>\n    <filter type=\"and\">\n      <link-entity name=\"admin_connectionreference\" from=\"admin_connector\" to=\"admin_connectorid\" link-type=\"not any\">\n        <filter type=\"and\">\n          <link-entity name=\"admin_app\" from=\"admin_appid\" to=\"admin_app\" link-type=\"not any\">\n            <filter>\n              <link-entity name=\"admin_environment\" from=\"admin_environmentid\" to=\"admin_appenvironment\" link-type=\"any\">\n                <filter>\n                  <link-entity name=\"admin_scuba_policy_environments_join\" from=\"admin_environmentid\" to=\"admin_environmentid\" link-type=\"any\" intersect=\"true\">\n                    <filter>\n                      <condition attribute=\"admin_dlppolicyid\" operator=\"eq\" value=\"9f02d4b3-c53f-f011-b4cb-7c1e5215ea1b\" />\n                    </filter>\n                  </link-entity>\n                </filter>\n              </link-entity>\n            </filter>\n          </link-entity>\n          <link-entity name=\"admin_flow\" from=\"admin_flowid\" to=\"admin_flow\" link-type=\"not any\">\n            <filter>\n              <link-entity name=\"admin_environment\" from=\"admin_environmentid\" to=\"admin_flowenvironment\" link-type=\"any\">\n                <filter>\n                  <link-entity name=\"admin_scuba_policy_environments_join\" from=\"admin_environmentid\" to=\"admin_environmentid\" link-type=\"any\" intersect=\"true\">\n                    <filter>\n                      <condition attribute=\"admin_dlppolicyid\" operator=\"eq\" value=\"9f02d4b3-c53f-f011-b4cb-7c1e5215ea1b\" />\n                    </filter>\n                  </link-entity>\n                </filter>\n              </link-entity>\n            </filter>\n          </link-entity>\n        </filter>\n      </link-entity>\n    </filter>\n  </entity>\n</fetch>"
                      }
                    }
                  }
                }
              },
              "default": {
                "actions": {}
              },
              "expression": "@outputs('Default_Connectors_Classification')?['body/admin_scope']",
              "metadata": {
                "operationMetadataId": "f566b543-e584-455e-b57f-0f010775dbf2"
              },
              "type": "Switch"
            }
          },
          "runAfter": {
            "Set_Environment_FetchXml_by_rule": [
              "Succeeded"
            ]
          },
          "metadata": {
            "operationMetadataId": "586e8de0-6169-46f1-a8a3-4f6e51a81e61"
          },
          "type": "Scope"
        },
        "Default_Connectors_Classification": {
          "runAfter": {
            "Initialize_ConnectorList": [
              "Succeeded"
            ]
          },
          "metadata": {
            "operationMetadataId": "dffc7bef-941b-42e1-9475-09ab38a49972"
          },
          "type": "OpenApiConnection",
          "inputs": {
            "host": {
              "connectionName": "shared_commondataserviceforapps",
              "operationId": "GetItem",
              "apiId": "/providers/Microsoft.PowerApps/apis/shared_commondataserviceforapps"
            },
            "parameters": {
              "entityName": "admin_dlppolicies",
              "recordId": "@triggerBody()['text']",
              "$select": "admin_dlppolicyid,admin_defaultconnectorsclassification,admin_dayzeropolicy,admin_scope,admin_environmentfetchxml,admin_assignmentrule"
            },
            "authentication": {
              "type": "Raw",
              "value": "@json(decodeBase64(triggerOutputs().headers['X-MS-APIM-Tokens']))['$ConnectionKey']"
            }
          }
        },
        "Init_ConfidentialConnectorFetchXml": {
          "runAfter": {
            "Initialize_variable": [
              "Succeeded"
            ]
          },
          "metadata": {
            "operationMetadataId": "6c45b970-0f54-4751-8c83-49bd84603377"
          },
          "type": "InitializeVariable",
          "inputs": {
            "variables": [
              {
                "name": "ConfidentialConnectorFetchXml",
                "type": "string"
              }
            ]
          }
        },
        "Init_GeneralConnectorFetchXml": {
          "runAfter": {
            "Init_ConfidentialConnectorFetchXml": [
              "Succeeded"
            ]
          },
          "metadata": {
            "operationMetadataId": "760cac7d-fa28-43b2-aa48-853cae77aa24"
          },
          "type": "InitializeVariable",
          "inputs": {
            "variables": [
              {
                "name": "GeneralConnectorFetchXml",
                "type": "string"
              }
            ]
          }
        },
        "Init_BlockedConnectorFetchXml": {
          "runAfter": {
            "Init_GeneralConnectorFetchXml": [
              "Succeeded"
            ]
          },
          "metadata": {
            "operationMetadataId": "213a2992-5346-4dcc-bace-d3ecd6e9dd74"
          },
          "type": "InitializeVariable",
          "inputs": {
            "variables": [
              {
                "name": "BlockedConnectorFetchXml",
                "type": "string"
              }
            ]
          }
        },
        "include-zeroday-confidential-fetchxml-template": {
          "runAfter": {
            "Initialize_ZeroDayEnvironmentFilter": [
              "Succeeded"
            ]
          },
          "metadata": {
            "operationMetadataId": "95d15b87-9778-400a-a730-8d8cd3d4f37a"
          },
          "type": "InitializeVariable",
          "inputs": {
            "variables": [
              {
                "name": "include-zeroday-confidential-fetchxml-template",
                "type": "string",
                "value": "<fetch>\n  <entity name=\"admin_connector\">\n    <attribute name=\"admin_displayname\" />\n    <attribute name=\"admin_id\" />\n    <attribute name=\"admin_connectorid\" />\n    <filter type=\"and\">\n      <link-entity name=\"admin_connectionreference\" from=\"admin_connector\" to=\"admin_connectorid\" link-type=\"any\">\n        <filter type=\"or\">\n          <link-entity name=\"admin_app\" from=\"admin_appid\" to=\"admin_app\" link-type=\"any\">\n            <filter>\n              <link-entity name=\"admin_environment\" from=\"admin_environmentid\" to=\"admin_appenvironment\" link-type=\"any\">\n                <filter>\n                  <condition attribute=\"admin_environmentname\" operator=\"in\">\n                    {0}\n                  </condition>\n                </filter>\n              </link-entity>\n            </filter>\n          </link-entity>\n          <link-entity name=\"admin_flow\" from=\"admin_flowid\" to=\"admin_flow\" link-type=\"any\">\n            <filter>\n              <link-entity name=\"admin_environment\" from=\"admin_environmentid\" to=\"admin_flowenvironment\" link-type=\"any\">\n                <filter>\n                  <condition attribute=\"admin_environmentname\" operator=\"in\">\n                    {0}\n                  </condition>\n                </filter>\n              </link-entity>\n            </filter>\n          </link-entity>\n        </filter>\n      </link-entity>\n    </filter>\n  </entity>\n</fetch>"
              }
            ]
          }
        },
        "include-zeroday-general-fetchxml-template": {
          "runAfter": {
            "include-zeroday-confidential-fetchxml-template": [
              "Succeeded"
            ]
          },
          "metadata": {
            "operationMetadataId": "c0ac4f4b-1684-48ce-b42c-6a36002022b4"
          },
          "type": "InitializeVariable",
          "inputs": {
            "variables": [
              {
                "name": "include-zeroday-general-fetchxml-template",
                "type": "string",
                "value": "<fetch>\n  <entity name=\"admin_connector\">\n    <attribute name=\"admin_displayname\" />\n    <attribute name=\"admin_id\" />\n    <attribute name=\"admin_connectorid\" />\n    <filter>\n      <condition attribute=\"admin_isblockable\" operator=\"eq\" value=\"0\" />\n    </filter>\n    <filter type=\"and\">\n      <link-entity name=\"admin_connectionreference\" from=\"admin_connector\" to=\"admin_connectorid\" link-type=\"not any\">\n        <filter type=\"or\">\n          <link-entity name=\"admin_app\" from=\"admin_appid\" to=\"admin_app\" link-type=\"any\">\n            <filter>\n              <link-entity name=\"admin_environment\" from=\"admin_environmentid\" to=\"admin_appenvironment\" link-type=\"any\">\n                    {0}\n              </link-entity>\n            </filter>\n          </link-entity>\n          <link-entity name=\"admin_flow\" from=\"admin_flowid\" to=\"admin_flow\" link-type=\"any\">\n            <filter>\n              <link-entity name=\"admin_environment\" from=\"admin_environmentid\" to=\"admin_flowenvironment\" link-type=\"any\">\n                    {0}\n              </link-entity>\n            </filter>\n          </link-entity>\n        </filter>\n      </link-entity>\n    </filter>\n  </entity>\n</fetch>"
              }
            ]
          }
        },
        "include-zeroday-blocked-fetchxml-template": {
          "runAfter": {
            "include-zeroday-general-fetchxml-template": [
              "Succeeded"
            ]
          },
          "metadata": {
            "operationMetadataId": "2465ecf0-1989-4da0-bfe0-c12201695865"
          },
          "type": "InitializeVariable",
          "inputs": {
            "variables": [
              {
                "name": "include-zeroday-blocked-fetchxml-template",
                "type": "string",
                "value": "<fetch>\n  <entity name=\"admin_connector\">\n    <attribute name=\"admin_displayname\" />\n    <attribute name=\"admin_id\" />\n    <attribute name=\"admin_connectorid\" />\n    <filter>\n      <condition attribute=\"admin_isblockable\" operator=\"eq\" value=\"1\" />\n    </filter>\n    <filter type=\"and\">\n      <link-entity name=\"admin_connectionreference\" from=\"admin_connector\" to=\"admin_connectorid\" link-type=\"not any\">\n        <filter type=\"or\">\n          <link-entity name=\"admin_app\" from=\"admin_appid\" to=\"admin_app\" link-type=\"any\">\n            <filter>\n              <link-entity name=\"admin_environment\" from=\"admin_environmentid\" to=\"admin_appenvironment\" link-type=\"any\">\n                <filter>\n                  <condition attribute=\"admin_environmentname\" operator=\"in\">\n                    {0}\n                  </condition>\n                </filter>\n              </link-entity>\n            </filter>\n          </link-entity>\n          <link-entity name=\"admin_flow\" from=\"admin_flowid\" to=\"admin_flow\" link-type=\"any\">\n            <filter>\n              <link-entity name=\"admin_environment\" from=\"admin_environmentid\" to=\"admin_flowenvironment\" link-type=\"any\">\n                <filter>\n                  <condition attribute=\"admin_environmentname\" operator=\"in\">\n                    {0}\n                  </condition>\n                </filter>\n              </link-entity>\n            </filter>\n          </link-entity>\n        </filter>\n      </link-entity>\n    </filter>\n  </entity>\n</fetch>"
              }
            ]
          }
        },
        "Set_Environment_FetchXml_by_rule": {
          "actions": {},
          "runAfter": {
            "include-zeroday-blocked-fetchxml-template": [
              "Succeeded"
            ]
          },
          "metadata": {
            "operationMetadataId": "77486c08-ff42-484c-a9eb-4565c4e45144"
          },
          "type": "Scope"
        },
        "Initialize_ZeroDayEnvironmentFilter": {
          "runAfter": {
            "Init_BlockedConnectorFetchXml": [
              "Succeeded"
            ]
          },
          "metadata": {
            "operationMetadataId": "c58241fb-1eef-4ff6-b5f2-7c75585ec072"
          },
          "type": "InitializeVariable",
          "inputs": {
            "variables": [
              {
                "name": "ZeroDayEnvironmentFilter",
                "type": "string"
              }
            ]
          }
        }
      }
    },
    "templateName": ""
  },
  "schemaVersion": "1.0.0.0"
}