{
  "properties": {
    "connectionReferences": {
      "shared_commondataserviceforapps_1": {
        "runtimeSource": "embedded",
        "connection": {
          "connectionReferenceLogicalName": "admin_CoECoreDataverse"
        },
        "api": {
          "name": "shared_commondataserviceforapps"
        }
      }
    },
    "definition": {
      "$schema": "https://schema.management.azure.com/providers/Microsoft.Logic/schemas/2016-06-01/workflowdefinition.json#",
      "contentVersion": "1.0.0.0",
      "parameters": {
        "$connections": {
          "defaultValue": {},
          "type": "Object"
        },
        "$authentication": {
          "defaultValue": {},
          "type": "SecureObject"
        }
      },
      "triggers": {
        "manual": {
          "metadata": {
            "operationMetadataId": "d5ecba60-6abb-46e6-be8d-2dff75721094"
          },
          "type": "Request",
          "kind": "PowerAppV2",
          "inputs": {
            "schema": {
              "type": "object",
              "properties": {},
              "required": []
            }
          }
        }
      },
      "actions": {
        "admin_SCuBACoEApplicationClientID": {
          "runAfter": {},
          "metadata": {
            "operationMetadataId": "9c4206d1-d2ff-4420-9599-b1cb35829162"
          },
          "type": "InitializeVariable",
          "inputs": {
            "variables": [
              {
                "name": "admin_SCuBACoEApplicationClientID",
                "type": "string"
              }
            ]
          }
        },
        "Initialize_admin_SCuBACoEApplicationClientSecret": {
          "runAfter": {
            "admin_SCuBACoEApplicationClientID": [
              "Succeeded"
            ]
          },
          "metadata": {
            "operationMetadataId": "0c6793a0-8d4b-4a64-aeed-7fffb9498e4a"
          },
          "type": "InitializeVariable",
          "inputs": {
            "variables": [
              {
                "name": "admin_SCuBACoEApplicationClientSecret",
                "type": "string"
              }
            ]
          }
        },
        "Get_SCuBA_CoE_-_Application_Client_ID": {
          "actions": {
            "get_admin_SCuBACoEApplicationClientID": {
              "runAfter": {},
              "metadata": {
                "operationMetadataId": "4fb2828e-ca70-4fda-8b4c-fbc3ff97bf45"
              },
              "type": "OpenApiConnection",
              "inputs": {
                "host": {
                  "connectionName": "shared_commondataserviceforapps_1",
                  "operationId": "ListRecords",
                  "apiId": "/providers/Microsoft.PowerApps/apis/shared_commondataserviceforapps"
                },
                "parameters": {
                  "entityName": "environmentvariabledefinitions",
                  "$select": "defaultvalue",
                  "$filter": "schemaname eq 'admin_SCuBACoEApplicationClientID'",
                  "$top": 1,
                  "$expand": "environmentvariabledefinition_environmentvariablevalue($select=value)"
                },
                "authentication": "@parameters('$authentication')"
              }
            },
            "Set_variable": {
              "runAfter": {
                "selectValues": [
                  "Succeeded"
                ]
              },
              "metadata": {
                "operationMetadataId": "b6c51033-c2e2-48f2-8b31-80c1ac112930"
              },
              "type": "SetVariable",
              "inputs": {
                "name": "admin_SCuBACoEApplicationClientID",
                "value": "@{coalesce(body('selectValues')[0]['value'], body('selectValues')[0]['defaultValue'])}"
              }
            },
            "selectValues": {
              "runAfter": {
                "get_admin_SCuBACoEApplicationClientID": [
                  "Succeeded"
                ]
              },
              "metadata": {
                "operationMetadataId": "f5ec43ec-3904-43e8-afbe-45435389f98c"
              },
              "type": "Select",
              "inputs": {
                "from": "@outputs('get_admin_SCuBACoEApplicationClientID')?['body/value']",
                "select": {
                  "defaultValue": "@item()?['defaultvalue']",
                  "value": "@if(greater(length(item()['environmentvariabledefinition_environmentvariablevalue']), 0), item()['environmentvariabledefinition_environmentvariablevalue'][0]?['value'], null)"
                }
              }
            }
          },
          "runAfter": {
            "Initialize_admin_SCuBACoEApplicationClientSecret": [
              "Succeeded"
            ]
          },
          "metadata": {
            "operationMetadataId": "9ec1ffd2-31f0-40c6-a62e-e70ff0574f77"
          },
          "type": "Scope"
        },
        "SCuBA_CoE_-_Application_Client_Secret": {
          "actions": {
            "get_admin_SCuBACoEApplicationClientSecret": {
              "runAfter": {},
              "metadata": {
                "operationMetadataId": "4fb2828e-ca70-4fda-8b4c-fbc3ff97bf45"
              },
              "type": "OpenApiConnection",
              "inputs": {
                "host": {
                  "connectionName": "shared_commondataserviceforapps_1",
                  "operationId": "ListRecords",
                  "apiId": "/providers/Microsoft.PowerApps/apis/shared_commondataserviceforapps"
                },
                "parameters": {
                  "entityName": "environmentvariabledefinitions",
                  "$select": "defaultvalue",
                  "$filter": "schemaname eq 'admin_SCuBACoEApplicationClientSecret'",
                  "$top": 1,
                  "$expand": "environmentvariabledefinition_environmentvariablevalue($select=value)"
                },
                "authentication": "@parameters('$authentication')"
              }
            },
            "Set_variable_2": {
              "runAfter": {
                "selectValues_2": [
                  "Succeeded"
                ]
              },
              "metadata": {
                "operationMetadataId": "b6c51033-c2e2-48f2-8b31-80c1ac112930"
              },
              "type": "SetVariable",
              "inputs": {
                "name": "admin_SCuBACoEApplicationClientSecret",
                "value": "@{coalesce(body('selectValues_2')[0]['value'], body('selectValues_2')[0]['defaultValue'])}"
              }
            },
            "selectValues_2": {
              "runAfter": {
                "get_admin_SCuBACoEApplicationClientSecret": [
                  "Succeeded"
                ]
              },
              "metadata": {
                "operationMetadataId": "f5ec43ec-3904-43e8-afbe-45435389f98c"
              },
              "type": "Select",
              "inputs": {
                "from": "@outputs('get_admin_SCuBACoEApplicationClientSecret')?['body/value']",
                "select": {
                  "defaultValue": "@item()?['defaultvalue']",
                  "value": "@if(greater(length(item()['environmentvariabledefinition_environmentvariablevalue']), 0), item()['environmentvariabledefinition_environmentvariablevalue'][0]?['value'], null)"
                }
              }
            }
          },
          "runAfter": {
            "Initialize_admin_SCuBACoEApplicationClientSecret": [
              "Succeeded"
            ]
          },
          "metadata": {
            "operationMetadataId": "9ec1ffd2-31f0-40c6-a62e-e70ff0574f77"
          },
          "type": "Scope"
        },
        "Respond_to_a_Power_App_or_flow": {
          "runAfter": {
            "SCuBA_CoE_-_Application_Client_Secret": [
              "Succeeded"
            ],
            "Get_SCuBA_CoE_-_Application_Client_ID": [
              "Succeeded"
            ]
          },
          "metadata": {
            "operationMetadataId": "b48d04a9-64c0-43e2-bc19-4d9bf736870b"
          },
          "type": "Response",
          "kind": "PowerApp",
          "inputs": {
            "statusCode": 200,
            "body": {
              "applicationclientid": "@variables('admin_SCuBACoEApplicationClientID')",
              "applicatonclientsecret": "@{variables('admin_SCuBACoEApplicationClientSecret')}"
            },
            "schema": {
              "type": "object",
              "properties": {
                "applicationclientid": {
                  "title": "ApplicationClientId",
                  "x-ms-dynamically-added": true,
                  "type": "string"
                },
                "applicatonclientsecret": {
                  "title": "ApplicatonClientSecret",
                  "x-ms-dynamically-added": true,
                  "type": "string"
                }
              }
            }
          }
        }
      }
    },
    "templateName": ""
  },
  "schemaVersion": "1.0.0.0"
}