{
  "properties": {
    "connectionReferences": {
      "shared_commondataserviceforapps_1": {
        "runtimeSource": "embedded",
        "connection": {
          "connectionReferenceLogicalName": "admin_CoECoreDataverse"
        },
        "api": {
          "name": "shared_commondataserviceforapps"
        }
      }
    },
    "definition": {
      "$schema": "https://schema.management.azure.com/providers/Microsoft.Logic/schemas/2016-06-01/workflowdefinition.json#",
      "contentVersion": "1.0.0.0",
      "parameters": {
        "$connections": {
          "defaultValue": {},
          "type": "Object"
        },
        "$authentication": {
          "defaultValue": {},
          "type": "SecureObject"
        }
      },
      "triggers": {
        "manual": {
          "metadata": {
            "operationMetadataId": "598c3b58-7ee7-43f1-93f8-e0ce9faeab66"
          },
          "type": "Request",
          "kind": "PowerAppV2",
          "inputs": {
            "schema": {
              "type": "object",
              "properties": {
                "number": {
                  "title": "MaxTryCount",
                  "type": "number",
                  "x-ms-dynamically-added": true,
                  "description": "Please enter a number or leave blank.  Default is 5",
                  "x-ms-content-hint": "NUMBER"
                }
              },
              "required": []
            }
          }
        }
      },
      "actions": {
        "Initialize_MaxTryCount": {
          "runAfter": {},
          "metadata": {
            "operationMetadataId": "95df1ca2-25a3-4e3f-bc39-20d71b0c6f5f"
          },
          "type": "InitializeVariable",
          "inputs": {
            "variables": [
              {
                "name": "MaxTryCount",
                "type": "integer",
                "value": "@if(equals(triggerBody()?['number'],null),5,triggerBody()?['number'])"
              }
            ]
          }
        },
        "Do_until": {
          "actions": {
            "InactiveModernFlows": {
              "runAfter": {},
              "metadata": {
                "operationMetadataId": "03ca20db-ced2-4a82-8a65-1e9defe5f20c"
              },
              "type": "OpenApiConnection",
              "inputs": {
                "host": {
                  "connectionName": "shared_commondataserviceforapps_1",
                  "operationId": "ListRecords",
                  "apiId": "/providers/Microsoft.PowerApps/apis/shared_commondataserviceforapps"
                },
                "parameters": {
                  "entityName": "workflows",
                  "fetchXml": "<fetch version=\"1.0\" output-format=\"xml-platform\" mapping=\"logical\" distinct=\"false\">\n  <entity name=\"workflow\">\n    <attribute name=\"workflowid\" />\n    <attribute name=\"name\" />\n    <attribute name=\"category\" />\n    <attribute name=\"statecode\" />\n    <filter>\n      <condition attribute=\"category\" operator=\"eq\" value=\"5\" />\n      <condition attribute=\"statecode\" operator=\"ne\" value=\"1\" />\n    </filter>\n    <order attribute=\"name\" descending=\"false\" />\n    <filter type=\"and\">\n      <link-entity name=\"solutioncomponent\" from=\"objectid\" to=\"workflowid\" link-type=\"any\">\n        <filter>\n          <link-entity name=\"solution\" from=\"solutionid\" to=\"solutionid\" link-type=\"any\">\n            <filter>\n              <condition attribute=\"uniquename\" operator=\"eq\" value=\"powerplatformscubacoe\" />\n            </filter>\n          </link-entity>\n        </filter>\n      </link-entity>\n    </filter>\n  </entity>\n</fetch>"
                },
                "authentication": "@parameters('$authentication')"
              }
            },
            "Set_Whether_AllFlowsAreActive": {
              "runAfter": {
                "Apply_to_each": [
                  "Succeeded",
                  "Failed"
                ]
              },
              "metadata": {
                "operationMetadataId": "79049200-561e-4509-a67e-dc49a05dddf1"
              },
              "type": "SetVariable",
              "inputs": {
                "name": "AllFlowsAreActive",
                "value": "@equals(length(outputs('InactiveModernFlows')?['body/value']),0)"
              }
            },
            "Apply_to_each": {
              "foreach": "@outputs('InactiveModernFlows')?['body/value']",
              "actions": {
                "ActivateModernFlow": {
                  "runAfter": {},
                  "metadata": {
                    "operationMetadataId": "253635b2-450c-4238-9979-d0b2e780998e"
                  },
                  "type": "OpenApiConnection",
                  "inputs": {
                    "host": {
                      "connectionName": "shared_commondataserviceforapps_1",
                      "operationId": "UpdateOnlyRecord",
                      "apiId": "/providers/Microsoft.PowerApps/apis/shared_commondataserviceforapps"
                    },
                    "parameters": {
                      "entityName": "workflows",
                      "recordId": "@items('Apply_to_each')?['workflowid']",
                      "item/statecode": 1,
                      "item/statuscode": 2
                    },
                    "authentication": "@parameters('$authentication')"
                  }
                }
              },
              "runAfter": {
                "InactiveModernFlows": [
                  "Succeeded"
                ]
              },
              "metadata": {
                "operationMetadataId": "42373a3e-92a7-433c-a1a3-58797fac6847"
              },
              "type": "Foreach",
              "runtimeConfiguration": {
                "concurrency": {
                  "repetitions": 50
                }
              }
            }
          },
          "runAfter": {
            "Initialize_AllFlowsAreActive": [
              "Succeeded"
            ]
          },
          "expression": "@equals(variables('AllFlowsAreActive'), true)",
          "limit": {
            "count": 5,
            "timeout": "PT1H"
          },
          "metadata": {
            "operationMetadataId": "55964c74-d5f0-441e-9e55-60e7ca0a0c6c"
          },
          "type": "Until"
        },
        "Initialize_AllFlowsAreActive": {
          "runAfter": {
            "Initialize_CurrentTry": [
              "Succeeded"
            ]
          },
          "metadata": {
            "operationMetadataId": "08941e5a-7286-4dd4-af24-45119b034c7e"
          },
          "type": "InitializeVariable",
          "inputs": {
            "variables": [
              {
                "name": "AllFlowsAreActive",
                "type": "boolean",
                "value": "@false"
              }
            ]
          }
        },
        "Initialize_CurrentTry": {
          "runAfter": {
            "Initialize_MaxTryCount": [
              "Succeeded"
            ]
          },
          "metadata": {
            "operationMetadataId": "bd880644-01a0-4045-911f-b26b6ee2a10e"
          },
          "type": "InitializeVariable",
          "inputs": {
            "variables": [
              {
                "name": "CurrentTry",
                "type": "integer",
                "value": 0
              }
            ]
          }
        },
        "Respond_to_a_Power_App_or_flow": {
          "runAfter": {
            "Do_until": [
              "Succeeded"
            ]
          },
          "metadata": {
            "operationMetadataId": "90a9ee7b-7b20-4b11-bdfa-6384fe28faac"
          },
          "type": "Response",
          "kind": "PowerApp",
          "inputs": {
            "statusCode": 200,
            "body": {},
            "schema": {
              "type": "object",
              "properties": {}
            }
          }
        }
      }
    },
    "templateName": ""
  },
  "schemaVersion": "1.0.0.0"
}