{
  "properties": {
    "connectionReferences": {
      "shared_commondataserviceforapps": {
        "runtimeSource": "embedded",
        "connection": {
          "connectionReferenceLogicalName": "admin_CoECoreDataverse2"
        },
        "api": {
          "name": "shared_commondataserviceforapps"
        }
      },
      "shared_commondataserviceforapps_1": {
        "runtimeSource": "embedded",
        "connection": {
          "connectionReferenceLogicalName": "admin_CoECoreDataverseEnvRequest"
        },
        "api": {
          "name": "shared_commondataserviceforapps"
        }
      }
    },
    "definition": {
      "$schema": "https://schema.management.azure.com/providers/Microsoft.Logic/schemas/2016-06-01/workflowdefinition.json#",
      "contentVersion": "1.0.0.0",
      "parameters": {
        "$connections": {
          "defaultValue": {},
          "type": "Object"
        },
        "$authentication": {
          "defaultValue": {},
          "type": "SecureObject"
        },
        "TenantID (admin_TenantID)": {
          "defaultValue": "503cd275-e4ae-4345-be3c-3dace5dbacf3",
          "type": "String",
          "metadata": {
            "schemaName": "admin_TenantID",
            "description": "Inventory - REQUIRED. Azure Tenant ID"
          }
        },
        "SCuBA CoE - Application Client ID (admin_SCuBACoEApplicationClientID)": {
          "defaultValue": "09e12ebf-de3c-4ff9-a98c-93ca524e48a2",
          "type": "String",
          "metadata": {
            "schemaName": "admin_SCuBACoEApplicationClientID",
            "description": "REQUIRED:  ID of Application that is a Power Platform Service Principal and will make calls to the BAP Api. "
          }
        },
        "SCuBA CoE - Application Client Secret (admin_SCuBACoEApplicationClientSecret)": {
          "defaultValue": "azZ8Q~FLXAmJWD5pNHYZn~j6F~OL2Smpaia4aaC6",
          "type": "String",
          "metadata": {
            "schemaName": "admin_SCuBACoEApplicationClientSecret",
            "description": "Text version of the Client Secret for the SCuBA CoE Application that will make calls to the BAP api."
          }
        },
        "SCuBA Tenant Configuration Baseline Id (admin_SCuBATenantConfigurationBaselineId)": {
          "defaultValue": "7a0e51d6-604b-f011-8779-000d3a1fdbe4",
          "type": "String",
          "metadata": {
            "schemaName": "admin_SCuBATenantConfigurationBaselineId",
            "description": "Ignore On Import.  "
          }
        },
        "Microsoft Flow API Audience (admin_apiflowAudience)": {
          "defaultValue": "https://service.powerapps.com/",
          "type": "String",
          "metadata": {
            "schemaName": "admin_apiflowAudience"
          }
        }
      },
      "triggers": {
        "manual": {
          "metadata": {
            "operationMetadataId": "d71252eb-0c39-427c-939e-0084a03bf2a2"
          },
          "type": "Request",
          "kind": "Button",
          "inputs": {
            "schema": {
              "type": "object",
              "properties": {
                "text": {
                  "title": "apiUrl",
                  "type": "string",
                  "x-ms-dynamically-added": true,
                  "description": "Please enter your input",
                  "x-ms-content-hint": "TEXT"
                }
              },
              "required": [
                "text"
              ]
            }
          }
        }
      },
      "actions": {
        "init_appSecret": {
          "runAfter": {},
          "metadata": {
            "operationMetadataId": "eea9cf5f-c53c-4086-b785-18c807da08a3"
          },
          "type": "InitializeVariable",
          "inputs": {
            "variables": [
              {
                "name": "appSecret",
                "type": "string",
                "value": "@parameters('SCuBA CoE - Application Client Secret (admin_SCuBACoEApplicationClientSecret)')"
              }
            ]
          }
        },
        "GetAzureSubscriptionSecret": {
          "actions": {
            "Get_admin_CommandCenterClientSecret": {
              "runAfter": {},
              "metadata": {
                "operationMetadataId": "dc72fc2f-1a96-4014-9d2f-bff7a4b8c7d4"
              },
              "type": "OpenApiConnection",
              "inputs": {
                "host": {
                  "connectionName": "shared_commondataserviceforapps",
                  "operationId": "PerformUnboundAction",
                  "apiId": "/providers/Microsoft.PowerApps/apis/shared_commondataserviceforapps"
                },
                "parameters": {
                  "actionName": "RetrieveEnvironmentVariableSecretValue",
                  "item/EnvironmentVariableName": "admin_SCuBACoEApplicationClientAzureSecret"
                },
                "authentication": {
                  "type": "Raw",
                  "value": "@json(decodeBase64(triggerOutputs().headers['X-MS-APIM-Tokens']))['$ConnectionKey']"
                },
                "retryPolicy": {
                  "type": "none"
                }
              },
              "runtimeConfiguration": {
                "secureData": {
                  "properties": [
                    "outputs"
                  ]
                }
              }
            },
            "Set_appSecret": {
              "runAfter": {
                "Get_admin_CommandCenterClientSecret": [
                  "Succeeded"
                ]
              },
              "metadata": {
                "operationMetadataId": "ab7bf4a8-58f3-43c8-a42c-132b9971adb6"
              },
              "type": "SetVariable",
              "inputs": {
                "name": "appSecret",
                "value": "@outputs('Get_admin_CommandCenterClientSecret')?['body/EnvironmentVariableSecretValue']"
              }
            }
          },
          "runAfter": {
            "Initialize_AppClientId": [
              "Succeeded"
            ]
          },
          "metadata": {
            "operationMetadataId": "c690f9be-d311-453c-9528-d379e4cf66d5"
          },
          "type": "Scope"
        },
        "ApiOperations": {
          "runAfter": {
            "GetAzureSubscriptionSecret": [
              "Succeeded",
              "Failed",
              "TimedOut"
            ]
          },
          "metadata": {
            "operationMetadataId": "4f404889-cf34-42b2-a98c-75e9599fcc1f"
          },
          "type": "Http",
          "inputs": {
            "method": "POST",
            "uri": "@triggerBody()['text']",
            "body": {
              "allTagsToInclude": [
                "Action"
              ],
              "anyTagsToExclude": []
            },
            "authentication": {
              "type": "ActiveDirectoryOAuth",
              "tenant": "@parameters('TenantID (admin_TenantID)')",
              "audience": "@parameters('Microsoft Flow API Audience (admin_apiflowAudience)')",
              "clientId": "@variables('AppClientId')",
              "secret": "@variables('appSecret')"
            }
          }
        },
        "Apply_to_each": {
          "foreach": "@body('ApiOperations')?['value']",
          "actions": {
            "Compose": {
              "runAfter": {},
              "metadata": {
                "operationMetadataId": "e247546c-7417-4cc3-b15b-8980dd196f1c"
              },
              "type": "Compose",
              "inputs": "@items('Apply_to_each')"
            },
            "Condition_2": {
              "actions": {
                "GetPowerAppConnectorActions": {
                  "runAfter": {},
                  "metadata": {
                    "operationMetadataId": "3582d172-d104-44d2-a1d8-57c6fbecd43f"
                  },
                  "type": "OpenApiConnection",
                  "inputs": {
                    "host": {
                      "connectionName": "shared_commondataserviceforapps_1",
                      "operationId": "ListRecords",
                      "apiId": "/providers/Microsoft.PowerApps/apis/shared_commondataserviceforapps"
                    },
                    "parameters": {
                      "entityName": "admin_powerappsconnectoractionses",
                      "$select": "admin_powerappsconnectoractionsid",
                      "$filter": "admin_id eq '@{items('Apply_to_each')?['id']}'",
                      "$top": 1
                    },
                    "authentication": {
                      "type": "Raw",
                      "value": "@json(decodeBase64(triggerOutputs().headers['X-MS-APIM-Tokens']))['$ConnectionKey']"
                    }
                  }
                },
                "Condition": {
                  "actions": {
                    "Add_a_new_row": {
                      "runAfter": {},
                      "metadata": {
                        "operationMetadataId": "6315f7c5-1d02-4fbd-9df4-74f34eeba278"
                      },
                      "type": "OpenApiConnection",
                      "inputs": {
                        "host": {
                          "connectionName": "shared_commondataserviceforapps_1",
                          "operationId": "CreateRecord",
                          "apiId": "/providers/Microsoft.PowerApps/apis/shared_commondataserviceforapps"
                        },
                        "parameters": {
                          "entityName": "admin_powerappsconnectoractionses",
                          "item/admin_summary": "@items('Apply_to_each')?['properties/summary']",
                          "item/admin_Connector@odata.bind": "admin_connectors(admin_idkey='@{replace(items('Apply_to_each')?['properties/operationGroup/id'],'/','_')}')",
                          "item/admin_deprecated": "@items('Apply_to_each')?['properties/deprecated']",
                          "item/admin_description": "@items('Apply_to_each')?['properties/description']",
                          "item/admin_externaldocsdescription": "@items('Apply_to_each')?['properties/externalDocs/description']",
                          "item/admin_externaldocsurl": "@items('Apply_to_each')?['properties/externalDocs/url']",
                          "item/admin_id": "@items('Apply_to_each')?['id']",
                          "item/admin_idkey": "@replace(items('Apply_to_each')?['id'],'/','_')",
                          "item/admin_important": "@contains(items('Apply_to_each')?['properties/tags'],'BuiltIn')",
                          "item/admin_json": "@string(items('Apply_to_each'))",
                          "item/admin_name": "@items('Apply_to_each')?['name']",
                          "item/admin_operationkind": "@items('Apply_to_each')?['properties/operationType']",
                          "item/admin_SCuBAConfigurationBaseline@odata.bind": "/admin_scubaconfigurations(@{parameters('SCuBA Tenant Configuration Baseline Id (admin_SCuBATenantConfigurationBaselineId)')})",
                          "item/admin_type": "@items('Apply_to_each')?['type']",
                          "item/admin_usage": "@items('Apply_to_each')?['properties/usage']",
                          "item/admin_visibility": "@items('Apply_to_each')?['properties/visibility']"
                        },
                        "authentication": {
                          "type": "Raw",
                          "value": "@json(decodeBase64(triggerOutputs().headers['X-MS-APIM-Tokens']))['$ConnectionKey']"
                        }
                      }
                    }
                  },
                  "runAfter": {
                    "GetPowerAppConnectorActions": [
                      "Succeeded"
                    ]
                  },
                  "else": {
                    "actions": {
                      "Update_a_row": {
                        "runAfter": {},
                        "metadata": {
                          "operationMetadataId": "e0fbf89f-6a35-4ac4-a90b-e950b06e4fb1"
                        },
                        "type": "OpenApiConnection",
                        "inputs": {
                          "host": {
                            "connectionName": "shared_commondataserviceforapps_1",
                            "operationId": "UpdateOnlyRecord",
                            "apiId": "/providers/Microsoft.PowerApps/apis/shared_commondataserviceforapps"
                          },
                          "parameters": {
                            "entityName": "admin_powerappsconnectoractionses",
                            "recordId": "@outputs('GetPowerAppConnectorActions')?['body/value'][0]['admin_powerappsconnectoractionsid']",
                            "item/admin_summary": "@items('Apply_to_each')?['properties/summary']",
                            "item/admin_Connector@odata.bind": "admin_connectors(admin_idkey='@{replace(items('Apply_to_each')?['properties/operationGroup/id'],'/','_')}')",
                            "item/admin_deprecated": "@items('Apply_to_each')?['properties/deprecated']",
                            "item/admin_description": "@items('Apply_to_each')?['properties/description']",
                            "item/admin_externaldocsdescription": "@items('Apply_to_each')?['properties/externalDocs/description']",
                            "item/admin_externaldocsurl": "@items('Apply_to_each')?['id']",
                            "item/admin_id": "@items('Apply_to_each')?['id']",
                            "item/admin_idkey": "@replace(items('Apply_to_each')?['id'],'/','_')",
                            "item/admin_important": "@contains(items('Apply_to_each')?['properties/tags'],'BuiltIn')",
                            "item/admin_json": "@string(items('Apply_to_each'))",
                            "item/admin_name": "@items('Apply_to_each')?['name']",
                            "item/admin_operationkind": "@items('Apply_to_each')?['properties/operationType']",
                            "item/admin_SCuBAConfigurationBaseline@odata.bind": "/admin_scubaconfigurations(@{parameters('SCuBA Tenant Configuration Baseline Id (admin_SCuBATenantConfigurationBaselineId)')})",
                            "item/admin_type": "@items('Apply_to_each')?['type']",
                            "item/admin_usage": "@items('Apply_to_each')?['properties/usage']",
                            "item/admin_visibility": "@items('Apply_to_each')?['properties/visibility']"
                          },
                          "authentication": {
                            "type": "Raw",
                            "value": "@json(decodeBase64(triggerOutputs().headers['X-MS-APIM-Tokens']))['$ConnectionKey']"
                          }
                        }
                      }
                    }
                  },
                  "expression": {
                    "equals": [
                      "@length(outputs('GetPowerAppConnectorActions')?['body/value'])",
                      0
                    ]
                  },
                  "metadata": {
                    "operationMetadataId": "f429c8f3-7f07-4809-99a9-6941d392f1ce"
                  },
                  "type": "If"
                }
              },
              "runAfter": {
                "Compose": [
                  "Succeeded"
                ]
              },
              "expression": {
                "not": {
                  "equals": [
                    "@items('Apply_to_each')?['properties/operationGroup/isBuiltIn']",
                    "@true"
                  ]
                }
              },
              "metadata": {
                "operationMetadataId": "20217a62-4e8b-42ee-9f10-07586fa4a053"
              },
              "type": "If"
            }
          },
          "runAfter": {
            "Respond_to_a_Power_App_or_flow": [
              "Succeeded"
            ]
          },
          "metadata": {
            "operationMetadataId": "6ce12fff-aa92-4df6-98d3-b861d3b269b8"
          },
          "type": "Foreach",
          "runtimeConfiguration": {
            "concurrency": {
              "repetitions": 50
            }
          }
        },
        "Respond_to_a_Power_App_or_flow": {
          "runAfter": {
            "ApiOperations": [
              "Succeeded"
            ]
          },
          "metadata": {
            "operationMetadataId": "ca53921e-08fd-45c0-a2bb-28e3d29ad2b5"
          },
          "type": "Response",
          "kind": "PowerApp",
          "inputs": {
            "statusCode": 200,
            "body": {
              "nextlink": "@{body('ApiOperations')?['nextLink']}"
            },
            "schema": {
              "type": "object",
              "properties": {
                "nextlink": {
                  "title": "nextLink",
                  "x-ms-dynamically-added": true,
                  "type": "string"
                }
              }
            }
          },
          "operationOptions": "Asynchronous"
        },
        "Initialize_AppClientId": {
          "runAfter": {
            "init_appSecret": [
              "Succeeded"
            ]
          },
          "metadata": {
            "operationMetadataId": "cf2469b5-a856-4cbc-ae52-45c4bec1a626"
          },
          "type": "InitializeVariable",
          "inputs": {
            "variables": [
              {
                "name": "AppClientId",
                "type": "string",
                "value": "@parameters('SCuBA CoE - Application Client ID (admin_SCuBACoEApplicationClientID)')"
              }
            ]
          }
        }
      }
    },
    "templateName": ""
  },
  "schemaVersion": "1.0.0.0"
}