{
  "properties": {
    "connectionReferences": {
      "shared_commondataserviceforapps": {
        "runtimeSource": "embedded",
        "connection": {
          "connectionReferenceLogicalName": "admin_CoECoreDataverse2"
        },
        "api": {
          "name": "shared_commondataserviceforapps"
        }
      }
    },
    "definition": {
      "$schema": "https://schema.management.azure.com/providers/Microsoft.Logic/schemas/2016-06-01/workflowdefinition.json#",
      "contentVersion": "1.0.0.0",
      "parameters": {
        "$connections": {
          "defaultValue": {},
          "type": "Object"
        },
        "$authentication": {
          "defaultValue": {},
          "type": "SecureObject"
        },
        "SCuBA CoE - Application Client ID (admin_SCuBACoEApplicationClientID)": {
          "defaultValue": "09e12ebf-de3c-4ff9-a98c-93ca524e48a2",
          "type": "String",
          "metadata": {
            "schemaName": "admin_SCuBACoEApplicationClientID",
            "description": "REQUIRED:  ID of Application that is a Power Platform Service Principal and will make calls to the BAP Api. "
          }
        },
        "TenantID (admin_TenantID)": {
          "defaultValue": "503cd275-e4ae-4345-be3c-3dace5dbacf3",
          "type": "String",
          "metadata": {
            "schemaName": "admin_TenantID",
            "description": "Inventory - REQUIRED. Azure Tenant ID"
          }
        },
        "SCuBA CoE - Application Client Secret (admin_SCuBACoEApplicationClientSecret)": {
          "defaultValue": "dfasf sdfasf asdfas f asfdasfasfss",
          "type": "String",
          "metadata": {
            "schemaName": "admin_SCuBACoEApplicationClientSecret",
            "description": "Text version of the Client Secret for the SCuBA CoE Application that will make calls to the BAP api."
          }
        },
        "Business Application Platform API Url (admin_apibapmicrosoftcomUrl)": {
          "defaultValue": "https://api.bap.microsoft.com",
          "type": "String",
          "metadata": {
            "schemaName": "admin_apibapmicrosoftcomUrl",
            "description": "Ignore On Import.  Url of the Business Application Platform API is set through a workflow."
          }
        }
      },
      "triggers": {
        "manual": {
          "metadata": {
            "operationMetadataId": "ae5679c7-a113-4c4f-a552-9ae66227e13a"
          },
          "type": "Request",
          "kind": "PowerAppV2",
          "inputs": {
            "schema": {
              "type": "object",
              "properties": {},
              "required": []
            }
          }
        }
      },
      "actions": {
        "init_appSecret": {
          "runAfter": {},
          "metadata": {
            "operationMetadataId": "eea9cf5f-c53c-4086-b785-18c807da08a3"
          },
          "type": "InitializeVariable",
          "inputs": {
            "variables": [
              {
                "name": "appSecret",
                "type": "string",
                "value": "@parameters('SCuBA CoE - Application Client Secret (admin_SCuBACoEApplicationClientSecret)')"
              }
            ]
          }
        },
        "Init_AppClientId": {
          "runAfter": {
            "init_appSecret": [
              "Succeeded"
            ]
          },
          "metadata": {
            "operationMetadataId": "c7ca1db9-b744-4f9d-b374-aac88adf59e8"
          },
          "type": "InitializeVariable",
          "inputs": {
            "variables": [
              {
                "name": "AppClientId",
                "type": "string",
                "value": "@parameters('SCuBA CoE - Application Client ID (admin_SCuBACoEApplicationClientID)')"
              }
            ]
          }
        },
        "GetAzureSubscriptionSecret": {
          "actions": {
            "Get_admin_CommandCenterClientSecret": {
              "runAfter": {},
              "metadata": {
                "operationMetadataId": "dc72fc2f-1a96-4014-9d2f-bff7a4b8c7d4"
              },
              "type": "OpenApiConnection",
              "inputs": {
                "host": {
                  "connectionName": "shared_commondataserviceforapps",
                  "operationId": "PerformUnboundAction",
                  "apiId": "/providers/Microsoft.PowerApps/apis/shared_commondataserviceforapps"
                },
                "parameters": {
                  "actionName": "RetrieveEnvironmentVariableSecretValue",
                  "item/EnvironmentVariableName": "admin_SCuBACoEApplicationClientAzureSecret"
                },
                "authentication": "@parameters('$authentication')"
              },
              "runtimeConfiguration": {
                "secureData": {
                  "properties": [
                    "outputs"
                  ]
                }
              }
            },
            "Set_appSecret": {
              "runAfter": {
                "Get_admin_CommandCenterClientSecret": [
                  "Succeeded"
                ]
              },
              "metadata": {
                "operationMetadataId": "ab7bf4a8-58f3-43c8-a42c-132b9971adb6"
              },
              "type": "SetVariable",
              "inputs": {
                "name": "appSecret",
                "value": "@outputs('Get_admin_CommandCenterClientSecret')?['body/EnvironmentVariableSecretValue']"
              }
            }
          },
          "runAfter": {
            "Initialize_message": [
              "Succeeded"
            ]
          },
          "metadata": {
            "operationMetadataId": "c690f9be-d311-453c-9528-d379e4cf66d5"
          },
          "type": "Scope"
        },
        "On_Success": {
          "actions": {
            "Set_success_to_true": {
              "runAfter": {},
              "metadata": {
                "operationMetadataId": "2757aaeb-fc68-43b3-86f8-724e138f2d26"
              },
              "type": "SetVariable",
              "inputs": {
                "name": "success",
                "value": "true"
              }
            },
            "Set_variable_2": {
              "runAfter": {
                "Set_success_to_true": [
                  "Succeeded"
                ]
              },
              "metadata": {
                "operationMetadataId": "be3a3555-0665-4ab8-9d6c-ea4bf08896fc"
              },
              "type": "SetVariable",
              "inputs": {
                "name": "message",
                "value": "@{null}"
              }
            }
          },
          "runAfter": {
            "GetTenantScope": [
              "Succeeded"
            ]
          },
          "metadata": {
            "operationMetadataId": "e44ad6c2-7ab2-458c-966e-4e26e7530350"
          },
          "type": "Scope"
        },
        "On_Error": {
          "actions": {
            "Set_variable": {
              "runAfter": {
                "Compose": [
                  "Succeeded"
                ]
              },
              "metadata": {
                "operationMetadataId": "13bf58e1-34aa-4734-8582-7520d7ac9e4a"
              },
              "type": "SetVariable",
              "inputs": {
                "name": "message",
                "value": "@{outputs('Compose')}"
              }
            },
            "Filter_array": {
              "runAfter": {},
              "metadata": {
                "operationMetadataId": "f7d209c0-cebc-4712-bf68-37034edab0fb"
              },
              "type": "Query",
              "inputs": {
                "from": "@result('GetTenantScope')",
                "where": "@equals(item()['name'], 'GetTenant')"
              }
            },
            "Compose": {
              "runAfter": {
                "Filter_array": [
                  "Succeeded"
                ]
              },
              "metadata": {
                "operationMetadataId": "9e8df36d-59c0-43e9-b716-ecc85121aa20"
              },
              "type": "Compose",
              "inputs": "@{body('Filter_array')[0]?['error/code']} :  @{body('Filter_array')[0]?['error/message']}"
            }
          },
          "runAfter": {
            "GetTenantScope": [
              "Failed"
            ]
          },
          "metadata": {
            "operationMetadataId": "f0f535e0-2c7e-4060-8152-caf04cf3d482"
          },
          "type": "Scope"
        },
        "Initialize_success": {
          "runAfter": {
            "Init_AppClientId": [
              "Succeeded"
            ]
          },
          "metadata": {
            "operationMetadataId": "eaf42275-a64a-43c1-b9a8-54706eacbeb8"
          },
          "type": "InitializeVariable",
          "inputs": {
            "variables": [
              {
                "name": "success",
                "type": "string",
                "value": "false"
              }
            ]
          }
        },
        "Respond_to_a_Power_App_or_flow": {
          "runAfter": {
            "On_Error": [
              "Succeeded",
              "Failed",
              "Skipped"
            ],
            "On_Success": [
              "Succeeded",
              "Failed",
              "Skipped"
            ]
          },
          "metadata": {
            "operationMetadataId": "fb1431ba-7735-4923-9aa9-cf7a1e89ca5e"
          },
          "type": "Response",
          "kind": "PowerApp",
          "inputs": {
            "statusCode": 200,
            "body": {
              "errormessage": "@variables('message')",
              "success": "@variables('success')"
            },
            "schema": {
              "type": "object",
              "properties": {
                "errormessage": {
                  "title": "errorMessage",
                  "x-ms-dynamically-added": true,
                  "type": "string"
                },
                "success": {
                  "title": "success",
                  "x-ms-dynamically-added": true,
                  "type": "string"
                }
              }
            }
          }
        },
        "Initialize_message": {
          "runAfter": {
            "Initialize_success": [
              "Succeeded"
            ]
          },
          "metadata": {
            "operationMetadataId": "16ab7607-b83b-42b3-af28-f875e87818f4"
          },
          "type": "InitializeVariable",
          "inputs": {
            "variables": [
              {
                "name": "message",
                "type": "string",
                "value": "Oops.  Something went wrong."
              }
            ]
          }
        },
        "GetTenantScope": {
          "actions": {
            "GetTenant": {
              "runAfter": {},
              "metadata": {
                "operationMetadataId": "4f404889-cf34-42b2-a98c-75e9599fcc1f"
              },
              "type": "Http",
              "inputs": {
                "method": "GET",
                "uri": "@{parameters('Business Application Platform API Url (admin_apibapmicrosoftcomUrl)')}/providers/Microsoft.BusinessAppPlatform/tenant?api-version=2020-08-01",
                "authentication": {
                  "type": "ActiveDirectoryOAuth",
                  "tenant": "@parameters('TenantID (admin_TenantID)')",
                  "audience": "@parameters('Business Application Platform API Url (admin_apibapmicrosoftcomUrl)')",
                  "clientId": "@variables('AppClientId')",
                  "secret": "@variables('appSecret')"
                }
              }
            }
          },
          "runAfter": {
            "GetAzureSubscriptionSecret": [
              "Succeeded",
              "Failed"
            ]
          },
          "metadata": {
            "operationMetadataId": "49e9fd3f-8330-430e-8634-c9c7861942d6"
          },
          "type": "Scope"
        }
      }
    },
    "templateName": ""
  },
  "schemaVersion": "1.0.0.0"
}