{
  "properties": {
    "connectionReferences": {},
    "definition": {
      "$schema": "https://schema.management.azure.com/providers/Microsoft.Logic/schemas/2016-06-01/workflowdefinition.json#",
      "contentVersion": "1.0.0.0",
      "parameters": {
        "$authentication": {
          "defaultValue": {},
          "type": "SecureObject"
        }
      },
      "triggers": {
        "manual": {
          "metadata": {
            "operationMetadataId": "f97b9740-49a4-4e46-acf6-9d64c847544a"
          },
          "type": "Request",
          "kind": "PowerAppV2",
          "inputs": {
            "schema": {
              "type": "object",
              "properties": {},
              "required": []
            }
          }
        }
      },
      "actions": {
        "Tenant_SCuBA_Configuration_Baseline": {
          "actions": {
            "Ensure_Tenant_Configuration_Baseline": {
              "runAfter": {},
              "metadata": {
                "operationMetadataId": "06ee0a89-e607-4fe0-af47-1253d737c446"
              },
              "type": "Workflow",
              "inputs": {
                "host": {
                  "workflowReferenceName": "d90c680a-634b-f011-8779-000d3a1fdbe4"
                }
              }
            }
          },
          "runAfter": {},
          "metadata": {
            "operationMetadataId": "1e6e9851-7ee8-4de5-b2d9-2feb7fa10bb3"
          },
          "type": "Scope"
        }
      }
    },
    "templateName": null
  },
  "schemaVersion": "1.0.0.0"
}