{
  "properties": {
    "connectionReferences": {
      "shared_commondataserviceforapps": {
        "runtimeSource": "embedded",
        "connection": {
          "connectionReferenceLogicalName": "admin_CoECoreDataverse2"
        },
        "api": {
          "name": "shared_commondataserviceforapps"
        }
      }
    },
    "definition": {
      "$schema": "https://schema.management.azure.com/providers/Microsoft.Logic/schemas/2016-06-01/workflowdefinition.json#",
      "contentVersion": "1.0.0.0",
      "parameters": {
        "$connections": {
          "defaultValue": {},
          "type": "Object"
        },
        "$authentication": {
          "defaultValue": {},
          "type": "SecureObject"
        },
        "make.powerautomate.com (admin_makepowerautomatecom)": {
          "defaultValue": "make.powerautomate.com",
          "type": "String",
          "metadata": {
            "schemaName": "admin_makepowerautomatecom",
            "description": "host name for power automate maker portal.  This is can very depending on the Microsoft cloud the application is running in."
          }
        }
      },
      "triggers": {
        "When_a_row_is_added,_modified_or_deleted": {
          "metadata": {
            "operationMetadataId": "1fcd3935-4d8c-49fd-b910-52aaa0f850dc"
          },
          "type": "OpenApiConnectionWebhook",
          "inputs": {
            "host": {
              "connectionName": "shared_commondataserviceforapps",
              "operationId": "SubscribeWebhookTrigger",
              "apiId": "/providers/Microsoft.PowerApps/apis/shared_commondataserviceforapps"
            },
            "parameters": {
              "subscriptionRequest/message": 1,
              "subscriptionRequest/entityname": "admin_dlppolicypushjob",
              "subscriptionRequest/scope": 4
            },
            "authentication": "@parameters('$authentication')"
          }
        }
      },
      "actions": {
        "Run_a_Child_Flow": {
          "runAfter": {
            "Set_DLP_Policy_Last_Push_Job": [
              "Succeeded"
            ]
          },
          "metadata": {
            "operationMetadataId": "c7d8c9bd-37c1-4705-a94f-bd61b69a9f51"
          },
          "type": "Workflow",
          "inputs": {
            "host": {
              "workflowReferenceName": "1d6e9445-b340-f011-b4cb-7c1e5215ea1b"
            },
            "body": {
              "text": "@triggerOutputs()?['body/_admin_policy_value']"
            },
            "retryPolicy": {
              "type": "none"
            }
          }
        },
        "Set_DLP_Policy_Last_Push_Job": {
          "runAfter": {
            "Update_a_row": [
              "Succeeded"
            ]
          },
          "metadata": {
            "operationMetadataId": "45c50f91-e349-4200-a9d1-2d7c204f97c2"
          },
          "type": "OpenApiConnection",
          "inputs": {
            "host": {
              "connectionName": "shared_commondataserviceforapps",
              "operationId": "UpdateOnlyRecord",
              "apiId": "/providers/Microsoft.PowerApps/apis/shared_commondataserviceforapps"
            },
            "parameters": {
              "entityName": "admin_dlppolicies",
              "recordId": "@triggerOutputs()?['body/_admin_policy_value']",
              "item/admin_LastPushJob@odata.bind": "/admin_dlppolicypushjobs(@{triggerOutputs()?['body/admin_dlppolicypushjobid']})"
            },
            "authentication": "@parameters('$authentication')"
          }
        },
        "Update_a_row_2": {
          "runAfter": {
            "Run_a_Child_Flow": [
              "Succeeded"
            ]
          },
          "metadata": {
            "operationMetadataId": "76fee98e-5e57-42ae-80f5-7fd856199bd6"
          },
          "type": "OpenApiConnection",
          "inputs": {
            "host": {
              "connectionName": "shared_commondataserviceforapps",
              "operationId": "UpdateOnlyRecord",
              "apiId": "/providers/Microsoft.PowerApps/apis/shared_commondataserviceforapps"
            },
            "parameters": {
              "entityName": "admin_dlppolicypushjobs",
              "recordId": "@triggerOutputs()?['body/admin_dlppolicypushjobid']",
              "item/admin_environmentcount": "@body('Run_a_Child_Flow')?['environmentcount']",
              "item/admin_errormessage": "@body('Run_a_Child_Flow')?['errormessage']",
              "item/admin_jobstatus": "@if( greater(length(body('Run_a_Child_Flow')?['errormessage']),0),999,45)",
              "item/admin_processinglog": "@body('Run_a_Child_Flow')?['runlog']",
              "item/admin_pushaction": "@body('Run_a_Child_Flow')?['result']",
              "item/admin_pushdatetime": "@utcNow()",
              "item/admin_workflowrun": "https://@{parameters('make.powerautomate.com (admin_makepowerautomatecom)')}/environments/@{workflow()['tags/environmentName']}/solutions/~default/flows/@{body('Run_a_Child_Flow')?['logicappname']}/runs/@{body('Run_a_Child_Flow')?['runname']}"
            },
            "authentication": "@parameters('$authentication')"
          }
        },
        "Update_a_row": {
          "runAfter": {},
          "metadata": {
            "operationMetadataId": "66c9c76d-531a-4422-a674-3cb8b358d1ee"
          },
          "type": "OpenApiConnection",
          "inputs": {
            "host": {
              "connectionName": "shared_commondataserviceforapps",
              "operationId": "UpdateOnlyRecord",
              "apiId": "/providers/Microsoft.PowerApps/apis/shared_commondataserviceforapps"
            },
            "parameters": {
              "entityName": "admin_dlppolicypushjobs",
              "recordId": "@triggerOutputs()?['body/admin_dlppolicypushjobid']",
              "item/admin_jobstatus": 1,
              "item/admin_processinglog": "Running.....",
              "item/admin_workflowrun": "https://@{parameters('make.powerautomate.com (admin_makepowerautomatecom)')}/environments/@{workflow()['tags/environmentName']}/solutions/~default/flows/@{workflow()['name']}/runs/@{workflow()['run/name']}"
            },
            "authentication": "@parameters('$authentication')"
          }
        },
        "Handle_Error": {
          "actions": {
            "Update_a_row_3": {
              "runAfter": {},
              "metadata": {
                "operationMetadataId": "76fee98e-5e57-42ae-80f5-7fd856199bd6"
              },
              "type": "OpenApiConnection",
              "inputs": {
                "host": {
                  "connectionName": "shared_commondataserviceforapps",
                  "operationId": "UpdateOnlyRecord",
                  "apiId": "/providers/Microsoft.PowerApps/apis/shared_commondataserviceforapps"
                },
                "parameters": {
                  "entityName": "admin_dlppolicypushjobs",
                  "recordId": "@triggerOutputs()?['body/admin_dlppolicypushjobid']",
                  "item/admin_errormessage": "Child flow did not respond.",
                  "item/admin_jobstatus": 999,
                  "item/admin_processinglog": "Job Failed."
                },
                "authentication": "@parameters('$authentication')"
              }
            }
          },
          "runAfter": {
            "Run_a_Child_Flow": [
              "Failed"
            ]
          },
          "metadata": {
            "operationMetadataId": "0cd20f89-b27c-47fd-b395-847ebc02c672"
          },
          "type": "Scope"
        },
        "Upload_Policy_JSON": {
          "runAfter": {
            "Update_a_row_2": [
              "Succeeded"
            ]
          },
          "metadata": {
            "operationMetadataId": "11880e46-9c82-4fb6-b037-d083ecd6352b"
          },
          "type": "OpenApiConnection",
          "inputs": {
            "host": {
              "connectionName": "shared_commondataserviceforapps",
              "operationId": "UpdateEntityFileImageFieldContent",
              "apiId": "/providers/Microsoft.PowerApps/apis/shared_commondataserviceforapps"
            },
            "parameters": {
              "entityName": "admin_dlppolicypushjobs",
              "recordId": "@triggerOutputs()?['body/admin_dlppolicypushjobid']",
              "fileImageFieldName": "admin_policyjson",
              "item": "@base64ToString(outputs('Run_a_Child_Flow')?['Body']?['base64policyjson'])",
              "x-ms-file-name": "policy.json"
            },
            "authentication": "@parameters('$authentication')"
          }
        },
        "Upload_Configurations_JSON": {
          "runAfter": {
            "Upload_Policy_JSON": [
              "Succeeded"
            ]
          },
          "metadata": {
            "operationMetadataId": "0d3e133d-2121-4b41-8cc4-0a459644a999"
          },
          "type": "OpenApiConnection",
          "inputs": {
            "host": {
              "connectionName": "shared_commondataserviceforapps",
              "operationId": "UpdateEntityFileImageFieldContent",
              "apiId": "/providers/Microsoft.PowerApps/apis/shared_commondataserviceforapps"
            },
            "parameters": {
              "entityName": "admin_dlppolicypushjobs",
              "recordId": "@triggerOutputs()?['body/admin_dlppolicypushjobid']",
              "fileImageFieldName": "admin_configurationsjson",
              "item": "@base64ToString(outputs('Run_a_Child_Flow')?['Body']?['base64connectorconfigjson'])",
              "x-ms-file-name": "ConnectorConfigurations.json"
            },
            "authentication": "@parameters('$authentication')"
          }
        },
        "Upload_API_Url_Patterns": {
          "runAfter": {
            "Upload_Configurations_JSON": [
              "Succeeded"
            ]
          },
          "metadata": {
            "operationMetadataId": "2ed6cca2-be2a-4f81-afea-fc5c4278673f"
          },
          "type": "OpenApiConnection",
          "inputs": {
            "host": {
              "connectionName": "shared_commondataserviceforapps",
              "operationId": "UpdateEntityFileImageFieldContent",
              "apiId": "/providers/Microsoft.PowerApps/apis/shared_commondataserviceforapps"
            },
            "parameters": {
              "entityName": "admin_dlppolicypushjobs",
              "recordId": "@triggerOutputs()?['body/admin_dlppolicypushjobid']",
              "fileImageFieldName": "admin_customapiurlpatternjson",
              "item": "@base64ToString(outputs('Run_a_Child_Flow')?['Body']?['base64patternurljson'])",
              "x-ms-file-name": "urlPattern.json"
            },
            "authentication": "@parameters('$authentication')"
          }
        }
      }
    },
    "templateName": ""
  },
  "schemaVersion": "1.0.0.0"
}