{
  "properties": {
    "connectionReferences": {},
    "definition": {
      "$schema": "https://schema.management.azure.com/providers/Microsoft.Logic/schemas/2016-06-01/workflowdefinition.json#",
      "contentVersion": "1.0.0.0",
      "parameters": {
        "$authentication": {
          "defaultValue": {},
          "type": "SecureObject"
        }
      },
      "triggers": {
        "manual": {
          "metadata": {
            "operationMetadataId": "f97b9740-49a4-4e46-acf6-9d64c847544a"
          },
          "type": "Request",
          "kind": "PowerAppV2",
          "inputs": {
            "schema": {
              "type": "object",
              "properties": {},
              "required": []
            }
          }
        }
      },
      "actions": {
        "Tenant_SCuBA_Configuration_Baseline": {
          "actions": {
            "Ensure_Tenant_Configuration_Baseline": {
              "runAfter": {},
              "metadata": {
                "operationMetadataId": "06ee0a89-e607-4fe0-af47-1253d737c446"
              },
              "type": "Workflow",
              "inputs": {
                "host": {
                  "workflowReferenceName": "d90c680a-634b-f011-8779-000d3a1fdbe4"
                },
                "retryPolicy": {
                  "type": "none"
                }
              }
            }
          },
          "runAfter": {
            "Ensure_Environment_Configuration_Baseline": [
              "Succeeded"
            ]
          },
          "metadata": {
            "operationMetadataId": "1e6e9851-7ee8-4de5-b2d9-2feb7fa10bb3"
          },
          "type": "Scope"
        },
        "Ensure_Config_Data": {
          "actions": {
            "SCuBA_Setup_|_Ensure_Config_Data": {
              "runAfter": {},
              "metadata": {
                "operationMetadataId": "2f159a25-53a3-47a6-bb6a-d45bf22eba32"
              },
              "type": "Workflow",
              "inputs": {
                "host": {
                  "workflowReferenceName": "7f5634a7-1346-f011-8779-000d3a1fdbe4"
                },
                "retryPolicy": {
                  "type": "none"
                }
              }
            }
          },
          "runAfter": {
            "Tenant_SCuBA_Configuration_Baseline": [
              "Succeeded"
            ]
          },
          "metadata": {
            "operationMetadataId": "560a6635-a463-4f82-85d1-2f455038b873"
          },
          "type": "Scope"
        },
        "Respond_to_a_Power_App_or_flow": {
          "runAfter": {},
          "metadata": {
            "operationMetadataId": "b5a5d099-ce20-4cc8-bf48-bb80012138d2"
          },
          "type": "Response",
          "kind": "PowerApp",
          "inputs": {
            "statusCode": 200,
            "body": {
              "result": "Started turning on Initial Flows"
            },
            "schema": {
              "type": "object",
              "properties": {
                "result": {
                  "title": "result",
                  "x-ms-dynamically-added": true,
                  "type": "string"
                }
              }
            }
          }
        },
        "Sync_Data": {
          "actions": {
            "Admin_|_Sync_Template_v3_(Connectors)_vSCuBA": {
              "runAfter": {},
              "metadata": {
                "operationMetadataId": "5ec32e44-c13d-439f-a16b-b79f4bc2cc8b"
              },
              "type": "Workflow",
              "inputs": {
                "host": {
                  "workflowReferenceName": "21b59d44-903c-f011-b4cc-7c1e520a4e64"
                },
                "body": {
                  "boolean": true
                },
                "retryPolicy": {
                  "type": "none"
                }
              }
            }
          },
          "runAfter": {
            "Ensure_Config_Data": [
              "Succeeded"
            ]
          },
          "metadata": {
            "operationMetadataId": "7fc85721-1416-44d0-97bc-0eaeb4744037"
          },
          "type": "Scope"
        },
        "Ensure_Environment_Configuration_Baseline": {
          "actions": {
            "SCuBA_Setup_|_Ensure_Tenant_Configuration_Baseline": {
              "runAfter": {},
              "metadata": {
                "operationMetadataId": "88d529f6-7584-4073-9f16-6d36c10ee7cd"
              },
              "type": "Workflow",
              "inputs": {
                "host": {
                  "workflowReferenceName": "d90c680a-634b-f011-8779-000d3a1fdbe4"
                }
              }
            }
          },
          "runAfter": {
            "Respond_to_a_Power_App_or_flow": [
              "Succeeded"
            ]
          },
          "metadata": {
            "operationMetadataId": "84a7746c-b18b-49dc-b844-69a2fba216d5"
          },
          "type": "Scope"
        }
      }
    },
    "templateName": ""
  },
  "schemaVersion": "1.0.0.0"
}