{
  "properties": {
    "connectionReferences": {
      "shared_commondataserviceforapps": {
        "runtimeSource": "embedded",
        "connection": {
          "connectionReferenceLogicalName": "admin_CoECoreDataverse2"
        },
        "api": {
          "name": "shared_commondataserviceforapps"
        }
      }
    },
    "definition": {
      "$schema": "https://schema.management.azure.com/providers/Microsoft.Logic/schemas/2016-06-01/workflowdefinition.json#",
      "contentVersion": "1.0.0.0",
      "parameters": {
        "$connections": {
          "defaultValue": {},
          "type": "Object"
        },
        "$authentication": {
          "defaultValue": {},
          "type": "SecureObject"
        }
      },
      "triggers": {
        "manual": {
          "metadata": {
            "operationMetadataId": "290058c2-7472-40fa-9e6f-bbdc15bb5c9a"
          },
          "type": "Request",
          "kind": "Button",
          "inputs": {
            "schema": {
              "type": "object",
              "properties": {
                "text": {
                  "title": "admin_dlppolicyid",
                  "type": "string",
                  "x-ms-dynamically-added": true,
                  "description": "Please enter your input",
                  "x-ms-content-hint": "TEXT"
                }
              },
              "required": [
                "text"
              ]
            }
          }
        }
      },
      "actions": {
        "Default_Connectors_Classification": {
          "runAfter": {
            "Init_BlockedConnectorFetchXml": [
              "Succeeded"
            ]
          },
          "metadata": {
            "operationMetadataId": "dffc7bef-941b-42e1-9475-09ab38a49972"
          },
          "type": "OpenApiConnection",
          "inputs": {
            "host": {
              "connectionName": "shared_commondataserviceforapps",
              "operationId": "GetItem",
              "apiId": "/providers/Microsoft.PowerApps/apis/shared_commondataserviceforapps"
            },
            "parameters": {
              "entityName": "admin_dlppolicies",
              "recordId": "@triggerBody()['text']",
              "$select": "admin_dlppolicyid,admin_defaultconnectorsclassification,admin_dayzeropolicy,admin_type"
            },
            "authentication": {
              "type": "Raw",
              "value": "@json(decodeBase64(triggerOutputs().headers['X-MS-APIM-Tokens']))['$ConnectionKey']"
            }
          }
        },
        "Init_ConfidentialConnectorFetchXml": {
          "runAfter": {},
          "metadata": {
            "operationMetadataId": "6c45b970-0f54-4751-8c83-49bd84603377"
          },
          "type": "InitializeVariable",
          "inputs": {
            "variables": [
              {
                "name": "ConfidentialConnectorFetchXml",
                "type": "string",
                "value": "<fetch>\n  <entity name=\"admin_connector\">\n    <attribute name=\"admin_displayname\" />\n    <attribute name=\"admin_id\" />\n    <attribute name=\"admin_connectorid\" />\n    <filter>\n      <condition attribute=\"{1}\" operator=\"eq\" value=\"1\" />\n      <link-entity name=\"admin_scuba_confidential_policy_conn_join\" from=\"admin_connectorid\" to=\"admin_connectorid\" link-type=\"any\" alias=\"join\">\n        <filter>\n          <condition attribute=\"admin_dlppolicyid\" operator=\"eq\" value=\"{0}\" />\n        </filter>\n      </link-entity>\n    </filter>\n  </entity>\n</fetch>"
              }
            ]
          }
        },
        "Init_GeneralConnectorFetchXml": {
          "runAfter": {
            "Init_ConfidentialConnectorFetchXml": [
              "Succeeded"
            ]
          },
          "metadata": {
            "operationMetadataId": "760cac7d-fa28-43b2-aa48-853cae77aa24"
          },
          "type": "InitializeVariable",
          "inputs": {
            "variables": [
              {
                "name": "GeneralConnectorFetchXml",
                "type": "string",
                "value": "<fetch>\n  <entity name=\"admin_connector\">\n    <attribute name=\"admin_displayname\" />\n    <attribute name=\"admin_id\" />\n    <attribute name=\"admin_connectorid\" />\n    <filter>\n      <condition attribute=\"admin_isblockable\" operator=\"ne\" value=\"1\" />\n    </filter>    \n    <filter type=\"or\">\n        <link-entity name=\"admin_scuba_confidential_policy_conn_join\" from=\"admin_connectorid\" to=\"admin_connectorid\" link-type=\"not any\">\n          <filter>\n            <condition attribute=\"admin_dlppolicyid\" operator=\"eq\" value=\"{0}\" />\n          </filter>\n        </link-entity>\n        <filter>\n          <condition attribute=\"{1}\" operator=\"ne\" value=\"1\" />\n          <link-entity name=\"admin_scuba_confidential_policy_conn_join\" from=\"admin_connectorid\" to=\"admin_connectorid\" link-type=\"any\">\n            <filter>\n              <condition attribute=\"admin_dlppolicyid\" operator=\"eq\" value=\"{0}\" />\n            </filter>\n          </link-entity>\n        </filter>\n    </filter>\n  </entity>\n</fetch>"
              }
            ]
          }
        },
        "Init_BlockedConnectorFetchXml": {
          "runAfter": {
            "Init_GeneralConnectorFetchXml": [
              "Succeeded"
            ]
          },
          "metadata": {
            "operationMetadataId": "213a2992-5346-4dcc-bace-d3ecd6e9dd74"
          },
          "type": "InitializeVariable",
          "inputs": {
            "variables": [
              {
                "name": "BlockedConnectorFetchXml",
                "type": "string",
                "value": "<fetch>\n  <entity name=\"admin_connector\">\n    <attribute name=\"admin_displayname\" />\n    <attribute name=\"admin_id\" />\n    <attribute name=\"admin_connectorid\" />\n    <filter>\n      <condition attribute=\"admin_isblockable\" operator=\"eq\" value=\"1\" />\n    </filter>\n    <filter type=\"or\">\n        <condition attribute=\"{1}\" operator=\"ne\" value=\"1\" />   \n        <link-entity name=\"admin_scuba_confidential_policy_conn_join\" from=\"admin_connectorid\" to=\"admin_connectorid\" link-type=\"not any\">\n          <filter>\n            <condition attribute=\"admin_dlppolicyid\" operator=\"eq\" value=\"{0}\" />\n          </filter>\n        </link-entity>      \n     </filter>\n  </entity>\n</fetch>"
              }
            ]
          }
        },
        "Generate_Confidential_JSON": {
          "runAfter": {
            "Initialize_variable": [
              "Succeeded"
            ]
          },
          "metadata": {
            "operationMetadataId": "82a306a4-ad46-407b-aa02-0950052976b9"
          },
          "type": "Workflow",
          "inputs": {
            "host": {
              "workflowReferenceName": "8d266cd8-9e40-f011-b4cb-7c1e5215ea1b"
            },
            "body": {
              "text": "Confidential",
              "text_1": "@replace(replace(variables('ConfidentialConnectorFetchXml'),'{0}',triggerBody()['text']),'{1}',variables('AuthorizedFor'))"
            },
            "retryPolicy": {
              "type": "none"
            }
          }
        },
        "Generate_General_JSON": {
          "runAfter": {
            "Initialize_variable": [
              "Succeeded"
            ]
          },
          "metadata": {
            "operationMetadataId": "ef92f2d8-3848-4e4f-899b-6f595b59d0b4"
          },
          "type": "Workflow",
          "inputs": {
            "host": {
              "workflowReferenceName": "8d266cd8-9e40-f011-b4cb-7c1e5215ea1b"
            },
            "body": {
              "text": "General",
              "text_1": "@replace(replace(variables('GeneralConnectorFetchXml'),'{0}',triggerBody()['text']),'{1}',variables('AuthorizedFor'))"
            },
            "retryPolicy": {
              "type": "none"
            }
          }
        },
        "Generate_Blocked_JSON": {
          "runAfter": {
            "Initialize_variable": [
              "Succeeded"
            ]
          },
          "metadata": {
            "operationMetadataId": "bd4311b4-0fa4-4bff-9055-7f0bde1da3ae"
          },
          "type": "Workflow",
          "inputs": {
            "host": {
              "workflowReferenceName": "8d266cd8-9e40-f011-b4cb-7c1e5215ea1b"
            },
            "body": {
              "text": "Blocked",
              "text_1": "@replace(replace(variables('BlockedConnectorFetchXml'),'{0}',triggerBody()['text']),'{1}',variables('AuthorizedFor'))"
            },
            "retryPolicy": {
              "type": "none"
            }
          }
        },
        "Compose": {
          "runAfter": {
            "Generate_Confidential_JSON": [
              "Succeeded"
            ],
            "Generate_General_JSON": [
              "Succeeded"
            ],
            "Generate_Blocked_JSON": [
              "Succeeded"
            ]
          },
          "metadata": {
            "operationMetadataId": "60ab05bf-6113-4baf-92ae-56b5d07f47b0"
          },
          "type": "Compose",
          "inputs": [
            "@body('Generate_Confidential_JSON')",
            "@body('Generate_General_JSON')",
            "@body('Generate_Blocked_JSON')"
          ]
        },
        "Response": {
          "runAfter": {
            "Compose": [
              "Succeeded"
            ]
          },
          "metadata": {
            "operationMetadataId": "61ac5fb3-f6b2-469d-b9fb-b45037822895"
          },
          "type": "Response",
          "kind": "Http",
          "inputs": {
            "statusCode": 200,
            "body": "@outputs('Compose')",
            "schema": {
              "type": "array",
              "items": {
                "type": "object",
                "properties": {
                  "classification": {
                    "type": "string"
                  },
                  "connectors": {
                    "type": "array",
                    "items": {
                      "type": "object",
                      "properties": {
                        "id": {
                          "type": "string"
                        },
                        "type": {
                          "type": "string"
                        },
                        "name": {
                          "type": "string"
                        }
                      },
                      "required": [
                        "id",
                        "type",
                        "name"
                      ]
                    }
                  }
                },
                "required": [
                  "classification",
                  "connectors"
                ]
              }
            }
          }
        },
        "Initialize_variable": {
          "runAfter": {
            "Default_Connectors_Classification": [
              "Succeeded"
            ]
          },
          "metadata": {
            "operationMetadataId": "e9b21297-898e-4b63-94f1-fcdb17d7aeac"
          },
          "type": "InitializeVariable",
          "inputs": {
            "variables": [
              {
                "name": "AuthorizedFor",
                "type": "string",
                "value": "@{if(outputs('Default_Connectors_Classification')?['body/admin_type'],'admin_authorizedfordedicated','admin_authorizedforbaseline')}"
              }
            ]
          }
        }
      }
    },
    "templateName": ""
  },
  "schemaVersion": "1.0.0.0"
}