{
  "properties": {
    "connectionReferences": {
      "shared_commondataserviceforapps": {
        "runtimeSource": "embedded",
        "connection": {
          "connectionReferenceLogicalName": "admin_CoECoreDataverse2"
        },
        "api": {
          "name": "shared_commondataserviceforapps"
        }
      }
    },
    "definition": {
      "$schema": "https://schema.management.azure.com/providers/Microsoft.Logic/schemas/2016-06-01/workflowdefinition.json#",
      "contentVersion": "1.0.0.0",
      "parameters": {
        "$connections": {
          "defaultValue": {},
          "type": "Object"
        },
        "$authentication": {
          "defaultValue": {},
          "type": "SecureObject"
        }
      },
      "triggers": {
        "manual": {
          "metadata": {
            "operationMetadataId": "1ca06549-7438-4df3-9523-98e491217e71"
          },
          "type": "Request",
          "kind": "PowerAppV2",
          "inputs": {
            "schema": {
              "type": "object",
              "properties": {},
              "required": []
            }
          }
        }
      },
      "actions": {
        "Import_Stand-Alone_Config_Data": {
          "actions": {
            "environmentpurposecategory": {
              "actions": {
                "Get_admin_environmentpurposecategory": {
                  "runAfter": {},
                  "metadata": {
                    "operationMetadataId": "d66488a5-3659-4131-94c8-036190645146"
                  },
                  "type": "Workflow",
                  "inputs": {
                    "host": {
                      "workflowReferenceName": "c7cc56bd-1046-f011-877a-7c1e5215ea1b"
                    },
                    "body": {
                      "text": "admin_environmentpurposecategory"
                    }
                  }
                },
                "Apply_to_each": {
                  "foreach": "@body('Get_admin_environmentpurposecategory')",
                  "actions": {
                    "Compose": {
                      "runAfter": {},
                      "metadata": {
                        "operationMetadataId": "958e36ae-3ce2-4153-9522-695ac3bd055c"
                      },
                      "type": "Compose",
                      "inputs": "@items('Apply_to_each')"
                    },
                    "Upsert_Environment_Purpose_Categories": {
                      "runAfter": {
                        "Compose": [
                          "Succeeded"
                        ]
                      },
                      "metadata": {
                        "operationMetadataId": "2602a74c-5195-490c-929a-f245469ff180"
                      },
                      "type": "OpenApiConnection",
                      "inputs": {
                        "host": {
                          "connectionName": "shared_commondataserviceforapps",
                          "operationId": "UpdateRecord",
                          "apiId": "/providers/Microsoft.PowerApps/apis/shared_commondataserviceforapps"
                        },
                        "parameters": {
                          "entityName": "admin_environmentpurposecategories",
                          "recordId": "@items('Apply_to_each')['admin_environmentpurposecategoryid']",
                          "item/admin_purposecategory": "@items('Apply_to_each')['admin_purposecategory']",
                          "item/admin_almpurposes": "@items('Apply_to_each')?['admin_almpurposes']",
                          "item/admin_description": "@items('Apply_to_each')?['admin_description']"
                        },
                        "authentication": "@parameters('$authentication')"
                      }
                    }
                  },
                  "runAfter": {
                    "Get_admin_environmentpurposecategory": [
                      "Succeeded"
                    ]
                  },
                  "metadata": {
                    "operationMetadataId": "33cea821-4a00-43b2-9a30-380ee637bc6b"
                  },
                  "type": "Foreach",
                  "runtimeConfiguration": {
                    "concurrency": {
                      "repetitions": 50
                    }
                  }
                }
              },
              "runAfter": {},
              "metadata": {
                "operationMetadataId": "fdaef470-8f52-4139-a9b4-0d00d04ca206"
              },
              "type": "Scope"
            },
            "environmentskugovernancesettings": {
              "actions": {
                "Get_admin_environmentskugovernancesettings": {
                  "runAfter": {},
                  "metadata": {
                    "operationMetadataId": "45bd1abb-b5b4-4ea1-83da-a4d727705533"
                  },
                  "type": "Workflow",
                  "inputs": {
                    "host": {
                      "workflowReferenceName": "c7cc56bd-1046-f011-877a-7c1e5215ea1b"
                    },
                    "body": {
                      "text": "admin_environmentskugovernancesettings"
                    }
                  }
                },
                "Apply_to_each_2": {
                  "foreach": "@body('Get_admin_environmentskugovernancesettings')",
                  "actions": {
                    "Upsert_a_row": {
                      "runAfter": {},
                      "metadata": {
                        "operationMetadataId": "781b0863-5da1-441b-afe5-b14240e9894b"
                      },
                      "type": "OpenApiConnection",
                      "inputs": {
                        "host": {
                          "connectionName": "shared_commondataserviceforapps",
                          "operationId": "UpdateRecord",
                          "apiId": "/providers/Microsoft.PowerApps/apis/shared_commondataserviceforapps"
                        },
                        "parameters": {
                          "entityName": "admin_environmentskugovernancesettingses",
                          "recordId": "@items('Apply_to_each_2')['admin_environmentskugovernancesettingsid']",
                          "item/admin_sku": "@items('Apply_to_each_2')['admin_sku']"
                        },
                        "authentication": "@parameters('$authentication')"
                      }
                    }
                  },
                  "runAfter": {
                    "Get_admin_environmentskugovernancesettings": [
                      "Succeeded"
                    ]
                  },
                  "metadata": {
                    "operationMetadataId": "4e1867f5-1a73-42c3-bbd0-5769030a72a6"
                  },
                  "type": "Foreach"
                }
              },
              "runAfter": {},
              "metadata": {
                "operationMetadataId": "5bbd8ab2-1c15-4955-a714-aa0ae4d92b00"
              },
              "type": "Scope"
            }
          },
          "runAfter": {},
          "metadata": {
            "operationMetadataId": "2c85f26a-10d0-4011-9a39-4403f79ee9f6"
          },
          "type": "Scope"
        },
        "Respond_to_a_Power_App_or_flow": {
          "runAfter": {
            "Import_Stand-Alone_Config_Data": [
              "Succeeded"
            ]
          },
          "metadata": {
            "operationMetadataId": "bc7fc99b-b85d-468f-80ab-4da6635cd10f"
          },
          "type": "Response",
          "kind": "PowerApp",
          "inputs": {
            "statusCode": 200,
            "body": {},
            "schema": {
              "type": "object",
              "properties": {}
            }
          }
        }
      }
    },
    "templateName": ""
  },
  "schemaVersion": "1.0.0.0"
}