{
  "properties": {
    "connectionReferences": {
      "shared_commondataserviceforapps": {
        "runtimeSource": "embedded",
        "connection": {
          "connectionReferenceLogicalName": "admin_CoECoreDataverse2"
        },
        "api": {
          "name": "shared_commondataserviceforapps"
        }
      }
    },
    "definition": {
      "$schema": "https://schema.management.azure.com/providers/Microsoft.Logic/schemas/2016-06-01/workflowdefinition.json#",
      "contentVersion": "1.0.0.0",
      "parameters": {
        "$connections": {
          "defaultValue": {},
          "type": "Object"
        },
        "$authentication": {
          "defaultValue": {},
          "type": "SecureObject"
        }
      },
      "triggers": {
        "manual": {
          "metadata": {
            "operationMetadataId": "ff4ff289-b348-4534-982b-2eaaa89c7420"
          },
          "type": "Request",
          "kind": "Button",
          "inputs": {
            "schema": {
              "type": "object",
              "properties": {
                "text": {
                  "title": "admin_dlppolicyid",
                  "type": "string",
                  "x-ms-dynamically-added": true,
                  "description": "Please enter your input",
                  "x-ms-content-hint": "TEXT"
                }
              },
              "required": [
                "text"
              ]
            }
          }
        }
      },
      "actions": {
        "Initialize_variable": {
          "runAfter": {},
          "metadata": {
            "operationMetadataId": "4ff6a270-42f8-4c5c-82ae-1bce4aa8ba7e"
          },
          "type": "InitializeVariable",
          "inputs": {
            "variables": [
              {
                "name": "ConnectorActionConfigurationFetchXml",
                "type": "string"
              }
            ]
          }
        },
        "Default_Connectors_Classification": {
          "runAfter": {
            "Init_connectorActionConfigurations": [
              "Succeeded"
            ]
          },
          "metadata": {
            "operationMetadataId": "dffc7bef-941b-42e1-9475-09ab38a49972"
          },
          "type": "OpenApiConnection",
          "inputs": {
            "host": {
              "connectionName": "shared_commondataserviceforapps",
              "operationId": "GetItem",
              "apiId": "/providers/Microsoft.PowerApps/apis/shared_commondataserviceforapps"
            },
            "parameters": {
              "entityName": "admin_dlppolicies",
              "recordId": "@triggerBody()['text']",
              "$select": "admin_dlppolicyid,admin_defaultconnectorsclassification"
            },
            "authentication": {
              "type": "Raw",
              "value": "@json(decodeBase64(triggerOutputs().headers['X-MS-APIM-Tokens']))['$ConnectionKey']"
            }
          }
        },
        "Set_Connector_Fetchxml": {
          "actions": {
            "Switch": {
              "runAfter": {},
              "cases": {
                "Blocked": {
                  "case": 0,
                  "actions": {
                    "Set_variable": {
                      "runAfter": {},
                      "metadata": {
                        "operationMetadataId": "ad1eae6c-a0a5-464c-8ed7-896274c88ba3"
                      },
                      "type": "SetVariable",
                      "inputs": {
                        "name": "ConnectorActionConfigurationFetchXml",
                        "value": "<fetch>\n  <!-- Default Connectors Classification: Blocked     -->\n  <entity name=\"admin_connector\">\n    <attribute name=\"admin_connectorid\" />\n    <attribute name=\"admin_id\" />\n    <!-- Authorization Filter -->\n    <filter>\n      <condition attribute=\"admin_authorized\" operator=\"eq\" value=\"1\" />\n      <condition attribute=\"admin_isblockable\" operator=\"eq\" value=\"1\" />\n    </filter>\n    <!-- Policy Filter -->\n    <filter type=\"or\">\n      <!-- Business / Confidential -->\n      <filter>\n        <condition attribute=\"admin_authorizedforconfidential\" operator=\"eq\" value=\"1\" />\n        <link-entity name=\"admin_scuba_confidential_policy_conn_join\" from=\"admin_connectorid\" to=\"admin_connectorid\" link-type=\"any\" alias=\"join\">\n          <filter>\n            <condition attribute=\"admin_dlppolicyid\" operator=\"eq\" value=\"@{triggerBody()['text']}\" />\n          </filter>\n        </link-entity>\n      </filter>\n      <!-- Non Business -->\n      <filter>\n        <condition attribute=\"admin_authorizedforgeneral\" operator=\"eq\" value=\"1\" />\n        <link-entity name=\"admin_scuba_general_policy_connectors_join\" from=\"admin_connectorid\" to=\"admin_connectorid\" link-type=\"any\">\n          <filter>\n            <condition attribute=\"admin_dlppolicyid\" operator=\"eq\" value=\"@{triggerBody()['text']}\" />\n          </filter>\n        </link-entity>\n      </filter>\n    </filter>\n    <!-- Action Configuration Filter -->\n    <filter type=\"or\">\n      <condition attribute=\"admin_defaultconnectoractionsettings\" operator=\"eq\" value=\"1\" />\n      <link-entity name=\"admin_connectoractionconfiguration\" from=\"admin_connector\" to=\"admin_connectorid\" link-type=\"any\">\n        <filter>\n          <condition attribute=\"admin_policy\" operator=\"eq\" value=\"@{triggerBody()['text']}\" />\n        </filter>\n      </link-entity>\n    </filter>\n    <link-entity name=\"admin_connectoractionconfiguration\" from=\"admin_connector\" to=\"admin_connectorid\" link-type=\"outer\" alias=\"policy\">\n      <attribute name=\"admin_defaultconnectoractionsettings\" alias=\"admin_defaultconnectoractionsettings\" />\n      <filter>\n        <condition attribute=\"admin_policy\" operator=\"eq\" value=\"@{triggerBody()['text']}\" />\n      </filter>\n    </link-entity>\n  </entity>\n</fetch>"
                      }
                    }
                  }
                },
                "Non-Business": {
                  "case": 1,
                  "actions": {
                    "Set_variable_2": {
                      "runAfter": {},
                      "metadata": {
                        "operationMetadataId": "3abfb0a4-4533-4c29-b311-fb82fcab2107"
                      },
                      "type": "SetVariable",
                      "inputs": {
                        "name": "ConnectorActionConfigurationFetchXml",
                        "value": "<fetch>\n  <!-- Default Connectors Classification: Blocked     -->\n  <entity name=\"admin_connector\">\n    <attribute name=\"admin_connectorid\" />\n    <attribute name=\"admin_id\" />\n    <!-- Authorization Filter -->\n    <filter>\n      <condition attribute=\"admin_authorized\" operator=\"eq\" value=\"1\" />\n      <condition attribute=\"admin_isblockable\" operator=\"eq\" value=\"1\" />\n    </filter>\n    <!-- Policy Filter -->\n    <filter type=\"or\">\n      <!-- Business / Confidential -->\n      <filter>\n        <condition attribute=\"admin_authorizedforconfidential\" operator=\"eq\" value=\"1\" />\n        <link-entity name=\"admin_scuba_confidential_policy_conn_join\" from=\"admin_connectorid\" to=\"admin_connectorid\" link-type=\"any\" >\n          <filter>\n            <condition attribute=\"admin_dlppolicyid\" operator=\"eq\" value=\"@{triggerBody()['text']}\" />\n          </filter>\n        </link-entity>\n      </filter>\n      <!-- Blocked -->\n      <filter>\n        <link-entity name=\"admin_scuba_blocked_policy_connectors_join\" from=\"admin_connectorid\" to=\"admin_connectorid\" link-type=\"not any\">\n          <filter>\n            <condition attribute=\"admin_dlppolicyid\" operator=\"eq\" value=\"@{triggerBody()['text']}\" />\n          </filter>\n        </link-entity>\n        <filter>\n          <condition attribute=\"admin_authorizedforconfidential\" operator=\"eq\" value=\"0\" />\n          <link-entity name=\"admin_scuba_confidential_policy_conn_join\" from=\"admin_connectorid\" to=\"admin_connectorid\" link-type=\"not any\" >\n            <filter>\n              <condition attribute=\"admin_dlppolicyid\" operator=\"eq\" value=\"@{triggerBody()['text']}\" />\n            </filter>\n          </link-entity>\n        </filter>       \n      </filter>\n    </filter>\n    <!-- Action Configuration Filter -->\n    <filter type=\"or\">\n      <condition attribute=\"admin_defaultconnectoractionsettings\" operator=\"eq\" value=\"1\" />\n      <link-entity name=\"admin_connectoractionconfiguration\" from=\"admin_connector\" to=\"admin_connectorid\" link-type=\"any\">\n        <filter>\n          <condition attribute=\"admin_policy\" operator=\"eq\" value=\"@{triggerBody()['text']}\" />\n        </filter>\n      </link-entity>\n    </filter>\n    <link-entity name=\"admin_connectoractionconfiguration\" from=\"admin_connector\" to=\"admin_connectorid\" link-type=\"outer\" alias=\"policy\">\n      <attribute name=\"admin_defaultconnectoractionsettings\" alias=\"admin_defaultconnectoractionsettings\" />\n      <filter>\n        <condition attribute=\"admin_policy\" operator=\"eq\" value=\"@{triggerBody()['text']}\" />\n      </filter>\n    </link-entity>\n  </entity>\n</fetch>"
                      }
                    }
                  }
                },
                "Business": {
                  "case": 2,
                  "actions": {
                    "Set_variable_3": {
                      "runAfter": {},
                      "metadata": {
                        "operationMetadataId": "9141c457-8f48-42fd-98ed-28f76c708210"
                      },
                      "type": "SetVariable",
                      "inputs": {
                        "name": "ConnectorActionConfigurationFetchXml",
                        "value": "<fetch>\n  <!-- Default Connectors Classification: Blocked     -->\n  <entity name=\"admin_connector\">\n    <attribute name=\"admin_connectorid\" />\n    <attribute name=\"admin_id\" />\n    <!-- Authorization Filter -->\n    <filter>\n      <condition attribute=\"admin_authorized\" operator=\"eq\" value=\"1\" />\n      <condition attribute=\"admin_isblockable\" operator=\"eq\" value=\"1\" />\n    </filter>\n    <!-- Policy Filter -->\n    <!-- Blocked -->\n    <filter type=\"or\">\n      <filter>\n        <link-entity name=\"admin_scuba_blocked_policy_connectors_join\" from=\"admin_connectorid\" to=\"admin_connectorid\" link-type=\"not any\">\n          <filter>\n            <condition attribute=\"admin_dlppolicyid\" operator=\"eq\" value=\"@{triggerBody()['text']}\" />\n          </filter>\n        </link-entity>\n      </filter>\n    </filter>\n    <!-- Action Configuration Filter -->\n    <filter type=\"or\">\n      <condition attribute=\"admin_defaultconnectoractionsettings\" operator=\"eq\" value=\"1\" />\n      <link-entity name=\"admin_connectoractionconfiguration\" from=\"admin_connector\" to=\"admin_connectorid\" link-type=\"any\">\n        <filter>\n          <condition attribute=\"admin_policy\" operator=\"eq\" value=\"@{triggerBody()['text']}\" />\n        </filter>\n      </link-entity>\n    </filter>\n    <link-entity name=\"admin_connectoractionconfiguration\" from=\"admin_connector\" to=\"admin_connectorid\" link-type=\"outer\" alias=\"policy\">\n      <attribute name=\"admin_defaultconnectoractionsettings\" alias=\"admin_defaultconnectoractionsettings\" />\n      <filter>\n        <condition attribute=\"admin_policy\" operator=\"eq\" value=\"@{triggerBody()['text']}\" />\n      </filter>\n    </link-entity>\n  </entity>\n</fetch>"
                      }
                    }
                  }
                }
              },
              "default": {
                "actions": {}
              },
              "expression": "@coalesce(outputs('Default_Connectors_Classification')?['body/admin_defaultconnectorsclassification'], 0)",
              "metadata": {
                "operationMetadataId": "418181fa-e808-40ff-9ba9-4f5e41b55d15"
              },
              "type": "Switch"
            }
          },
          "runAfter": {
            "Default_Connectors_Classification": [
              "Succeeded"
            ]
          },
          "metadata": {
            "operationMetadataId": "64a0985b-6a69-486a-8b01-0ec1fbae7326"
          },
          "type": "Scope"
        },
        "Process_Connector_Action_Configuration": {
          "actions": {
            "Connectors": {
              "runAfter": {},
              "metadata": {
                "operationMetadataId": "c31da713-2f26-46d6-8033-02b44c641450"
              },
              "type": "OpenApiConnection",
              "inputs": {
                "host": {
                  "connectionName": "shared_commondataserviceforapps",
                  "operationId": "ListRecords",
                  "apiId": "/providers/Microsoft.PowerApps/apis/shared_commondataserviceforapps"
                },
                "parameters": {
                  "entityName": "admin_connectors",
                  "fetchXml": "@variables('ConnectorActionConfigurationFetchXml')"
                },
                "authentication": {
                  "type": "Raw",
                  "value": "@json(decodeBase64(triggerOutputs().headers['X-MS-APIM-Tokens']))['$ConnectionKey']"
                }
              }
            },
            "Apply_to_each": {
              "foreach": "@outputs('Connectors')?['body/value']",
              "actions": {
                "ActionRules": {
                  "runAfter": {},
                  "metadata": {
                    "operationMetadataId": "0a7be382-6fce-4ec2-bde9-d13a7954b336"
                  },
                  "type": "OpenApiConnection",
                  "inputs": {
                    "host": {
                      "connectionName": "shared_commondataserviceforapps",
                      "operationId": "ListRecords",
                      "apiId": "/providers/Microsoft.PowerApps/apis/shared_commondataserviceforapps"
                    },
                    "parameters": {
                      "entityName": "admin_powerappsconnectoractionses",
                      "fetchXml": "<fetch>\n  <entity name=\"admin_powerappsconnectoractions\">\n    <attribute name=\"admin_name\" />\n    <attribute name=\"admin_appliedblock\" />\n    <filter>\n      <condition attribute=\"admin_connector\" operator=\"eq\" value=\"@{items('Apply_to_each')?['admin_connectorid']}\" />\n    </filter>\n    <link-entity name=\"admin_actionconfigurationrule\" from=\"admin_connectoraction\" to=\"admin_powerappsconnectoractionsid\" link-type=\"outer\" alias=\"policyconfig\">\n      <attribute name=\"admin_appliedblock\" />\n      <filter>\n        <link-entity name=\"admin_connectoractionconfiguration\" from=\"admin_connectoractionconfigurationid\" to=\"admin_actionconfiguration\" link-type=\"any\">\n          <filter>\n            <condition attribute=\"admin_policy\" operator=\"eq\" value=\"@{triggerBody()['text']}\" />\n          </filter>\n        </link-entity>\n      </filter>\n    </link-entity>\n  </entity>\n</fetch>"
                    },
                    "authentication": {
                      "type": "Raw",
                      "value": "@json(decodeBase64(triggerOutputs().headers['X-MS-APIM-Tokens']))['$ConnectionKey']"
                    }
                  }
                },
                "selectActionRules": {
                  "runAfter": {
                    "connectorActionConfig": [
                      "Succeeded"
                    ]
                  },
                  "metadata": {
                    "operationMetadataId": "6b355315-c305-4bcb-adcb-af3e60e1278f"
                  },
                  "type": "Select",
                  "inputs": {
                    "from": "@outputs('ActionRules')?['body/value']",
                    "select": {
                      "actionId": "@item()?['admin_name']",
                      "behavior": "@if(coalesce(item()?['policyconfig.admin_appliedblock'],item()?['admin_appliedblock'],false),'Block','Allow')"
                    }
                  }
                },
                "connectorActionConfig": {
                  "runAfter": {
                    "Compose_2": [
                      "Succeeded"
                    ]
                  },
                  "metadata": {
                    "operationMetadataId": "7b525ec9-6cc9-47ab-b3ec-1006bb841a76"
                  },
                  "type": "Compose",
                  "inputs": {
                    "connectorId": "@{items('Apply_to_each')?['admin_id']}",
                    "defaultConnectorActionRuleBehavior": "@{if(coalesce(items('Apply_to_each')?['admin_defaultconnectoractionsettings'],true),'Block','Allow')}"
                  }
                },
                "Compose_2": {
                  "runAfter": {
                    "ActionRules": [
                      "Succeeded"
                    ]
                  },
                  "metadata": {
                    "operationMetadataId": "1188183a-1b89-44eb-a1aa-ef2733bdf44e"
                  },
                  "type": "Compose",
                  "inputs": "@items('Apply_to_each')"
                },
                "filterByBehavior": {
                  "runAfter": {
                    "selectActionRules": [
                      "Succeeded"
                    ]
                  },
                  "metadata": {
                    "operationMetadataId": "3e40275b-17f2-4735-9159-a56f7173a750"
                  },
                  "type": "Query",
                  "inputs": {
                    "from": "@body('selectActionRules')",
                    "where": "@not(equals(item()['behavior'], outputs('connectorActionConfig')['defaultConnectorActionRuleBehavior']))"
                  }
                },
                "Append_to_array_variable": {
                  "runAfter": {
                    "filterByBehavior": [
                      "Succeeded"
                    ]
                  },
                  "metadata": {
                    "operationMetadataId": "9bae2f03-1982-4eae-963d-746bca6fb755"
                  },
                  "type": "AppendToArrayVariable",
                  "inputs": {
                    "name": "connectorActionConfigurations",
                    "value": "@addProperty(outputs('connectorActionConfig'),'actionRules',body('filterByBehavior'))"
                  }
                }
              },
              "runAfter": {
                "Connectors": [
                  "Succeeded"
                ]
              },
              "metadata": {
                "operationMetadataId": "ec0a47f0-e58e-4756-93b7-0ab03af1a5c3"
              },
              "type": "Foreach"
            }
          },
          "runAfter": {
            "Set_Connector_Fetchxml": [
              "Succeeded"
            ]
          },
          "metadata": {
            "operationMetadataId": "3142a2ad-c6cf-4f71-b4e3-25ae5a408689"
          },
          "type": "Scope"
        },
        "Init_connectorActionConfigurations": {
          "runAfter": {
            "Initialize_variable": [
              "Succeeded"
            ]
          },
          "metadata": {
            "operationMetadataId": "b3402bc8-8fb5-47e8-9267-0f79a1df698c"
          },
          "type": "InitializeVariable",
          "inputs": {
            "variables": [
              {
                "name": "connectorActionConfigurations",
                "type": "array"
              }
            ]
          }
        },
        "Response": {
          "runAfter": {
            "Compose": [
              "Succeeded"
            ]
          },
          "metadata": {
            "operationMetadataId": "6079119c-ffd4-4268-ae2b-cfb6a126510a"
          },
          "type": "Response",
          "kind": "Http",
          "inputs": {
            "statusCode": 200,
            "body": "@variables('connectorActionConfigurations')"
          }
        },
        "Compose": {
          "runAfter": {
            "Process_Connector_Action_Configuration": [
              "Succeeded"
            ]
          },
          "metadata": {
            "operationMetadataId": "d5b45f60-2015-4490-93d3-799d6fcbb8f2"
          },
          "type": "Compose",
          "inputs": "@variables('connectorActionConfigurations')"
        }
      }
    },
    "templateName": ""
  },
  "schemaVersion": "1.0.0.0"
}