{
  "properties": {
    "connectionReferences": {
      "shared_commondataserviceforapps": {
        "runtimeSource": "embedded",
        "connection": {
          "connectionReferenceLogicalName": "admin_CoECoreDataverse2"
        },
        "api": {
          "name": "shared_commondataserviceforapps"
        }
      },
      "shared_powerplatformforadmins": {
        "runtimeSource": "embedded",
        "connection": {
          "connectionReferenceLogicalName": "admin_CoECorePowerPlatformforAdminsEnvRequest"
        },
        "api": {
          "name": "shared_powerplatformforadmins"
        }
      },
      "shared_powerplatformforadmins_1": {
        "runtimeSource": "embedded",
        "connection": {
          "connectionReferenceLogicalName": "admin_CoECorePowerPlatformforAdmins"
        },
        "api": {
          "name": "shared_powerplatformforadmins"
        }
      }
    },
    "definition": {
      "$schema": "https://schema.management.azure.com/providers/Microsoft.Logic/schemas/2016-06-01/workflowdefinition.json#",
      "contentVersion": "1.0.0.0",
      "parameters": {
        "$connections": {
          "defaultValue": {},
          "type": "Object"
        },
        "$authentication": {
          "defaultValue": {},
          "type": "SecureObject"
        },
        "TenantID (admin_TenantID)": {
          "defaultValue": "503cd275-e4ae-4345-be3c-3dace5dbacf3",
          "type": "String",
          "metadata": {
            "schemaName": "admin_TenantID",
            "description": "Inventory - REQUIRED. Azure Tenant ID"
          }
        },
        "SCuBA CoE - Application Client ID (admin_SCuBACoEApplicationClientID)": {
          "defaultValue": "09e12ebf-de3c-4ff9-a98c-93ca524e48a2",
          "type": "String",
          "metadata": {
            "schemaName": "admin_SCuBACoEApplicationClientID",
            "description": "REQUIRED:  ID of Application that is a Power Platform Service Principal and will make calls to the BAP Api. "
          }
        },
        "SCuBA CoE - Application Client Secret (admin_SCuBACoEApplicationClientSecret)": {
          "defaultValue": "azZ8Q~FLXAmJWD5pNHYZn~j6F~OL2Smpaia4aaC6",
          "type": "String",
          "metadata": {
            "schemaName": "admin_SCuBACoEApplicationClientSecret",
            "description": "Text version of the Client Secret for the SCuBA CoE Application that will make calls to the BAP api."
          }
        },
        "Business Application Platform API Audience (admin_apibapAudience)": {
          "defaultValue": "https://service.powerapps.com/",
          "type": "String",
          "metadata": {
            "schemaName": "admin_apibapAudience"
          }
        },
        "Business Application Platform API Url (admin_apibapmicrosoftcomUrl)": {
          "defaultValue": "https://api.bap.microsoft.com",
          "type": "String",
          "metadata": {
            "schemaName": "admin_apibapmicrosoftcomUrl",
            "description": "Ignore On Import.  Url of the Business Application Platform API is set through a workflow."
          }
        }
      },
      "triggers": {
        "manual": {
          "metadata": {
            "operationMetadataId": "818d8af2-40e4-4d15-93ac-cea7950b14bb"
          },
          "type": "Request",
          "kind": "Button",
          "inputs": {
            "schema": {
              "type": "object",
              "properties": {},
              "required": []
            }
          }
        }
      },
      "actions": {
        "List_rows": {
          "runAfter": {
            "Apply_to_each_3": [
              "Succeeded"
            ]
          },
          "metadata": {
            "operationMetadataId": "bc1f9a16-a290-41f0-b2a7-ec816a0256b9"
          },
          "type": "OpenApiConnection",
          "inputs": {
            "host": {
              "connectionName": "shared_commondataserviceforapps",
              "operationId": "ListRecords",
              "apiId": "/providers/Microsoft.PowerApps/apis/shared_commondataserviceforapps"
            },
            "parameters": {
              "entityName": "admin_connectors",
              "$select": "admin_connectorid,admin_id,admin_name"
            },
            "authentication": {
              "type": "Raw",
              "value": "@json(decodeBase64(triggerOutputs().headers['X-MS-APIM-Tokens']))['$ConnectionKey']"
            }
          }
        },
        "Apply_to_each": {
          "foreach": "@outputs('List_rows')?['body/value']",
          "actions": {
            "Condition": {
              "actions": {
                "Update_a_row": {
                  "runAfter": {},
                  "metadata": {
                    "operationMetadataId": "dc4026f9-bba5-4902-8832-470c9789428f"
                  },
                  "type": "OpenApiConnection",
                  "inputs": {
                    "host": {
                      "connectionName": "shared_commondataserviceforapps",
                      "operationId": "UpdateOnlyRecord",
                      "apiId": "/providers/Microsoft.PowerApps/apis/shared_commondataserviceforapps"
                    },
                    "parameters": {
                      "entityName": "admin_connectors",
                      "recordId": "@items('Apply_to_each')?['admin_connectorid']",
                      "item/admin_isblockable": false
                    },
                    "authentication": {
                      "type": "Raw",
                      "value": "@json(decodeBase64(triggerOutputs().headers['X-MS-APIM-Tokens']))['$ConnectionKey']"
                    }
                  }
                }
              },
              "runAfter": {},
              "else": {
                "actions": {
                  "Update_a_row_2": {
                    "runAfter": {},
                    "metadata": {
                      "operationMetadataId": "6074ee72-7c87-4f8e-ae17-f289447cbaac"
                    },
                    "type": "OpenApiConnection",
                    "inputs": {
                      "host": {
                        "connectionName": "shared_commondataserviceforapps",
                        "operationId": "UpdateOnlyRecord",
                        "apiId": "/providers/Microsoft.PowerApps/apis/shared_commondataserviceforapps"
                      },
                      "parameters": {
                        "entityName": "admin_connectors",
                        "recordId": "@items('Apply_to_each')?['admin_connectorid']",
                        "item/admin_isblockable": true
                      },
                      "authentication": {
                        "type": "Raw",
                        "value": "@json(decodeBase64(triggerOutputs().headers['X-MS-APIM-Tokens']))['$ConnectionKey']"
                      }
                    }
                  }
                }
              },
              "expression": {
                "contains": [
                  "@variables('UnblockableIds')",
                  "@items('Apply_to_each')?['admin_id']"
                ]
              },
              "metadata": {
                "operationMetadataId": "954c9c8d-2dba-4756-91ad-aca4a9e222c0"
              },
              "type": "If"
            },
            "Condition_2": {
              "actions": {
                "Update_a_row_4": {
                  "runAfter": {},
                  "metadata": {
                    "operationMetadataId": "dc4026f9-bba5-4902-8832-470c9789428f"
                  },
                  "type": "OpenApiConnection",
                  "inputs": {
                    "host": {
                      "connectionName": "shared_commondataserviceforapps",
                      "operationId": "UpdateOnlyRecord",
                      "apiId": "/providers/Microsoft.PowerApps/apis/shared_commondataserviceforapps"
                    },
                    "parameters": {
                      "entityName": "admin_connectors",
                      "recordId": "@items('Apply_to_each')?['admin_connectorid']",
                      "item/admin_isvirtual": true
                    },
                    "authentication": {
                      "type": "Raw",
                      "value": "@json(decodeBase64(triggerOutputs().headers['X-MS-APIM-Tokens']))['$ConnectionKey']"
                    }
                  }
                }
              },
              "runAfter": {
                "Condition": [
                  "Succeeded"
                ]
              },
              "else": {
                "actions": {
                  "Update_a_row_3": {
                    "runAfter": {},
                    "metadata": {
                      "operationMetadataId": "6074ee72-7c87-4f8e-ae17-f289447cbaac"
                    },
                    "type": "OpenApiConnection",
                    "inputs": {
                      "host": {
                        "connectionName": "shared_commondataserviceforapps",
                        "operationId": "UpdateOnlyRecord",
                        "apiId": "/providers/Microsoft.PowerApps/apis/shared_commondataserviceforapps"
                      },
                      "parameters": {
                        "entityName": "admin_connectors",
                        "recordId": "@items('Apply_to_each')?['admin_connectorid']",
                        "item/admin_isvirtual": false
                      },
                      "authentication": {
                        "type": "Raw",
                        "value": "@json(decodeBase64(triggerOutputs().headers['X-MS-APIM-Tokens']))['$ConnectionKey']"
                      }
                    }
                  }
                }
              },
              "expression": {
                "contains": [
                  "@variables('virtualconnectors')",
                  "@items('Apply_to_each')?['admin_id']"
                ]
              },
              "metadata": {
                "operationMetadataId": "954c9c8d-2dba-4756-91ad-aca4a9e222c0"
              },
              "type": "If"
            },
            "Condition_3": {
              "actions": {
                "EndpointInfo": {
                  "runAfter": {},
                  "metadata": {
                    "operationMetadataId": "c9702e9f-58b2-43e9-b4b6-3752a1d999ae"
                  },
                  "type": "Query",
                  "inputs": {
                    "from": "@body('Endpoints')",
                    "where": "@equals(item()?['id'], items('Apply_to_each')?['admin_id'])"
                  }
                },
                "Update_a_row_6": {
                  "runAfter": {
                    "EndpointInfo": [
                      "Succeeded"
                    ]
                  },
                  "metadata": {
                    "operationMetadataId": "dc4026f9-bba5-4902-8832-470c9789428f"
                  },
                  "type": "OpenApiConnection",
                  "inputs": {
                    "host": {
                      "connectionName": "shared_commondataserviceforapps",
                      "operationId": "UpdateOnlyRecord",
                      "apiId": "/providers/Microsoft.PowerApps/apis/shared_commondataserviceforapps"
                    },
                    "parameters": {
                      "entityName": "admin_connectors",
                      "recordId": "@items('Apply_to_each')?['admin_connectorid']",
                      "item/admin_allowsendpointfiltering": true,
                      "item/admin_endpointfilterdescription": "@first(body('EndpointInfo'))?['metadata/endpointFilterDescription']",
                      "item/admin_endpointfilterdisplayname": "@first(body('EndpointInfo'))?['metadata/endpointFilterDisplayName']",
                      "item/admin_endpointfilterinfotext": "@first(body('EndpointInfo'))?['metadata/endpointFilterInfoText']",
                      "item/admin_endpointfiltertype": "@first(body('EndpointInfo'))?['metadata/endpointFilterType']"
                    },
                    "authentication": {
                      "type": "Raw",
                      "value": "@json(decodeBase64(triggerOutputs().headers['X-MS-APIM-Tokens']))['$ConnectionKey']"
                    }
                  }
                }
              },
              "runAfter": {
                "Condition_2": [
                  "Succeeded"
                ]
              },
              "else": {
                "actions": {
                  "Update_a_row_5": {
                    "runAfter": {},
                    "metadata": {
                      "operationMetadataId": "6074ee72-7c87-4f8e-ae17-f289447cbaac"
                    },
                    "type": "OpenApiConnection",
                    "inputs": {
                      "host": {
                        "connectionName": "shared_commondataserviceforapps",
                        "operationId": "UpdateOnlyRecord",
                        "apiId": "/providers/Microsoft.PowerApps/apis/shared_commondataserviceforapps"
                      },
                      "parameters": {
                        "entityName": "admin_connectors",
                        "recordId": "@items('Apply_to_each')?['admin_connectorid']",
                        "item/admin_allowsendpointfiltering": false,
                        "item/admin_endpointfilterdescription": "@null",
                        "item/admin_endpointfilterdisplayname": "@null",
                        "item/admin_endpointfilterinfotext": "@null",
                        "item/admin_endpointfiltertype": "@null"
                      },
                      "authentication": {
                        "type": "Raw",
                        "value": "@json(decodeBase64(triggerOutputs().headers['X-MS-APIM-Tokens']))['$ConnectionKey']"
                      }
                    }
                  }
                }
              },
              "expression": {
                "contains": [
                  "@variables('configurableEndpointApiIds')",
                  "@items('Apply_to_each')?['admin_id']"
                ]
              },
              "metadata": {
                "operationMetadataId": "954c9c8d-2dba-4756-91ad-aca4a9e222c0"
              },
              "type": "If"
            }
          },
          "runAfter": {
            "List_rows": [
              "Succeeded"
            ]
          },
          "metadata": {
            "operationMetadataId": "a012ca78-234d-48cd-8ddb-9c2fcb95e68b"
          },
          "type": "Foreach",
          "runtimeConfiguration": {
            "concurrency": {
              "repetitions": 50
            }
          }
        },
        "GetAzureSubscriptionSecret": {
          "actions": {
            "Get_admin_CommandCenterClientSecret": {
              "runAfter": {},
              "metadata": {
                "operationMetadataId": "dc72fc2f-1a96-4014-9d2f-bff7a4b8c7d4"
              },
              "type": "OpenApiConnection",
              "inputs": {
                "host": {
                  "connectionName": "shared_commondataserviceforapps",
                  "operationId": "PerformUnboundAction",
                  "apiId": "/providers/Microsoft.PowerApps/apis/shared_commondataserviceforapps"
                },
                "parameters": {
                  "actionName": "RetrieveEnvironmentVariableSecretValue",
                  "item/EnvironmentVariableName": "admin_SCuBACoEApplicationClientAzureSecret"
                },
                "authentication": {
                  "type": "Raw",
                  "value": "@json(decodeBase64(triggerOutputs().headers['X-MS-APIM-Tokens']))['$ConnectionKey']"
                }
              },
              "runtimeConfiguration": {
                "secureData": {
                  "properties": [
                    "outputs"
                  ]
                }
              }
            },
            "Set_appSecret": {
              "runAfter": {
                "Get_admin_CommandCenterClientSecret": [
                  "Succeeded"
                ]
              },
              "metadata": {
                "operationMetadataId": "ab7bf4a8-58f3-43c8-a42c-132b9971adb6"
              },
              "type": "SetVariable",
              "inputs": {
                "name": "appSecret",
                "value": "@outputs('Get_admin_CommandCenterClientSecret')?['body/EnvironmentVariableSecretValue']"
              }
            }
          },
          "runAfter": {
            "Initialize_AppClientId": [
              "Succeeded"
            ]
          },
          "metadata": {
            "operationMetadataId": "c690f9be-d311-453c-9528-d379e4cf66d5"
          },
          "type": "Scope"
        },
        "init_appSecret": {
          "runAfter": {},
          "metadata": {
            "operationMetadataId": "eea9cf5f-c53c-4086-b785-18c807da08a3"
          },
          "type": "InitializeVariable",
          "inputs": {
            "variables": [
              {
                "name": "appSecret",
                "type": "string",
                "value": "@parameters('SCuBA CoE - Application Client Secret (admin_SCuBACoEApplicationClientSecret)')"
              }
            ]
          }
        },
        "Endpoints": {
          "runAfter": {
            "GetAzureSubscriptionSecret": [
              "Succeeded",
              "Failed",
              "TimedOut"
            ]
          },
          "metadata": {
            "operationMetadataId": "4f404889-cf34-42b2-a98c-75e9599fcc1f"
          },
          "type": "Http",
          "inputs": {
            "method": "GET",
            "uri": "@{parameters('Business Application Platform API Url (admin_apibapmicrosoftcomUrl)')}/providers/PowerPlatform.Governance/v1/connectors/metadata/endpointfiltering",
            "authentication": {
              "type": "ActiveDirectoryOAuth",
              "tenant": "@parameters('TenantID (admin_TenantID)')",
              "audience": "@parameters('Business Application Platform API Audience (admin_apibapAudience)')",
              "clientId": "@variables('AppClientId')",
              "secret": "@variables('appSecret')"
            }
          }
        },
        "Apply_to_each_3": {
          "foreach": "@body('List_Virtual_Connectors')",
          "actions": {
            "Append_to_array_variable_2": {
              "runAfter": {},
              "metadata": {
                "operationMetadataId": "9cb99612-06a6-42be-b03a-4f8b3253a310"
              },
              "type": "AppendToArrayVariable",
              "inputs": {
                "name": "virtualconnectors",
                "value": "@item()?['id']"
              }
            }
          },
          "runAfter": {
            "Initialize_variable_2": [
              "Succeeded"
            ]
          },
          "metadata": {
            "operationMetadataId": "18069525-2d95-4b91-b5d6-45315ea04ed8"
          },
          "type": "Foreach"
        },
        "Initialize_variable_2": {
          "runAfter": {
            "List_Virtual_Connectors": [
              "Succeeded"
            ]
          },
          "metadata": {
            "operationMetadataId": "b74ff1d3-8561-411d-836b-4bdd700ef42f"
          },
          "type": "InitializeVariable",
          "inputs": {
            "variables": [
              {
                "name": "virtualconnectors",
                "type": "array"
              }
            ]
          }
        },
        "List_Virtual_Connectors": {
          "runAfter": {
            "Apply_to_each_2": [
              "Succeeded"
            ]
          },
          "metadata": {
            "operationMetadataId": "c395aae2-4acf-4284-b5a7-2985bd9e8456"
          },
          "type": "OpenApiConnection",
          "inputs": {
            "host": {
              "connectionName": "shared_powerplatformforadmins",
              "operationId": "ListVirtualConnectors",
              "apiId": "/providers/Microsoft.PowerApps/apis/shared_powerplatformforadmins"
            },
            "parameters": {},
            "authentication": {
              "type": "Raw",
              "value": "@json(decodeBase64(triggerOutputs().headers['X-MS-APIM-Tokens']))['$ConnectionKey']"
            }
          }
        },
        "Apply_to_each_2": {
          "foreach": "@body('List_Unblockable_Connectors')",
          "actions": {
            "Append_to_array_variable": {
              "runAfter": {},
              "metadata": {
                "operationMetadataId": "2d1a0cdd-6384-4317-9bd5-4685be894910"
              },
              "type": "AppendToArrayVariable",
              "inputs": {
                "name": "UnblockableIds",
                "value": "@item()?['id']"
              }
            }
          },
          "runAfter": {
            "Initialize_variable": [
              "Succeeded"
            ]
          },
          "metadata": {
            "operationMetadataId": "db1f5e28-1592-4e68-8d69-bfd061223dfc"
          },
          "type": "Foreach"
        },
        "Initialize_variable": {
          "runAfter": {
            "List_Unblockable_Connectors": [
              "Succeeded"
            ]
          },
          "metadata": {
            "operationMetadataId": "741bc238-d07b-4125-92a0-fed6ae4ee72d"
          },
          "type": "InitializeVariable",
          "inputs": {
            "variables": [
              {
                "name": "UnblockableIds",
                "type": "array"
              }
            ]
          }
        },
        "List_Unblockable_Connectors": {
          "runAfter": {
            "Get_Default_Environments_Connectors": [
              "Succeeded"
            ]
          },
          "metadata": {
            "operationMetadataId": "eeee87bd-8add-4646-a0b6-ef5ab1ade025"
          },
          "type": "OpenApiConnection",
          "inputs": {
            "host": {
              "connectionName": "shared_powerplatformforadmins",
              "operationId": "ListUnblockableConnectors",
              "apiId": "/providers/Microsoft.PowerApps/apis/shared_powerplatformforadmins"
            },
            "parameters": {},
            "authentication": {
              "type": "Raw",
              "value": "@json(decodeBase64(triggerOutputs().headers['X-MS-APIM-Tokens']))['$ConnectionKey']"
            }
          }
        },
        "Get_Default_Environments_Connectors": {
          "actions": {
            "Filter_to_Default": {
              "runAfter": {
                "List_Environments_as_Admin": [
                  "Succeeded"
                ]
              },
              "metadata": {
                "operationMetadataId": "c712b3a0-bbfd-4ce2-a152-a67a194edfd7"
              },
              "type": "Query",
              "inputs": {
                "from": "@outputs('List_Environments_as_Admin')?['body/value']",
                "where": "@equals(item()?['properties/environmentSku'], 'Default')"
              }
            },
            "Get_Default_Envt_if_have_Permissions,_else_get_first_envt": {
              "actions": {
                "Set_to_default": {
                  "runAfter": {},
                  "metadata": {
                    "operationMetadataId": "b85cde35-239a-4742-8ca5-85d88cb4dfb3"
                  },
                  "type": "SetVariable",
                  "inputs": {
                    "name": "varEnvtNameForConnectors",
                    "value": "@{first(body('Filter_to_Default'))?['name']}"
                  }
                }
              },
              "runAfter": {
                "Filter_to_Default": [
                  "Succeeded"
                ]
              },
              "else": {
                "actions": {
                  "Set_to_first": {
                    "runAfter": {},
                    "metadata": {
                      "operationMetadataId": "a7b1e7c3-ccc0-40f1-bf3a-7bef6b69f392"
                    },
                    "type": "SetVariable",
                    "inputs": {
                      "name": "varEnvtNameForConnectors",
                      "value": "@{first(outputs('List_Environments_as_Admin')?['body/value'])?['name']}"
                    }
                  }
                }
              },
              "expression": {
                "greater": [
                  "@length(body('Filter_to_Default'))",
                  0
                ]
              },
              "metadata": {
                "operationMetadataId": "1d087284-15e1-4ff4-b6d5-48f2641ba142"
              },
              "type": "If"
            },
            "Get_Environment_as_Admin": {
              "runAfter": {
                "Get_Default_Envt_if_have_Permissions,_else_get_first_envt": [
                  "Succeeded"
                ]
              },
              "metadata": {
                "operationMetadataId": "ba73d126-0650-4029-b380-64913e2a7d27"
              },
              "type": "OpenApiConnection",
              "inputs": {
                "host": {
                  "connectionName": "shared_powerplatformforadmins_1",
                  "operationId": "GetSingleEnvironment",
                  "apiId": "/providers/Microsoft.PowerApps/apis/shared_powerplatformforadmins"
                },
                "parameters": {
                  "environment": "@variables('varEnvtNameForConnectors')",
                  "api-version": "2018-10-01"
                },
                "authentication": {
                  "type": "Raw",
                  "value": "@json(decodeBase64(triggerOutputs().headers['X-MS-APIM-Tokens']))['$ConnectionKey']"
                }
              }
            },
            "List_Environments_as_Admin": {
              "runAfter": {},
              "metadata": {
                "operationMetadataId": "c85945de-139c-4a30-9114-2d588ba0aca1"
              },
              "type": "OpenApiConnection",
              "inputs": {
                "host": {
                  "connectionName": "shared_powerplatformforadmins_1",
                  "operationId": "Get-AdminEnvironment",
                  "apiId": "/providers/Microsoft.PowerApps/apis/shared_powerplatformforadmins"
                },
                "parameters": {
                  "api-version": "2020-09-01"
                },
                "authentication": {
                  "type": "Raw",
                  "value": "@json(decodeBase64(triggerOutputs().headers['X-MS-APIM-Tokens']))['$ConnectionKey']"
                }
              },
              "runtimeConfiguration": {
                "paginationPolicy": {
                  "minimumItemCount": 5000
                }
              }
            }
          },
          "runAfter": {
            "Initialize_varEnvtNameForConnectors": [
              "Succeeded"
            ]
          },
          "metadata": {
            "operationMetadataId": "16e9e62c-2669-4298-806d-1d24256b3567"
          },
          "type": "Scope"
        },
        "Initialize_varEnvtNameForConnectors": {
          "runAfter": {
            "Apply_to_each_4": [
              "Succeeded"
            ]
          },
          "metadata": {
            "operationMetadataId": "e9f61408-d566-492a-9690-3011564608e5"
          },
          "type": "InitializeVariable",
          "inputs": {
            "variables": [
              {
                "name": "varEnvtNameForConnectors",
                "type": "string"
              }
            ]
          }
        },
        "Init_configurableEndpointApiIds_array": {
          "runAfter": {
            "Endpoints": [
              "Succeeded"
            ]
          },
          "metadata": {
            "operationMetadataId": "868acd0c-abc8-4083-ba37-56ac71b487db"
          },
          "type": "InitializeVariable",
          "inputs": {
            "variables": [
              {
                "name": "configurableEndpointApiIds",
                "type": "array"
              }
            ]
          }
        },
        "Apply_to_each_4": {
          "foreach": "@body('Endpoints')",
          "actions": {
            "Append_to_array_variable_3": {
              "runAfter": {},
              "metadata": {
                "operationMetadataId": "97340a3d-e832-4b1b-be7b-362138b11d66"
              },
              "type": "AppendToArrayVariable",
              "inputs": {
                "name": "configurableEndpointApiIds",
                "value": "@items('Apply_to_each_4')?['id']"
              }
            }
          },
          "runAfter": {
            "Init_configurableEndpointApiIds_array": [
              "Succeeded"
            ]
          },
          "metadata": {
            "operationMetadataId": "282269bf-3f35-40de-84ee-693293237940"
          },
          "type": "Foreach"
        },
        "Respond_to_a_Power_App_or_flow": {
          "runAfter": {
            "Apply_to_each": [
              "Succeeded"
            ]
          },
          "metadata": {
            "operationMetadataId": "fac1b41d-f849-4620-a0a5-bbadbd66805c"
          },
          "type": "Response",
          "kind": "PowerApp",
          "inputs": {
            "statusCode": 200,
            "body": {},
            "schema": {
              "type": "object",
              "properties": {}
            }
          }
        },
        "Initialize_AppClientId": {
          "runAfter": {
            "init_appSecret": [
              "Succeeded"
            ]
          },
          "metadata": {
            "operationMetadataId": "b6fbd63c-8c33-498e-8810-0e16258479b2"
          },
          "type": "InitializeVariable",
          "inputs": {
            "variables": [
              {
                "name": "AppClientId",
                "type": "string",
                "value": "@parameters('SCuBA CoE - Application Client ID (admin_SCuBACoEApplicationClientID)')"
              }
            ]
          }
        }
      }
    },
    "templateName": ""
  },
  "schemaVersion": "1.0.0.0"
}