{
  "properties": {
    "connectionReferences": {
      "shared_commondataserviceforapps_1": {
        "runtimeSource": "embedded",
        "connection": {
          "connectionReferenceLogicalName": "admin_CoECoreDataverse"
        },
        "api": {
          "name": "shared_commondataserviceforapps"
        }
      }
    },
    "definition": {
      "$schema": "https://schema.management.azure.com/providers/Microsoft.Logic/schemas/2016-06-01/workflowdefinition.json#",
      "contentVersion": "1.0.0.0",
      "parameters": {
        "$connections": {
          "defaultValue": {},
          "type": "Object"
        },
        "$authentication": {
          "defaultValue": {},
          "type": "SecureObject"
        }
      },
      "triggers": {
        "manual": {
          "metadata": {
            "operationMetadataId": "8144bb9a-e68a-49a3-8f78-7a26886f9a67"
          },
          "type": "Request",
          "kind": "PowerAppV2",
          "inputs": {
            "schema": {
              "type": "object",
              "properties": {
                "text": {
                  "title": "envVarSchemaNames",
                  "type": "string",
                  "x-ms-dynamically-added": true,
                  "description": "Please enter comma seperated list of environment variable names",
                  "x-ms-content-hint": "TEXT"
                }
              },
              "required": [
                "text"
              ]
            }
          }
        }
      },
      "actions": {
        "Initialize_resultCode": {
          "runAfter": {
            "Initialize_environmentVarSchemaNames_array": [
              "Succeeded"
            ]
          },
          "metadata": {
            "operationMetadataId": "a4dfc9eb-2639-439d-9a62-db67746b6b81"
          },
          "type": "InitializeVariable",
          "inputs": {
            "variables": [
              {
                "name": "resultCode",
                "type": "string",
                "value": "200"
              }
            ]
          }
        },
        "Respond_with_error": {
          "actions": {
            "Set_resultcode": {
              "runAfter": {},
              "metadata": {
                "operationMetadataId": "00e016ef-be49-4d8e-9de5-c871e4131090"
              },
              "type": "SetVariable",
              "inputs": {
                "name": "resultCode",
                "value": "500"
              }
            },
            "Compose": {
              "runAfter": {
                "Set_resultcode": [
                  "Succeeded"
                ]
              },
              "metadata": {
                "operationMetadataId": "34adf8be-72b2-43b2-9e97-b8c71cc7e505"
              },
              "type": "Compose",
              "inputs": "@result('ProcessDependencies')"
            },
            "Dependencies": {
              "runAfter": {
                "Compose": [
                  "Succeeded"
                ]
              },
              "metadata": {
                "operationMetadataId": "b09fefe2-7a97-413d-8906-27b085c2e1ad"
              },
              "type": "Query",
              "inputs": {
                "from": "@result('ProcessDependencies')",
                "where": "@equals(item()?['name'], 'EachDependency')"
              }
            },
            "Set_variable": {
              "runAfter": {
                "Dependencies": [
                  "Succeeded"
                ]
              },
              "metadata": {
                "operationMetadataId": "4e0dff85-8931-4479-a39b-3d547ea2f2d6"
              },
              "type": "SetVariable",
              "inputs": {
                "name": "resultMessage",
                "value": "@{body('Dependencies')[0]?['error/message']}"
              }
            }
          },
          "runAfter": {
            "ProcessDependencies": [
              "Failed"
            ]
          },
          "metadata": {
            "operationMetadataId": "d24ba4ab-cb20-4526-90c8-4881ac98797f"
          },
          "type": "Scope"
        },
        "Initialize_environmentVarSchemaNames_array": {
          "runAfter": {},
          "metadata": {
            "operationMetadataId": "0ca7fe3e-a2bf-4c5d-a78a-79a964bbba5a"
          },
          "type": "InitializeVariable",
          "inputs": {
            "variables": [
              {
                "name": "environmentVarSchemaNames",
                "type": "array",
                "value": "@split(triggerBody()['text'],',')"
              }
            ]
          }
        },
        "ValueFetchArray": {
          "runAfter": {
            "Initialize_resultBody": [
              "Succeeded"
            ]
          },
          "metadata": {
            "operationMetadataId": "a1a4ddce-86f7-4091-a6a1-3905068a2dcb"
          },
          "type": "Select",
          "inputs": {
            "from": "@variables('environmentVarSchemaNames')",
            "select": "@concat('<value>',item(),'</value>')"
          }
        },
        "Initialize_resultBody": {
          "runAfter": {
            "Initialize_resultCode": [
              "Succeeded"
            ]
          },
          "metadata": {
            "operationMetadataId": "4e81f221-e21c-4727-b141-c5ec6ea5d166"
          },
          "type": "InitializeVariable",
          "inputs": {
            "variables": [
              {
                "name": "resultMessage",
                "type": "string"
              }
            ]
          }
        },
        "ProcessDependencies": {
          "actions": {
            "EnvVarDependencies": {
              "runAfter": {},
              "metadata": {
                "operationMetadataId": "1cecd300-b681-45f3-826c-f8bd479652be"
              },
              "type": "OpenApiConnection",
              "inputs": {
                "host": {
                  "connectionName": "shared_commondataserviceforapps_1",
                  "operationId": "ListRecords",
                  "apiId": "/providers/Microsoft.PowerApps/apis/shared_commondataserviceforapps"
                },
                "parameters": {
                  "entityName": "dependencynodes",
                  "fetchXml": "<fetch >\n  <entity name=\"dependencynode\">\n    <filter>\n      <condition attribute=\"componenttype\" operator=\"eq\" value=\"29\" />\n      <link-entity name=\"dependency\" from=\"dependentcomponentnodeid\" to=\"dependencynodeid\" link-type=\"any\">\n        <filter>\n          <link-entity name=\"dependencynode\" from=\"dependencynodeid\" to=\"requiredcomponentnodeid\" link-type=\"any\">\n            <filter>\n              <link-entity name=\"environmentvariabledefinition\" from=\"environmentvariabledefinitionid\" to=\"objectid\" link-type=\"any\">\n                <filter>\n             <condition attribute=\"schemaname\" operator=\"in\">\n                    @{join(body('ValueFetchArray'),'')}\n                  </condition>\n                </filter>\n              </link-entity>\n            </filter>\n          </link-entity>\n        </filter>\n      </link-entity>\n    </filter>\n  </entity>\n</fetch>"
                },
                "authentication": "@parameters('$authentication')"
              }
            },
            "EachDependency": {
              "foreach": "@outputs('EnvVarDependencies')?['body/value']",
              "actions": {
                "RePublish_Flow": {
                  "actions": {
                    "Deactivate_Flow": {
                      "runAfter": {},
                      "metadata": {
                        "operationMetadataId": "32e5cee5-2616-4b85-a6b9-7e25976ac098"
                      },
                      "type": "OpenApiConnection",
                      "inputs": {
                        "host": {
                          "connectionName": "shared_commondataserviceforapps_1",
                          "operationId": "UpdateOnlyRecord",
                          "apiId": "/providers/Microsoft.PowerApps/apis/shared_commondataserviceforapps"
                        },
                        "parameters": {
                          "entityName": "workflows",
                          "recordId": "@items('EachDependency')?['objectid']",
                          "item/statecode": 0,
                          "item/statuscode": 1
                        },
                        "authentication": "@parameters('$authentication')"
                      }
                    },
                    "Activate_Flow": {
                      "runAfter": {
                        "Deactivate_Flow": [
                          "Succeeded"
                        ]
                      },
                      "metadata": {
                        "operationMetadataId": "1ae80824-6a69-43c0-b6b1-9b99afb2e561"
                      },
                      "type": "OpenApiConnection",
                      "inputs": {
                        "host": {
                          "connectionName": "shared_commondataserviceforapps_1",
                          "operationId": "UpdateOnlyRecord",
                          "apiId": "/providers/Microsoft.PowerApps/apis/shared_commondataserviceforapps"
                        },
                        "parameters": {
                          "entityName": "workflows",
                          "recordId": "@items('EachDependency')?['objectid']",
                          "item/statecode": 1,
                          "item/statuscode": 2
                        },
                        "authentication": "@parameters('$authentication')"
                      }
                    }
                  },
                  "runAfter": {},
                  "metadata": {
                    "operationMetadataId": "b863b3f8-d062-4e02-9fef-a40eae159cc4"
                  },
                  "type": "Scope"
                }
              },
              "runAfter": {
                "EnvVarDependencies": [
                  "Succeeded"
                ]
              },
              "metadata": {
                "operationMetadataId": "fb5f1907-f187-4949-af9b-d896ff57dfee"
              },
              "type": "Foreach",
              "runtimeConfiguration": {
                "concurrency": {
                  "repetitions": 50
                }
              }
            }
          },
          "runAfter": {
            "ValueFetchArray": [
              "Succeeded"
            ]
          },
          "metadata": {
            "operationMetadataId": "71eb931f-6eb2-4258-87de-84158269efb8"
          },
          "type": "Scope"
        },
        "Respond_to_a_Power_App_or_flow": {
          "runAfter": {
            "Respond_with_error": [
              "Skipped"
            ]
          },
          "metadata": {
            "operationMetadataId": "e5525c25-5f93-44f9-b0b4-0289e45255b0"
          },
          "type": "Response",
          "kind": "PowerApp",
          "inputs": {
            "statusCode": 200,
            "body": {
              "errormessage": "@variables('resultMessage')",
              "resultcode": "@variables('resultCode')"
            },
            "schema": {
              "type": "object",
              "properties": {
                "errormessage": {
                  "title": "errorMessage",
                  "x-ms-dynamically-added": true,
                  "type": "string"
                },
                "resultcode": {
                  "title": "resultCode",
                  "x-ms-dynamically-added": true,
                  "type": "string"
                }
              }
            }
          }
        }
      }
    },
    "templateName": ""
  },
  "schemaVersion": "1.0.0.0"
}