<environmentvariabledefinition schemaname="admin_PowerAutomateServiceAPIUri">
  <description default="Ignore On Import.  Uri of the Power Automate Service API.  This is set by a workflow.">
    <label description="Ignore On Import.  Uri of the Power Automate Service API.  This is set by a workflow." languagecode="1033" />
  </description>
  <displayname default="Power Automate Service API Uri">
    <label description="Power Automate Service API Uri" languagecode="1033" />
  </displayname>
  <introducedversion>1.0.0</introducedversion>
  <iscustomizable>1</iscustomizable>
  <isrequired>0</isrequired>
  <secretstore>0</secretstore>
  <type>100000000</type>
</environmentvariabledefinition>