<environmentvariabledefinition schemaname="admin_apibapmicrosoftcomUrl">
  <defaultvalue>https://api.bap.microsoft.com</defaultvalue>
  <description default="No forward slash at the end.">
    <label description="No forward slash at the end." languagecode="1033" />
  </description>
  <displayname default="api.bap.microsoft.com Url">
    <label description="api.bap.microsoft.com Url" languagecode="1033" />
  </displayname>
  <introducedversion>1.0.0</introducedversion>
  <iscustomizable>1</iscustomizable>
  <isrequired>0</isrequired>
  <secretstore>0</secretstore>
  <type>100000000</type>
</environmentvariabledefinition>