<environmentvariabledefinition schemaname="admin_apibapmicrosoftcomUrl">
  <description default="Ignore On Import.  Url of the Business Application Platform API is set through a workflow.">
    <label description="Ignore On Import.  Url of the Business Application Platform API is set through a workflow." languagecode="1033" />
  </description>
  <displayname default="Business Application Platform API Url">
    <label description="Business Application Platform API Url" languagecode="1033" />
  </displayname>
  <introducedversion>1.0.0</introducedversion>
  <iscustomizable>1</iscustomizable>
  <isrequired>0</isrequired>
  <secretstore>0</secretstore>
  <type>100000000</type>
</environmentvariabledefinition>