<environmentvariabledefinition schemaname="admin_SCuBACoEApplicationClientAzureSecret">
  <description default="Azure Key Vault ID of the Client Secret for the SCuBA CoE Application that will make calls to the BAP api.  Use only if you have stored your secret in Azure Key Vault.">
    <label description="Azure Key Vault ID of the Client Secret for the SCuBA CoE Application that will make calls to the BAP api.  Use only if you have stored your secret in Azure Key Vault." languagecode="1033" />
  </description>
  <displayname default="SCuBA CoE - Application Client Azure Secret">
    <label description="SCuBA CoE - Application Client Azure Secret" languagecode="1033" />
  </displayname>
  <introducedversion>1.0.0</introducedversion>
  <iscustomizable>1</iscustomizable>
  <isrequired>0</isrequired>
  <secretstore>0</secretstore>
  <type>100000005</type>
</environmentvariabledefinition>