<environmentvariabledefinition schemaname="admin_SCuBATenantConfigurationBaselineId">
  <description default="Ignore On Import.  ">
    <label description="Ignore On Import.  " languagecode="1033" />
  </description>
  <displayname default="SCuBA Tenant Configuration Baseline Id">
    <label description="SCuBA Tenant Configuration Baseline Id" languagecode="1033" />
  </displayname>
  <introducedversion>1.0.0</introducedversion>
  <iscustomizable>1</iscustomizable>
  <isrequired>0</isrequired>
  <secretstore>0</secretstore>
  <type>100000000</type>
</environmentvariabledefinition>