<environmentvariabledefinition schemaname="admin_makepowerautomatecom">
  <description default="Ignore On Import.  host name for power automate maker portal.  This is can very depending on the Microsoft cloud the application is running in.">
    <label description="Ignore On Import.  host name for power automate maker portal.  This is can very depending on the Microsoft cloud the application is running in." languagecode="1033" />
  </description>
  <displayname default="Power Automate Makers Host Name">
    <label description="Power Automate Makers Host Name" languagecode="1033" />
  </displayname>
  <introducedversion>1.0.0</introducedversion>
  <iscustomizable>1</iscustomizable>
  <isrequired>0</isrequired>
  <secretstore>0</secretstore>
  <type>100000000</type>
</environmentvariabledefinition>