{
  "properties": {
    "connectionReferences": {
      "shared_commondataserviceforapps_1": {
        "impersonation": {},
        "runtimeSource": "embedded",
        "connection": {
          "connectionReferenceLogicalName": "admin_CoECoreDataverse"
        },
        "api": {
          "name": "shared_commondataserviceforapps"
        }
      }
    },
    "definition": {
      "$schema": "https://schema.management.azure.com/providers/Microsoft.Logic/schemas/2016-06-01/workflowdefinition.json#",
      "contentVersion": "1.0.0.0",
      "parameters": {
        "$connections": {
          "defaultValue": {},
          "type": "Object"
        },
        "$authentication": {
          "defaultValue": {},
          "type": "SecureObject"
        },
        "SCuBA CoE - Application Client ID (admin_SCuBACoEApplicationClientID)": {
          "defaultValue": "9fc56263-4f3d-45ae-9b99-e09e1d1e235e",
          "type": "String",
          "metadata": {
            "schemaName": "admin_SCuBACoEApplicationClientID"
          }
        },
        "TenantID (admin_TenantID)": {
          "defaultValue": "79c21799-1ddc-4eca-9aa9-15faa84dd0e5",
          "type": "String",
          "metadata": {
            "schemaName": "admin_TenantID",
            "description": "Inventory - REQUIRED. Azure Tenant ID"
          }
        },
        "SCuBA CoE - Application Client Secret (admin_SCuBACoEApplicationClientSecret)": {
          "defaultValue": "S~m3~6Dc7NlMe_l9fz-55bC4CMxixl..9d",
          "type": "String",
          "metadata": {
            "schemaName": "admin_SCuBACoEApplicationClientSecret"
          }
        },
        "Business Application Platform API Audience (admin_apibapAudience)": {
          "defaultValue": "https://high.service.powerapps.us/",
          "type": "String",
          "metadata": {
            "schemaName": "admin_apibapAudience"
          }
        },
        "SCuBA Tenant Configuration Baseline Id (admin_SCuBATenantConfigurationBaselineId)": {
          "defaultValue": "7a0e51d6-604b-f011-8779-000d3a1fdbe4",
          "type": "String",
          "metadata": {
            "schemaName": "admin_SCuBATenantConfigurationBaselineId",
            "description": "Ignore On Import.  "
          }
        },
        "Business Application Platform API Url (admin_apibapmicrosoftcomUrl)": {
          "defaultValue": "https://high.api.bap.microsoft.us",
          "type": "String",
          "metadata": {
            "schemaName": "admin_apibapmicrosoftcomUrl",
            "description": "Ignore On Import.  Url of the Business Application Platform API is set through a workflow."
          }
        }
      },
      "triggers": {
        "manual": {
          "metadata": {
            "operationMetadataId": "ae806775-85b2-465f-9153-ec6096d79bbc"
          },
          "type": "Request",
          "kind": "PowerAppV2",
          "inputs": {
            "schema": {
              "type": "object",
              "properties": {},
              "required": []
            }
          }
        }
      },
      "actions": {
        "ScubaConfiguration": {
          "runAfter": {
            "Initialize_PushHistoryName": [
              "Succeeded"
            ]
          },
          "metadata": {
            "operationMetadataId": "b7ad2610-60f7-4621-beb1-fc42f01532a1"
          },
          "type": "OpenApiConnection",
          "inputs": {
            "host": {
              "connectionName": "shared_commondataserviceforapps_1",
              "operationId": "GetItem",
              "apiId": "/providers/Microsoft.PowerApps/apis/shared_commondataserviceforapps"
            },
            "parameters": {
              "entityName": "admin_scubaconfigurations",
              "recordId": "@parameters('SCuBA Tenant Configuration Baseline Id (admin_SCuBATenantConfigurationBaselineId)')",
              "$select": "admin_scubaconfigurationid,admin_cecnewconnectorsblockedbydefault,admin_useconnectorenablementfeature,admin_connectorenablementid",
              "$expand": "admin_connector_SCuBAConfigurationBaseline_admin_scubaconfiguration($select=admin_id,admin_cecbehavior,admin_cecreviewedfx;$filter=admin_cecreviewedfx eq true)"
            },
            "authentication": "@parameters('$authentication')"
          }
        },
        "init_appSecret": {
          "runAfter": {},
          "metadata": {
            "operationMetadataId": "eea9cf5f-c53c-4086-b785-18c807da08a3"
          },
          "type": "InitializeVariable",
          "inputs": {
            "variables": [
              {
                "name": "appSecret",
                "type": "string",
                "value": "@parameters('SCuBA CoE - Application Client Secret (admin_SCuBACoEApplicationClientSecret)')"
              }
            ]
          }
        },
        "Init_AppClientId": {
          "runAfter": {
            "init_appSecret": [
              "Succeeded"
            ]
          },
          "metadata": {
            "operationMetadataId": "c7ca1db9-b744-4f9d-b374-aac88adf59e8"
          },
          "type": "InitializeVariable",
          "inputs": {
            "variables": [
              {
                "name": "AppClientId",
                "type": "string",
                "value": "@parameters('SCuBA CoE - Application Client ID (admin_SCuBACoEApplicationClientID)')"
              }
            ]
          }
        },
        "Initialize_Audience": {
          "runAfter": {
            "Init_AppClientId": [
              "Succeeded"
            ]
          },
          "metadata": {
            "operationMetadataId": "0e8cf4e9-2e43-47a6-8142-dde3f0aab466"
          },
          "type": "InitializeVariable",
          "inputs": {
            "variables": [
              {
                "name": "Audience",
                "type": "string",
                "value": "@parameters('Business Application Platform API Audience (admin_apibapAudience)')"
              }
            ]
          }
        },
        "Condition": {
          "actions": {
            "Set_Policy": {
              "actions": {
                "Patch_Request": {
                  "runAfter": {},
                  "metadata": {
                    "operationMetadataId": "4f404889-cf34-42b2-a98c-75e9599fcc1f"
                  },
                  "type": "Http",
                  "inputs": {
                    "method": "PATCH",
                    "uri": "@{parameters('Business Application Platform API Url (admin_apibapmicrosoftcomUrl)')}/providers/PowerPlatform.Governance/v1/tenants/@{parameters('TenantID (admin_TenantID)')}/connectorEnablementConfigurations/@{outputs('ScubaConfiguration')?['body/admin_connectorenablementid']}",
                    "body": "@outputs('Body')",
                    "authentication": {
                      "type": "ActiveDirectoryOAuth",
                      "tenant": "@parameters('TenantID (admin_TenantID)')",
                      "audience": "@variables('Audience')",
                      "clientId": "@variables('AppClientId')",
                      "secret": "@variables('appSecret')"
                    }
                  }
                },
                "Response": {
                  "runAfter": {
                    "Patch_Request": [
                      "Succeeded"
                    ]
                  },
                  "metadata": {
                    "operationMetadataId": "9f9b6a4a-d1e2-438c-a6b1-22a441310700"
                  },
                  "type": "Response",
                  "kind": "Http",
                  "inputs": {
                    "statusCode": "@outputs('Patch_Request')['statusCode']",
                    "headers": "@outputs('Patch_Request')['headers']",
                    "body": "@body('Patch_Request')"
                  }
                }
              },
              "runAfter": {
                "Stage_Push_Log": [
                  "Succeeded"
                ]
              },
              "metadata": {
                "operationMetadataId": "a0fed5b9-4b93-42aa-a833-1c3dc93bf6a2"
              },
              "type": "Scope"
            },
            "GetAzureSubscriptionSecret": {
              "actions": {
                "Get_admin_CommandCenterClientSecret": {
                  "runAfter": {},
                  "metadata": {
                    "operationMetadataId": "dc72fc2f-1a96-4014-9d2f-bff7a4b8c7d4"
                  },
                  "type": "OpenApiConnection",
                  "inputs": {
                    "host": {
                      "connectionName": "shared_commondataserviceforapps_1",
                      "operationId": "PerformUnboundAction",
                      "apiId": "/providers/Microsoft.PowerApps/apis/shared_commondataserviceforapps"
                    },
                    "parameters": {
                      "actionName": "RetrieveEnvironmentVariableSecretValue",
                      "item/EnvironmentVariableName": "admin_SCuBACoEApplicationClientAzureSecret"
                    },
                    "authentication": "@parameters('$authentication')"
                  },
                  "runtimeConfiguration": {
                    "secureData": {
                      "properties": [
                        "outputs"
                      ]
                    }
                  }
                },
                "Set_appSecret": {
                  "runAfter": {
                    "Get_admin_CommandCenterClientSecret": [
                      "Succeeded"
                    ]
                  },
                  "metadata": {
                    "operationMetadataId": "ab7bf4a8-58f3-43c8-a42c-132b9971adb6"
                  },
                  "type": "SetVariable",
                  "inputs": {
                    "name": "appSecret",
                    "value": "@outputs('Get_admin_CommandCenterClientSecret')?['body/EnvironmentVariableSecretValue']"
                  }
                }
              },
              "runAfter": {},
              "metadata": {
                "operationMetadataId": "c690f9be-d311-453c-9528-d379e4cf66d5"
              },
              "type": "Scope"
            },
            "Get_Push_History": {
              "actions": {
                "connectorEnablementConfigurations": {
                  "runAfter": {},
                  "metadata": {
                    "operationMetadataId": "e5e28dc1-d9c8-44a4-9067-f68624086010"
                  },
                  "type": "Workflow",
                  "inputs": {
                    "host": {
                      "workflowReferenceName": "0a7e821b-0d54-f011-877a-7c1e520a4e64"
                    },
                    "body": {
                      "text": "GET",
                      "text_1": "/providers/PowerPlatform.Governance/v1/",
                      "text_2": "tenants/@{parameters('TenantID (admin_TenantID)')}/connectorEnablementConfigurations/@{outputs('ScubaConfiguration')?['body/admin_connectorenablementid']}"
                    },
                    "retryPolicy": {
                      "type": "none"
                    }
                  }
                }
              },
              "runAfter": {
                "GetAzureSubscriptionSecret": [
                  "Succeeded",
                  "Failed"
                ]
              },
              "metadata": {
                "operationMetadataId": "d8e5618b-e37e-4a1f-b486-c457d29ca306"
              },
              "type": "Scope"
            },
            "Generate_Policy_Body": {
              "actions": {
                "connectorSettings": {
                  "runAfter": {},
                  "metadata": {
                    "operationMetadataId": "d0be3f4a-e3b9-4691-9f91-298edc3edaba"
                  },
                  "type": "Select",
                  "inputs": {
                    "from": "@outputs('ScubaConfiguration')?['body/admin_connector_SCuBAConfigurationBaseline_admin_scubaconfiguration']",
                    "select": {
                      "id": "@item()['admin_id']",
                      "behavior": "@item()['admin_cecbehavior']",
                      "isReviewed": "@item()['admin_cecreviewedfx']"
                    }
                  }
                },
                "Body": {
                  "runAfter": {
                    "connectorSettings": [
                      "Succeeded"
                    ]
                  },
                  "metadata": {
                    "operationMetadataId": "10ee1b73-70e4-4071-b4b6-e1109b908be8"
                  },
                  "type": "Compose",
                  "inputs": {
                    "id": "@{outputs('ScubaConfiguration')?['body/admin_connectorenablementid']}",
                    "connectorSettings": "@body('connectorSettings')",
                    "areNewConnectorsBlockedByDefault": "@outputs('ScubaConfiguration')?['body/admin_cecnewconnectorsblockedbydefault']"
                  }
                }
              },
              "runAfter": {
                "Get_Push_History": [
                  "Succeeded"
                ]
              },
              "metadata": {
                "operationMetadataId": "f98b8060-6d7b-4b6d-a03c-964a18bccca1"
              },
              "type": "Scope"
            },
            "Stage_Push_Log": {
              "actions": {
                "NewPushHistory": {
                  "runAfter": {},
                  "metadata": {
                    "operationMetadataId": "54d69718-8907-4968-9f0e-48dd3a0c9134"
                  },
                  "type": "OpenApiConnection",
                  "inputs": {
                    "host": {
                      "connectionName": "shared_commondataserviceforapps_1",
                      "operationId": "CreateRecord",
                      "apiId": "/providers/Microsoft.PowerApps/apis/shared_commondataserviceforapps"
                    },
                    "parameters": {
                      "entityName": "admin_cecpushhistories",
                      "item/admin_name": "@variables('PushHistoryName')",
                      "item/admin_SCuBAConfigurationBaseline@odata.bind": "/admin_scubaconfigurations(@{parameters('SCuBA Tenant Configuration Baseline Id (admin_SCuBATenantConfigurationBaselineId)')})",
                      "item/admin_pushstatus": "Staged"
                    },
                    "authentication": "@parameters('$authentication')"
                  }
                },
                "UploadCurrent": {
                  "runAfter": {
                    "NewPushHistory": [
                      "Succeeded"
                    ]
                  },
                  "metadata": {
                    "operationMetadataId": "1441a9b5-5336-4c8f-b12a-5f5410b15789"
                  },
                  "type": "OpenApiConnection",
                  "inputs": {
                    "host": {
                      "connectionName": "shared_commondataserviceforapps_1",
                      "operationId": "UpdateEntityFileImageFieldContent",
                      "apiId": "/providers/Microsoft.PowerApps/apis/shared_commondataserviceforapps"
                    },
                    "parameters": {
                      "entityName": "admin_cecpushhistories",
                      "recordId": "@outputs('NewPushHistory')?['body/admin_cecpushhistoryid']",
                      "fileImageFieldName": "admin_previousconfiguration",
                      "item": "@body('connectorEnablementConfigurations')",
                      "x-ms-file-name": "PreviousCEC.json"
                    },
                    "authentication": "@parameters('$authentication')"
                  }
                },
                "UploadToBe": {
                  "runAfter": {
                    "UploadCurrent": [
                      "Succeeded"
                    ]
                  },
                  "metadata": {
                    "operationMetadataId": "cc2d5985-e069-4848-9f47-1a193b930b07"
                  },
                  "type": "OpenApiConnection",
                  "inputs": {
                    "host": {
                      "connectionName": "shared_commondataserviceforapps_1",
                      "operationId": "UpdateEntityFileImageFieldContent",
                      "apiId": "/providers/Microsoft.PowerApps/apis/shared_commondataserviceforapps"
                    },
                    "parameters": {
                      "entityName": "admin_cecpushhistories",
                      "recordId": "@outputs('NewPushHistory')?['body/admin_cecpushhistoryid']",
                      "fileImageFieldName": "admin_pushedconfiguration",
                      "item": "@outputs('Body')",
                      "x-ms-file-name": "CEC.json"
                    },
                    "authentication": "@parameters('$authentication')"
                  }
                }
              },
              "runAfter": {
                "Generate_Policy_Body": [
                  "Succeeded"
                ]
              },
              "metadata": {
                "operationMetadataId": "90a047d4-0892-4681-ab21-6e433ffacda6"
              },
              "type": "Scope"
            },
            "Update_Push_Log_Success": {
              "actions": {
                "SetSuccessMessage": {
                  "runAfter": {},
                  "metadata": {
                    "operationMetadataId": "cf2b015a-1538-4684-83ef-15b01be5255f"
                  },
                  "type": "OpenApiConnection",
                  "inputs": {
                    "host": {
                      "connectionName": "shared_commondataserviceforapps_1",
                      "operationId": "UpdateOnlyRecord",
                      "apiId": "/providers/Microsoft.PowerApps/apis/shared_commondataserviceforapps"
                    },
                    "parameters": {
                      "entityName": "admin_cecpushhistories",
                      "recordId": "@outputs('NewPushHistory')?['body/admin_cecpushhistoryid']",
                      "item/admin_pushstatus": "Success"
                    },
                    "authentication": "@parameters('$authentication')"
                  }
                },
                "Update_a_row": {
                  "runAfter": {
                    "SetSuccessMessage": [
                      "Succeeded"
                    ]
                  },
                  "metadata": {
                    "operationMetadataId": "90791efe-ae06-4c6a-8f84-e015397ad2dc"
                  },
                  "type": "OpenApiConnection",
                  "inputs": {
                    "host": {
                      "connectionName": "shared_commondataserviceforapps_1",
                      "operationId": "UpdateOnlyRecord",
                      "apiId": "/providers/Microsoft.PowerApps/apis/shared_commondataserviceforapps"
                    },
                    "parameters": {
                      "entityName": "admin_scubaconfigurations",
                      "recordId": "@parameters('SCuBA Tenant Configuration Baseline Id (admin_SCuBATenantConfigurationBaselineId)')",
                      "item/admin_LastCECPush@odata.bind": "/admin_cecpushhistories(@{outputs('NewPushHistory')?['body/admin_cecpushhistoryid']})"
                    },
                    "authentication": "@parameters('$authentication')"
                  }
                }
              },
              "runAfter": {
                "Set_Policy": [
                  "Succeeded"
                ]
              },
              "metadata": {
                "operationMetadataId": "bc138252-dfe9-4098-a5bb-917364333579"
              },
              "type": "Scope"
            },
            "Update_Push_Log_Failed": {
              "actions": {
                "SetFailedMessage": {
                  "runAfter": {},
                  "metadata": {
                    "operationMetadataId": "cce817fd-12e1-46d0-97a2-3785c3bf6a58"
                  },
                  "type": "OpenApiConnection",
                  "inputs": {
                    "host": {
                      "connectionName": "shared_commondataserviceforapps_1",
                      "operationId": "UpdateOnlyRecord",
                      "apiId": "/providers/Microsoft.PowerApps/apis/shared_commondataserviceforapps"
                    },
                    "parameters": {
                      "entityName": "admin_cecpushhistories",
                      "recordId": "@outputs('NewPushHistory')?['body/admin_cecpushhistoryid']",
                      "item/admin_errormessage": "@outputs('Patch_Request')",
                      "item/admin_pushstatus": "Failed"
                    },
                    "authentication": "@parameters('$authentication')"
                  }
                }
              },
              "runAfter": {
                "Set_Policy": [
                  "Failed"
                ]
              },
              "metadata": {
                "operationMetadataId": "e7bd5e7d-39ba-4e4c-b7f2-d50ce2297f5e"
              },
              "type": "Scope"
            }
          },
          "runAfter": {
            "ScubaConfiguration": [
              "Succeeded"
            ]
          },
          "else": {
            "actions": {
              "Take_no_action": {
                "runAfter": {},
                "metadata": {
                  "operationMetadataId": "a166f9c6-659b-4f2e-a152-51805fcf79b9"
                },
                "type": "Response",
                "kind": "Http",
                "inputs": {
                  "statusCode": 204
                }
              }
            }
          },
          "expression": {
            "and": [
              {
                "equals": [
                  "@outputs('ScubaConfiguration')?['body/admin_useconnectorenablementfeature']",
                  "@true"
                ]
              },
              {
                "not": {
                  "equals": [
                    "@outputs('ScubaConfiguration')?['body/admin_connectorenablementid']",
                    "@null"
                  ]
                }
              }
            ]
          },
          "metadata": {
            "operationMetadataId": "bc969e7f-a9ab-402e-beb8-919efc311159"
          },
          "type": "If"
        },
        "Initialize_PushHistoryName": {
          "runAfter": {
            "Initialize_Audience": [
              "Succeeded"
            ]
          },
          "metadata": {
            "operationMetadataId": "b394504f-d072-4514-902b-c09e51164904"
          },
          "type": "InitializeVariable",
          "inputs": {
            "variables": [
              {
                "name": "PushHistoryName",
                "type": "string",
                "value": "@{formatDateTime(utcNow(),'yyyy-MM-dd hh:mm:ss')}"
              }
            ]
          }
        }
      }
    },
    "templateName": ""
  },
  "schemaVersion": "1.0.0.0"
}