{
  "properties": {
    "connectionReferences": {
      "shared_commondataserviceforapps_1": {
        "runtimeSource": "embedded",
        "connection": {
          "connectionReferenceLogicalName": "admin_CoECoreDataverse"
        },
        "api": {
          "name": "shared_commondataserviceforapps"
        }
      }
    },
    "definition": {
      "$schema": "https://schema.management.azure.com/providers/Microsoft.Logic/schemas/2016-06-01/workflowdefinition.json#",
      "contentVersion": "1.0.0.0",
      "parameters": {
        "$connections": {
          "defaultValue": {},
          "type": "Object"
        },
        "$authentication": {
          "defaultValue": {},
          "type": "SecureObject"
        }
      },
      "triggers": {
        "manual": {
          "metadata": {
            "operationMetadataId": "66327235-4ec2-405a-91ea-4c0547f0d36f"
          },
          "type": "Request",
          "kind": "PowerAppV2",
          "inputs": {
            "schema": {
              "type": "object",
              "properties": {
                "text": {
                  "title": "AppClientId",
                  "type": "string",
                  "x-ms-dynamically-added": true,
                  "description": "Please enter your input",
                  "x-ms-content-hint": "TEXT"
                },
                "text_1": {
                  "title": "AppClientSecret",
                  "type": "string",
                  "x-ms-dynamically-added": true,
                  "description": "Please enter your input",
                  "x-ms-content-hint": "TEXT"
                }
              },
              "required": [
                "text",
                "text_1"
              ]
            }
          }
        }
      },
      "actions": {
        "admin_SCuBACoEApplicationClientID": {
          "runAfter": {},
          "metadata": {
            "operationMetadataId": "e4c0d031-55e1-423b-89de-910e6edfd11f"
          },
          "type": "OpenApiConnection",
          "inputs": {
            "host": {
              "connectionName": "shared_commondataserviceforapps_1",
              "operationId": "PerformUnboundAction",
              "apiId": "/providers/Microsoft.PowerApps/apis/shared_commondataserviceforapps"
            },
            "parameters": {
              "actionName": "UpsertEnvironmentVariable",
              "item/DisplayName": "SCuBA CoE - Application Client ID",
              "item/SchemaName": "admin_SCuBACoEApplicationClientID",
              "item/Type": 100000000,
              "item/Value": "@triggerBody()['text']"
            },
            "authentication": "@parameters('$authentication')"
          }
        },
        "admin_SCuBACoEApplicationClientSecret": {
          "runAfter": {
            "admin_SCuBACoEApplicationClientID": [
              "Succeeded"
            ]
          },
          "metadata": {
            "operationMetadataId": "cb0fc33c-54e9-4a6e-9bb8-7a1a02dcd5e0"
          },
          "type": "OpenApiConnection",
          "inputs": {
            "host": {
              "connectionName": "shared_commondataserviceforapps_1",
              "operationId": "PerformUnboundAction",
              "apiId": "/providers/Microsoft.PowerApps/apis/shared_commondataserviceforapps"
            },
            "parameters": {
              "actionName": "UpsertEnvironmentVariable",
              "item/DisplayName": "SCuBA CoE - Application Client Secret",
              "item/SchemaName": "admin_SCuBACoEApplicationClientSecret",
              "item/Type": 100000000,
              "item/Value": "@triggerBody()['text_1']"
            },
            "authentication": "@parameters('$authentication')"
          }
        },
        "Respond_to_a_Power_App_or_flow": {
          "runAfter": {
            "admin_SCuBACoEApplicationClientSecret": [
              "Succeeded"
            ]
          },
          "metadata": {
            "operationMetadataId": "c540c452-838e-4b18-9881-ce23ff4f6dc1"
          },
          "type": "Response",
          "kind": "PowerApp",
          "inputs": {
            "statusCode": 200,
            "body": {},
            "schema": {
              "type": "object",
              "properties": {}
            }
          }
        }
      }
    },
    "templateName": ""
  },
  "schemaVersion": "1.0.0.0"
}