{
  "properties": {
    "connectionReferences": {
      "shared_commondataserviceforapps_1": {
        "runtimeSource": "embedded",
        "connection": {
          "connectionReferenceLogicalName": "admin_CoECoreDataverse"
        },
        "api": {
          "name": "shared_commondataserviceforapps"
        }
      }
    },
    "definition": {
      "$schema": "https://schema.management.azure.com/providers/Microsoft.Logic/schemas/2016-06-01/workflowdefinition.json#",
      "contentVersion": "1.0.0.0",
      "parameters": {
        "$connections": {
          "defaultValue": {},
          "type": "Object"
        },
        "$authentication": {
          "defaultValue": {},
          "type": "SecureObject"
        },
        "PowerApp Maker Environment Variable (admin_PowerAppEnvironmentVariable)": {
          "defaultValue": "https://make.powerapps.com/",
          "type": "String",
          "metadata": {
            "schemaName": "admin_PowerAppEnvironmentVariable",
            "description": "REQUIRED. The maker URL used by PowerApps for your cloud. Ex https://make.powerapps.com/"
          }
        }
      },
      "triggers": {
        "manual": {
          "metadata": {
            "operationMetadataId": "86cb6a5e-7f87-4c5c-8817-d56a76f18fc8"
          },
          "type": "Request",
          "kind": "PowerAppV2",
          "inputs": {
            "schema": {
              "type": "object",
              "properties": {},
              "required": []
            }
          }
        }
      },
      "actions": {
        "Process_admin_PowerAppEnvironmentVariable": {
          "actions": {
            "Switch": {
              "runAfter": {},
              "cases": {
                "make.powerapps.com": {
                  "case": "https://make.powerapps.com/",
                  "actions": {
                    "Commercial": {
                      "actions": {
                        "api.bap.microsoft.com": {
                          "runAfter": {},
                          "metadata": {
                            "operationMetadataId": "8b6d2fe0-2ddd-4a52-8178-df24a3f8dbff"
                          },
                          "type": "OpenApiConnection",
                          "inputs": {
                            "host": {
                              "connectionName": "shared_commondataserviceforapps_1",
                              "operationId": "PerformUnboundAction",
                              "apiId": "/providers/Microsoft.PowerApps/apis/shared_commondataserviceforapps"
                            },
                            "parameters": {
                              "actionName": "UpsertEnvironmentVariable",
                              "item/DisplayName": "Business Application Platform API Url",
                              "item/SchemaName": "admin_apibapmicrosoftcomUrl",
                              "item/Type": 100000000,
                              "item/Value": "https://api.bap.microsoft.com"
                            },
                            "authentication": "@parameters('$authentication')"
                          }
                        },
                        "api.flow.microsoft.com": {
                          "runAfter": {
                            "api.bap.microsoft.com": [
                              "Succeeded"
                            ]
                          },
                          "metadata": {
                            "operationMetadataId": "c0843e5d-aae8-4f1c-a52f-b63a808d6a67"
                          },
                          "type": "OpenApiConnection",
                          "inputs": {
                            "host": {
                              "connectionName": "shared_commondataserviceforapps_1",
                              "operationId": "PerformUnboundAction",
                              "apiId": "/providers/Microsoft.PowerApps/apis/shared_commondataserviceforapps"
                            },
                            "parameters": {
                              "actionName": "UpsertEnvironmentVariable",
                              "item/DisplayName": "Microsoft Flow API Url",
                              "item/SchemaName": "admin_apiflowmicrosoftcomUrl",
                              "item/Type": 100000000,
                              "item/Value": "https://api.flow.microsoft.com"
                            },
                            "authentication": "@parameters('$authentication')"
                          }
                        },
                        "make.powerautomate.com": {
                          "runAfter": {
                            "api.flow.microsoft.com": [
                              "Succeeded"
                            ]
                          },
                          "metadata": {
                            "operationMetadataId": "ce809e7f-cce3-493e-9bc8-13b534d3ae1f"
                          },
                          "type": "OpenApiConnection",
                          "inputs": {
                            "host": {
                              "connectionName": "shared_commondataserviceforapps_1",
                              "operationId": "PerformUnboundAction",
                              "apiId": "/providers/Microsoft.PowerApps/apis/shared_commondataserviceforapps"
                            },
                            "parameters": {
                              "actionName": "UpsertEnvironmentVariable",
                              "item/DisplayName": "Power Automate Makers Host Name",
                              "item/SchemaName": "admin_makepowerautomatecom",
                              "item/Type": 100000000,
                              "item/Value": "make.powerautomate.com"
                            },
                            "authentication": "@parameters('$authentication')"
                          }
                        },
                        "service.flow.microsoft.com": {
                          "runAfter": {
                            "make.powerautomate.com": [
                              "Succeeded"
                            ]
                          },
                          "metadata": {
                            "operationMetadataId": "a9186226-928a-434c-b290-016b1f4a40d2"
                          },
                          "type": "OpenApiConnection",
                          "inputs": {
                            "host": {
                              "connectionName": "shared_commondataserviceforapps_1",
                              "operationId": "PerformUnboundAction",
                              "apiId": "/providers/Microsoft.PowerApps/apis/shared_commondataserviceforapps"
                            },
                            "parameters": {
                              "actionName": "UpsertEnvironmentVariable",
                              "item/DisplayName": "Power Automate Service API Uri",
                              "item/SchemaName": "admin_PowerAutomateServiceAPIUri",
                              "item/Type": 100000000,
                              "item/Value": "https://service.flow.microsoft.com/"
                            },
                            "authentication": "@parameters('$authentication')"
                          }
                        }
                      },
                      "runAfter": {},
                      "metadata": {
                        "operationMetadataId": "b0d78f48-660d-4555-b3e5-8112a8e0b292"
                      },
                      "type": "Scope"
                    }
                  }
                },
                "make.gov.powerapps.us": {
                  "case": "https://make.gov.powerapps.us/",
                  "actions": {
                    "GCC": {
                      "actions": {
                        "gov.api.bap.microsoft.us": {
                          "runAfter": {},
                          "metadata": {
                            "operationMetadataId": "a74f32a2-d880-4dcc-8661-b82ec0db2c5c"
                          },
                          "type": "OpenApiConnection",
                          "inputs": {
                            "host": {
                              "connectionName": "shared_commondataserviceforapps_1",
                              "operationId": "PerformUnboundAction",
                              "apiId": "/providers/Microsoft.PowerApps/apis/shared_commondataserviceforapps"
                            },
                            "parameters": {
                              "actionName": "UpsertEnvironmentVariable",
                              "item/DisplayName": "Business Application Platform API Url",
                              "item/SchemaName": "admin_apibapmicrosoftcomUrl",
                              "item/Type": 100000000,
                              "item/Value": "https://gov.api.bap.microsoft.us"
                            },
                            "authentication": "@parameters('$authentication')"
                          }
                        },
                        "gov.api.flow.microsoft.us": {
                          "runAfter": {
                            "gov.api.bap.microsoft.us": [
                              "Succeeded"
                            ]
                          },
                          "metadata": {
                            "operationMetadataId": "6126a9bb-11e4-45d4-b603-5d858cc17e3d"
                          },
                          "type": "OpenApiConnection",
                          "inputs": {
                            "host": {
                              "connectionName": "shared_commondataserviceforapps_1",
                              "operationId": "PerformUnboundAction",
                              "apiId": "/providers/Microsoft.PowerApps/apis/shared_commondataserviceforapps"
                            },
                            "parameters": {
                              "actionName": "UpsertEnvironmentVariable",
                              "item/DisplayName": "Microsoft Flow API Url",
                              "item/SchemaName": "admin_apiflowmicrosoftcomUrl",
                              "item/Type": 100000000,
                              "item/Value": "https://gov.api.flow.microsoft.us"
                            },
                            "authentication": "@parameters('$authentication')"
                          }
                        },
                        "make.gov.powerautomate.us": {
                          "runAfter": {
                            "gov.api.flow.microsoft.us": [
                              "Succeeded"
                            ]
                          },
                          "metadata": {
                            "operationMetadataId": "13061402-c719-44c2-aaad-6779b1764f9f"
                          },
                          "type": "OpenApiConnection",
                          "inputs": {
                            "host": {
                              "connectionName": "shared_commondataserviceforapps_1",
                              "operationId": "PerformUnboundAction",
                              "apiId": "/providers/Microsoft.PowerApps/apis/shared_commondataserviceforapps"
                            },
                            "parameters": {
                              "actionName": "UpsertEnvironmentVariable",
                              "item/DisplayName": "Power Automate Makers Host Name",
                              "item/SchemaName": "admin_makepowerautomatecom",
                              "item/Type": 100000000,
                              "item/Value": "make.gov.powerautomate.us"
                            },
                            "authentication": "@parameters('$authentication')"
                          }
                        },
                        "gov.service.powerapps.us": {
                          "runAfter": {
                            "make.gov.powerautomate.us": [
                              "Succeeded"
                            ]
                          },
                          "metadata": {
                            "operationMetadataId": "051895ae-6801-4639-9e6b-55c55c7bb4ac"
                          },
                          "type": "OpenApiConnection",
                          "inputs": {
                            "host": {
                              "connectionName": "shared_commondataserviceforapps_1",
                              "operationId": "PerformUnboundAction",
                              "apiId": "/providers/Microsoft.PowerApps/apis/shared_commondataserviceforapps"
                            },
                            "parameters": {
                              "actionName": "UpsertEnvironmentVariable",
                              "item/DisplayName": "Power Automate Service API Uri.",
                              "item/SchemaName": "admin_PowerAutomateServiceAPIUri",
                              "item/Type": 100000000,
                              "item/Value": "https://gov.service.powerapps.us/"
                            },
                            "authentication": "@parameters('$authentication')"
                          }
                        }
                      },
                      "runAfter": {},
                      "metadata": {
                        "operationMetadataId": "c7020416-a3de-4561-b368-52165bd2416f"
                      },
                      "type": "Scope"
                    }
                  }
                },
                "make.high.powerapps.us": {
                  "case": "https://make.high.powerapps.us/",
                  "actions": {
                    "GCC_High": {
                      "actions": {
                        "high.api.bap.microsoft.us": {
                          "runAfter": {},
                          "metadata": {
                            "operationMetadataId": "5ba0a5e6-01a4-4e9b-9a00-1923ef6eea37"
                          },
                          "type": "OpenApiConnection",
                          "inputs": {
                            "host": {
                              "connectionName": "shared_commondataserviceforapps_1",
                              "operationId": "PerformUnboundAction",
                              "apiId": "/providers/Microsoft.PowerApps/apis/shared_commondataserviceforapps"
                            },
                            "parameters": {
                              "actionName": "UpsertEnvironmentVariable",
                              "item/DisplayName": "Business Application Platform API Url",
                              "item/SchemaName": "admin_apibapmicrosoftcomUrl",
                              "item/Type": 100000000,
                              "item/Value": "https://high.api.bap.microsoft.us"
                            },
                            "authentication": "@parameters('$authentication')"
                          }
                        },
                        "high.api.flow.microsoft.us": {
                          "runAfter": {
                            "high.api.bap.microsoft.us": [
                              "Succeeded"
                            ]
                          },
                          "metadata": {
                            "operationMetadataId": "0c9d370e-8a6b-4310-92ed-b1e13276a4d0"
                          },
                          "type": "OpenApiConnection",
                          "inputs": {
                            "host": {
                              "connectionName": "shared_commondataserviceforapps_1",
                              "operationId": "PerformUnboundAction",
                              "apiId": "/providers/Microsoft.PowerApps/apis/shared_commondataserviceforapps"
                            },
                            "parameters": {
                              "actionName": "UpsertEnvironmentVariable",
                              "item/DisplayName": "Microsoft Flow API Url",
                              "item/SchemaName": "admin_apiflowmicrosoftcomUrl",
                              "item/Type": 100000000,
                              "item/Value": "https://high.api.flow.microsoft.us/"
                            },
                            "authentication": "@parameters('$authentication')"
                          }
                        },
                        "make.high.powerautomate.us": {
                          "runAfter": {
                            "high.api.flow.microsoft.us": [
                              "Succeeded"
                            ]
                          },
                          "metadata": {
                            "operationMetadataId": "316a6675-5364-4f74-9aeb-cbb955cc0b71"
                          },
                          "type": "OpenApiConnection",
                          "inputs": {
                            "host": {
                              "connectionName": "shared_commondataserviceforapps_1",
                              "operationId": "PerformUnboundAction",
                              "apiId": "/providers/Microsoft.PowerApps/apis/shared_commondataserviceforapps"
                            },
                            "parameters": {
                              "actionName": "UpsertEnvironmentVariable",
                              "item/DisplayName": "Power Automate Makers Host Name",
                              "item/SchemaName": "admin_makepowerautomatecom",
                              "item/Type": 100000000,
                              "item/Value": "make.high.powerautomate.us"
                            },
                            "authentication": "@parameters('$authentication')"
                          }
                        },
                        "high.service.powerapps.us": {
                          "runAfter": {
                            "make.high.powerautomate.us": [
                              "Succeeded"
                            ]
                          },
                          "metadata": {
                            "operationMetadataId": "32d7d789-963d-415a-8bd7-42c758667aaf"
                          },
                          "type": "OpenApiConnection",
                          "inputs": {
                            "host": {
                              "connectionName": "shared_commondataserviceforapps_1",
                              "operationId": "PerformUnboundAction",
                              "apiId": "/providers/Microsoft.PowerApps/apis/shared_commondataserviceforapps"
                            },
                            "parameters": {
                              "actionName": "UpsertEnvironmentVariable",
                              "item/SchemaName": "admin_PowerAutomateServiceAPIUri",
                              "item/Type": 100000000,
                              "item/Value": "https://high.service.powerapps.us/"
                            },
                            "authentication": "@parameters('$authentication')"
                          }
                        }
                      },
                      "runAfter": {},
                      "metadata": {
                        "operationMetadataId": "0c886881-5d79-4b58-b90b-219d3a1d987f"
                      },
                      "type": "Scope"
                    }
                  }
                },
                "make.apps.appsplatform.us": {
                  "case": "https://make.apps.appsplatform.us/",
                  "actions": {
                    "DoD": {
                      "actions": {
                        "api.bap.appsplatform.us": {
                          "runAfter": {},
                          "metadata": {
                            "operationMetadataId": "eb0f28ea-2590-4a8a-902a-ed354013cc19"
                          },
                          "type": "OpenApiConnection",
                          "inputs": {
                            "host": {
                              "connectionName": "shared_commondataserviceforapps_1",
                              "operationId": "PerformUnboundAction",
                              "apiId": "/providers/Microsoft.PowerApps/apis/shared_commondataserviceforapps"
                            },
                            "parameters": {
                              "actionName": "UpsertEnvironmentVariable",
                              "item/DisplayName": "Business Application Platform API Url",
                              "item/SchemaName": "admin_apibapmicrosoftcomUrl",
                              "item/Type": 100000000,
                              "item/Value": "https://api.bap.appsplatform.us"
                            },
                            "authentication": "@parameters('$authentication')"
                          }
                        },
                        "api.flow.appsplatform.us": {
                          "runAfter": {
                            "api.bap.appsplatform.us": [
                              "Succeeded"
                            ]
                          },
                          "metadata": {
                            "operationMetadataId": "a6218969-20cb-455c-a8c3-8ba759deb692"
                          },
                          "type": "OpenApiConnection",
                          "inputs": {
                            "host": {
                              "connectionName": "shared_commondataserviceforapps_1",
                              "operationId": "PerformUnboundAction",
                              "apiId": "/providers/Microsoft.PowerApps/apis/shared_commondataserviceforapps"
                            },
                            "parameters": {
                              "actionName": "UpsertEnvironmentVariable",
                              "item/DisplayName": "Microsoft Flow API Url",
                              "item/SchemaName": "admin_apiflowmicrosoftcomUrl",
                              "item/Type": 100000000,
                              "item/Value": "https://api.flow.appsplatform.us"
                            },
                            "authentication": "@parameters('$authentication')"
                          }
                        },
                        "make.powerautomate.appsplatform.us": {
                          "runAfter": {
                            "api.flow.appsplatform.us": [
                              "Succeeded"
                            ]
                          },
                          "metadata": {
                            "operationMetadataId": "b835f5e4-4771-4866-a7b3-c90f02beaac8"
                          },
                          "type": "OpenApiConnection",
                          "inputs": {
                            "host": {
                              "connectionName": "shared_commondataserviceforapps_1",
                              "operationId": "PerformUnboundAction",
                              "apiId": "/providers/Microsoft.PowerApps/apis/shared_commondataserviceforapps"
                            },
                            "parameters": {
                              "actionName": "UpsertEnvironmentVariable",
                              "item/DisplayName": "Power Automate Makers Host Name",
                              "item/SchemaName": "admin_makepowerautomatecom",
                              "item/Type": 100000000,
                              "item/Value": "make.powerautomate.appsplatform.us"
                            },
                            "authentication": "@parameters('$authentication')"
                          }
                        },
                        "service.apps.appsplatform.us": {
                          "runAfter": {
                            "make.powerautomate.appsplatform.us": [
                              "Succeeded"
                            ]
                          },
                          "metadata": {
                            "operationMetadataId": "bd16e000-0074-458d-8d0d-ab84dbafee91"
                          },
                          "type": "OpenApiConnection",
                          "inputs": {
                            "host": {
                              "connectionName": "shared_commondataserviceforapps_1",
                              "operationId": "PerformUnboundAction",
                              "apiId": "/providers/Microsoft.PowerApps/apis/shared_commondataserviceforapps"
                            },
                            "parameters": {
                              "actionName": "UpsertEnvironmentVariable",
                              "item/DisplayName": "Power Automate Service API Uri.",
                              "item/Value": "https://service.apps.appsplatform.us/"
                            },
                            "authentication": "@parameters('$authentication')"
                          }
                        }
                      },
                      "runAfter": {},
                      "metadata": {
                        "operationMetadataId": "951aba86-eebe-40df-958a-42e744743bbb"
                      },
                      "type": "Scope"
                    }
                  }
                }
              },
              "default": {
                "actions": {}
              },
              "expression": "@parameters('PowerApp Maker Environment Variable (admin_PowerAppEnvironmentVariable)')",
              "metadata": {
                "operationMetadataId": "1329da6d-6ef7-4d70-b96a-346dd48a8663"
              },
              "type": "Switch"
            }
          },
          "runAfter": {},
          "metadata": {
            "operationMetadataId": "ae8f384b-d71d-49b4-8aa4-55495fdd9b98"
          },
          "type": "Scope"
        },
        "Respond_to_a_Power_App_or_flow": {
          "runAfter": {
            "Process_admin_PowerAppEnvironmentVariable": [
              "Succeeded"
            ]
          },
          "metadata": {
            "operationMetadataId": "c74e8bbb-e5b8-40a4-a7e1-5fc035fc973c"
          },
          "type": "Response",
          "kind": "PowerApp",
          "inputs": {
            "statusCode": 200,
            "body": {},
            "schema": {
              "type": "object",
              "properties": {}
            }
          }
        }
      }
    },
    "templateName": ""
  },
  "schemaVersion": "1.0.0.0"
}