{
  "properties": {
    "connectionReferences": {
      "shared_commondataserviceforapps": {
        "runtimeSource": "embedded",
        "connection": {
          "connectionReferenceLogicalName": "admin_CoECoreDataverse2"
        },
        "api": {
          "name": "shared_commondataserviceforapps"
        }
      }
    },
    "definition": {
      "$schema": "https://schema.management.azure.com/providers/Microsoft.Logic/schemas/2016-06-01/workflowdefinition.json#",
      "contentVersion": "1.0.0.0",
      "parameters": {
        "$connections": {
          "defaultValue": {},
          "type": "Object"
        },
        "$authentication": {
          "defaultValue": {},
          "type": "SecureObject"
        }
      },
      "triggers": {
        "manual": {
          "metadata": {
            "operationMetadataId": "84f28dc7-3130-4b86-a2c3-b0529b3a4b77"
          },
          "type": "Request",
          "kind": "Button",
          "inputs": {
            "schema": {
              "type": "object",
              "properties": {
                "text": {
                  "title": "classification",
                  "type": "string",
                  "x-ms-dynamically-added": true,
                  "description": "Please enter your input",
                  "x-ms-content-hint": "TEXT",
                  "enum": [
                    "Confidential",
                    "General",
                    "Blocked"
                  ]
                },
                "text_1": {
                  "title": "FetchXml",
                  "type": "string",
                  "x-ms-dynamically-added": true,
                  "description": "Please enter your input",
                  "x-ms-content-hint": "TEXT"
                }
              },
              "required": [
                "text",
                "text_1"
              ]
            }
          }
        }
      },
      "actions": {
        "List_rows": {
          "runAfter": {},
          "metadata": {
            "operationMetadataId": "0554650c-7eea-44e3-bf7c-cc3483fca362"
          },
          "type": "OpenApiConnection",
          "inputs": {
            "host": {
              "connectionName": "shared_commondataserviceforapps",
              "operationId": "ListRecords",
              "apiId": "/providers/Microsoft.PowerApps/apis/shared_commondataserviceforapps"
            },
            "parameters": {
              "entityName": "admin_connectors",
              "fetchXml": "@triggerBody()['text_1']"
            },
            "authentication": {
              "type": "Raw",
              "value": "@json(decodeBase64(triggerOutputs().headers['X-MS-APIM-Tokens']))['$ConnectionKey']"
            }
          }
        },
        "Select": {
          "runAfter": {
            "List_rows": [
              "Succeeded"
            ]
          },
          "metadata": {
            "operationMetadataId": "1c3ac094-1f76-4835-b980-dda1c584d6a1"
          },
          "type": "Select",
          "inputs": {
            "from": "@outputs('List_rows')?['body/value']",
            "select": {
              "id": "@item()?['admin_id']",
              "type": "Microsoft.PowerApps/apis",
              "name": "@item()?['admin_displayname']"
            }
          }
        },
        "Compose": {
          "runAfter": {
            "Filter_array": [
              "Succeeded"
            ]
          },
          "metadata": {
            "operationMetadataId": "6a0d14cd-70b8-4122-8c65-84f8dea71f7f"
          },
          "type": "Compose",
          "inputs": {
            "classification": "@{triggerBody()['text']}",
            "connectors": "@body('Filter_array')"
          }
        },
        "Response": {
          "runAfter": {
            "Compose": [
              "Succeeded"
            ]
          },
          "metadata": {
            "operationMetadataId": "c957ee5d-f23d-4f54-a7db-6a4f6a21ad54"
          },
          "type": "Response",
          "kind": "Http",
          "inputs": {
            "statusCode": 200,
            "body": "@outputs('Compose')",
            "schema": {
              "type": "object",
              "properties": {
                "classification": {
                  "type": "string"
                },
                "connectors": {
                  "type": "array",
                  "items": {
                    "type": "object",
                    "properties": {
                      "id": {
                        "type": "string"
                      },
                      "type": {
                        "type": "string"
                      },
                      "name": {
                        "type": "string"
                      }
                    },
                    "required": [
                      "id",
                      "type",
                      "name"
                    ]
                  }
                }
              }
            }
          }
        },
        "Filter_array": {
          "runAfter": {
            "Select": [
              "Succeeded"
            ]
          },
          "metadata": {
            "operationMetadataId": "36142b46-4300-46c3-b971-14b58edae266"
          },
          "type": "Query",
          "inputs": {
            "from": "@body('Select')",
            "where": "@not(equals(item()['id'], '/providers/Microsoft.PowerApps/apis/shared_logicflows'))"
          }
        }
      },
      "outputs": {}
    },
    "templateName": ""
  },
  "schemaVersion": "1.0.0.0"
}