{
  "properties": {
    "connectionReferences": {
      "shared_commondataserviceforapps_1": {
        "runtimeSource": "embedded",
        "connection": {
          "connectionReferenceLogicalName": "admin_CoECoreDataverse"
        },
        "api": {
          "name": "shared_commondataserviceforapps"
        }
      }
    },
    "definition": {
      "$schema": "https://schema.management.azure.com/providers/Microsoft.Logic/schemas/2016-06-01/workflowdefinition.json#",
      "contentVersion": "1.0.0.0",
      "parameters": {
        "$connections": {
          "defaultValue": {},
          "type": "Object"
        },
        "$authentication": {
          "defaultValue": {},
          "type": "SecureObject"
        }
      },
      "triggers": {
        "manual": {
          "metadata": {
            "operationMetadataId": "6c61bba4-7a4e-4429-a41c-0e51958d3012"
          },
          "type": "Request",
          "kind": "PowerAppV2",
          "inputs": {
            "schema": {
              "type": "object",
              "properties": {},
              "required": []
            }
          }
        }
      },
      "actions": {
        "Get_Business_Application_Platform_API_Url": {
          "actions": {
            "get_admin_apibapmicrosoftcomUrl": {
              "runAfter": {},
              "metadata": {
                "operationMetadataId": "4fb2828e-ca70-4fda-8b4c-fbc3ff97bf45"
              },
              "type": "OpenApiConnection",
              "inputs": {
                "host": {
                  "connectionName": "shared_commondataserviceforapps_1",
                  "operationId": "ListRecords",
                  "apiId": "/providers/Microsoft.PowerApps/apis/shared_commondataserviceforapps"
                },
                "parameters": {
                  "entityName": "environmentvariabledefinitions",
                  "$select": "defaultvalue",
                  "$filter": "schemaname eq 'admin_apibapmicrosoftcomUrl'",
                  "$top": 1,
                  "$expand": "environmentvariabledefinition_environmentvariablevalue($select=value)"
                },
                "authentication": "@parameters('$authentication')"
              }
            },
            "Set_variable": {
              "runAfter": {
                "selectValues": [
                  "Succeeded"
                ]
              },
              "metadata": {
                "operationMetadataId": "b6c51033-c2e2-48f2-8b31-80c1ac112930"
              },
              "type": "SetVariable",
              "inputs": {
                "name": "admin_apibapmicrosoftcomUrl",
                "value": "@{coalesce(body('selectValues')[0]['value'],body('selectValues')[0]['defaultValue'])}"
              }
            },
            "selectValues": {
              "runAfter": {
                "get_admin_apibapmicrosoftcomUrl": [
                  "Succeeded"
                ]
              },
              "metadata": {
                "operationMetadataId": "f5ec43ec-3904-43e8-afbe-45435389f98c"
              },
              "type": "Select",
              "inputs": {
                "from": "@outputs('get_admin_apibapmicrosoftcomUrl')?['body/value']",
                "select": {
                  "defaultValue": "@item()?['defaultvalue']",
                  "value": "@if(greater(length(item()['environmentvariabledefinition_environmentvariablevalue']),0),item()['environmentvariabledefinition_environmentvariablevalue'][0]?['value'],null)"
                }
              }
            }
          },
          "runAfter": {
            "Initialize_admin_PowerAppEnvironmentVariable": [
              "Succeeded"
            ]
          },
          "metadata": {
            "operationMetadataId": "9ec1ffd2-31f0-40c6-a62e-e70ff0574f77"
          },
          "type": "Scope"
        },
        "Initialize_admin_apibapmicrosoftcomUrl": {
          "runAfter": {},
          "metadata": {
            "operationMetadataId": "b933883d-12a3-4960-9fae-10c3afbd11aa"
          },
          "type": "InitializeVariable",
          "inputs": {
            "variables": [
              {
                "name": "admin_apibapmicrosoftcomUrl",
                "type": "string"
              }
            ]
          }
        },
        "Initialize_admin_apiflowmicrosoftcomUrl": {
          "runAfter": {
            "Initialize_admin_apibapAudience": [
              "Succeeded"
            ]
          },
          "metadata": {
            "operationMetadataId": "a33a96a4-df57-4d21-be98-7212b28f646d"
          },
          "type": "InitializeVariable",
          "inputs": {
            "variables": [
              {
                "name": "admin_apiflowmicrosoftcomUrl",
                "type": "string"
              }
            ]
          }
        },
        "Initialize_admin_makepowerautomatecom": {
          "runAfter": {
            "Initialize_admin_apiflowAudience": [
              "Succeeded"
            ]
          },
          "metadata": {
            "operationMetadataId": "d354e93b-187c-4615-b670-059ff0f34af7"
          },
          "type": "InitializeVariable",
          "inputs": {
            "variables": [
              {
                "name": "admin_makepowerautomatecom",
                "type": "string"
              }
            ]
          }
        },
        "Initialize_admin_PowerAppEnvironmentVariable": {
          "runAfter": {
            "Initialize_admin_makepowerautomatecom": [
              "Succeeded"
            ]
          },
          "metadata": {
            "operationMetadataId": "d82ad59c-a5a5-4e45-8f86-b3f4bf5f4f8d"
          },
          "type": "InitializeVariable",
          "inputs": {
            "variables": [
              {
                "name": "admin PowerAppEnvironmentVariable",
                "type": "string"
              }
            ]
          }
        },
        "Get_Microsoft_Flow_API_Url": {
          "actions": {
            "get_admin_apiflowmicrosoftcomUrl": {
              "runAfter": {},
              "metadata": {
                "operationMetadataId": "4fb2828e-ca70-4fda-8b4c-fbc3ff97bf45"
              },
              "type": "OpenApiConnection",
              "inputs": {
                "host": {
                  "connectionName": "shared_commondataserviceforapps_1",
                  "operationId": "ListRecords",
                  "apiId": "/providers/Microsoft.PowerApps/apis/shared_commondataserviceforapps"
                },
                "parameters": {
                  "entityName": "environmentvariabledefinitions",
                  "$select": "defaultvalue",
                  "$filter": "schemaname eq 'admin_apiflowmicrosoftcomUrl'",
                  "$top": 1,
                  "$expand": "environmentvariabledefinition_environmentvariablevalue($select=value)"
                },
                "authentication": "@parameters('$authentication')"
              }
            },
            "Set_variable_2": {
              "runAfter": {
                "selectValues_2": [
                  "Succeeded"
                ]
              },
              "metadata": {
                "operationMetadataId": "b6c51033-c2e2-48f2-8b31-80c1ac112930"
              },
              "type": "SetVariable",
              "inputs": {
                "name": "admin_apiflowmicrosoftcomUrl",
                "value": "@{coalesce(body('selectValues_2')[0]['value'], body('selectValues_2')[0]['defaultValue'])}"
              }
            },
            "selectValues_2": {
              "runAfter": {
                "get_admin_apiflowmicrosoftcomUrl": [
                  "Succeeded"
                ]
              },
              "metadata": {
                "operationMetadataId": "f5ec43ec-3904-43e8-afbe-45435389f98c"
              },
              "type": "Select",
              "inputs": {
                "from": "@outputs('get_admin_apiflowmicrosoftcomUrl')?['body/value']",
                "select": {
                  "defaultValue": "@item()?['defaultvalue']",
                  "value": "@if(greater(length(item()['environmentvariabledefinition_environmentvariablevalue']), 0), item()['environmentvariabledefinition_environmentvariablevalue'][0]?['value'], null)"
                }
              }
            }
          },
          "runAfter": {
            "Initialize_admin_PowerAppEnvironmentVariable": [
              "Succeeded"
            ]
          },
          "metadata": {
            "operationMetadataId": "9ec1ffd2-31f0-40c6-a62e-e70ff0574f77"
          },
          "type": "Scope"
        },
        "Power_Automate_Makers_Host_Name": {
          "actions": {
            "get_admin_makepowerautomatecom": {
              "runAfter": {},
              "metadata": {
                "operationMetadataId": "4fb2828e-ca70-4fda-8b4c-fbc3ff97bf45"
              },
              "type": "OpenApiConnection",
              "inputs": {
                "host": {
                  "connectionName": "shared_commondataserviceforapps_1",
                  "operationId": "ListRecords",
                  "apiId": "/providers/Microsoft.PowerApps/apis/shared_commondataserviceforapps"
                },
                "parameters": {
                  "entityName": "environmentvariabledefinitions",
                  "$select": "defaultvalue",
                  "$filter": "schemaname eq 'admin_makepowerautomatecom'",
                  "$top": 1,
                  "$expand": "environmentvariabledefinition_environmentvariablevalue($select=value)"
                },
                "authentication": "@parameters('$authentication')"
              }
            },
            "Set_variable_3": {
              "runAfter": {
                "selectValues_3": [
                  "Succeeded"
                ]
              },
              "metadata": {
                "operationMetadataId": "b6c51033-c2e2-48f2-8b31-80c1ac112930"
              },
              "type": "SetVariable",
              "inputs": {
                "name": "admin_makepowerautomatecom",
                "value": "@{coalesce(body('selectValues_3')[0]['value'], body('selectValues_3')[0]['defaultValue'])}"
              }
            },
            "selectValues_3": {
              "runAfter": {
                "get_admin_makepowerautomatecom": [
                  "Succeeded"
                ]
              },
              "metadata": {
                "operationMetadataId": "f5ec43ec-3904-43e8-afbe-45435389f98c"
              },
              "type": "Select",
              "inputs": {
                "from": "@outputs('get_admin_makepowerautomatecom')?['body/value']",
                "select": {
                  "defaultValue": "@item()?['defaultvalue']",
                  "value": "@if(greater(length(item()['environmentvariabledefinition_environmentvariablevalue']), 0), item()['environmentvariabledefinition_environmentvariablevalue'][0]?['value'], null)"
                }
              }
            }
          },
          "runAfter": {
            "Initialize_admin_PowerAppEnvironmentVariable": [
              "Succeeded"
            ]
          },
          "metadata": {
            "operationMetadataId": "9ec1ffd2-31f0-40c6-a62e-e70ff0574f77"
          },
          "type": "Scope"
        },
        "Get_Business_Application_Platform_API_Audience": {
          "actions": {
            "get_admin_apibapAudience": {
              "runAfter": {},
              "metadata": {
                "operationMetadataId": "4fb2828e-ca70-4fda-8b4c-fbc3ff97bf45"
              },
              "type": "OpenApiConnection",
              "inputs": {
                "host": {
                  "connectionName": "shared_commondataserviceforapps_1",
                  "operationId": "ListRecords",
                  "apiId": "/providers/Microsoft.PowerApps/apis/shared_commondataserviceforapps"
                },
                "parameters": {
                  "entityName": "environmentvariabledefinitions",
                  "$select": "defaultvalue",
                  "$filter": "schemaname eq 'admin_apibapAudience'",
                  "$top": 1,
                  "$expand": "environmentvariabledefinition_environmentvariablevalue($select=value)"
                },
                "authentication": "@parameters('$authentication')"
              }
            },
            "Set_variable_5": {
              "runAfter": {
                "selectValues_5": [
                  "Succeeded"
                ]
              },
              "metadata": {
                "operationMetadataId": "b6c51033-c2e2-48f2-8b31-80c1ac112930"
              },
              "type": "SetVariable",
              "inputs": {
                "name": "admin_apibapAudience",
                "value": "@{coalesce(body('selectValues_5')[0]['value'], body('selectValues_5')[0]['defaultValue'])}"
              }
            },
            "selectValues_5": {
              "runAfter": {
                "get_admin_apibapAudience": [
                  "Succeeded"
                ]
              },
              "metadata": {
                "operationMetadataId": "f5ec43ec-3904-43e8-afbe-45435389f98c"
              },
              "type": "Select",
              "inputs": {
                "from": "@outputs('get_admin_apibapAudience')?['body/value']",
                "select": {
                  "defaultValue": "@item()?['defaultvalue']",
                  "value": "@if(greater(length(item()['environmentvariabledefinition_environmentvariablevalue']), 0), item()['environmentvariabledefinition_environmentvariablevalue'][0]?['value'], null)"
                }
              }
            }
          },
          "runAfter": {
            "Initialize_admin_PowerAppEnvironmentVariable": [
              "Succeeded"
            ]
          },
          "metadata": {
            "operationMetadataId": "9ec1ffd2-31f0-40c6-a62e-e70ff0574f77"
          },
          "type": "Scope"
        },
        "Get_PowerApp_Maker_Environment_Variable": {
          "actions": {
            "get_admin_PowerAppEnvironmentVariable": {
              "runAfter": {},
              "metadata": {
                "operationMetadataId": "4fb2828e-ca70-4fda-8b4c-fbc3ff97bf45"
              },
              "type": "OpenApiConnection",
              "inputs": {
                "host": {
                  "connectionName": "shared_commondataserviceforapps_1",
                  "operationId": "ListRecords",
                  "apiId": "/providers/Microsoft.PowerApps/apis/shared_commondataserviceforapps"
                },
                "parameters": {
                  "entityName": "environmentvariabledefinitions",
                  "$select": "defaultvalue",
                  "$filter": "schemaname eq 'admin_PowerAppEnvironmentVariable'",
                  "$top": 1,
                  "$expand": "environmentvariabledefinition_environmentvariablevalue($select=value)"
                },
                "authentication": "@parameters('$authentication')"
              }
            },
            "Set_variable_6": {
              "runAfter": {
                "selectValues_6": [
                  "Succeeded"
                ]
              },
              "metadata": {
                "operationMetadataId": "b6c51033-c2e2-48f2-8b31-80c1ac112930"
              },
              "type": "SetVariable",
              "inputs": {
                "name": "admin PowerAppEnvironmentVariable",
                "value": "@{coalesce(body('selectValues_6')[0]['value'], body('selectValues_6')[0]['defaultValue'])}"
              }
            },
            "selectValues_6": {
              "runAfter": {
                "get_admin_PowerAppEnvironmentVariable": [
                  "Succeeded"
                ]
              },
              "metadata": {
                "operationMetadataId": "f5ec43ec-3904-43e8-afbe-45435389f98c"
              },
              "type": "Select",
              "inputs": {
                "from": "@outputs('get_admin_PowerAppEnvironmentVariable')?['body/value']",
                "select": {
                  "defaultValue": "@item()?['defaultvalue']",
                  "value": "@if(greater(length(item()['environmentvariabledefinition_environmentvariablevalue']), 0), item()['environmentvariabledefinition_environmentvariablevalue'][0]?['value'], null)"
                }
              }
            }
          },
          "runAfter": {
            "Initialize_admin_PowerAppEnvironmentVariable": [
              "Succeeded"
            ]
          },
          "metadata": {
            "operationMetadataId": "9ec1ffd2-31f0-40c6-a62e-e70ff0574f77"
          },
          "type": "Scope"
        },
        "Initialize_admin_apibapAudience": {
          "runAfter": {
            "Initialize_admin_apibapmicrosoftcomUrl": [
              "Succeeded"
            ]
          },
          "metadata": {
            "operationMetadataId": "015808f2-e41b-4f94-a6b1-986fe851f3a0"
          },
          "type": "InitializeVariable",
          "inputs": {
            "variables": [
              {
                "name": "admin_apibapAudience",
                "type": "string"
              }
            ]
          }
        },
        "Initialize_admin_apiflowAudience": {
          "runAfter": {
            "Initialize_admin_apiflowmicrosoftcomUrl": [
              "Succeeded"
            ]
          },
          "metadata": {
            "operationMetadataId": "015808f2-e41b-4f94-a6b1-986fe851f3a0"
          },
          "type": "InitializeVariable",
          "inputs": {
            "variables": [
              {
                "name": "admin_apiflowAudience",
                "type": "string"
              }
            ]
          }
        },
        "Get_Microsoft_Flow_API_Audience": {
          "actions": {
            "get_admin_apiflowAudience": {
              "runAfter": {},
              "metadata": {
                "operationMetadataId": "4fb2828e-ca70-4fda-8b4c-fbc3ff97bf45"
              },
              "type": "OpenApiConnection",
              "inputs": {
                "host": {
                  "connectionName": "shared_commondataserviceforapps_1",
                  "operationId": "ListRecords",
                  "apiId": "/providers/Microsoft.PowerApps/apis/shared_commondataserviceforapps"
                },
                "parameters": {
                  "entityName": "environmentvariabledefinitions",
                  "$select": "defaultvalue",
                  "$filter": "schemaname eq 'admin_apiflowAudience'",
                  "$top": 1,
                  "$expand": "environmentvariabledefinition_environmentvariablevalue($select=value)"
                },
                "authentication": "@parameters('$authentication')"
              }
            },
            "Set_variable_4": {
              "runAfter": {
                "selectValues_4": [
                  "Succeeded"
                ]
              },
              "metadata": {
                "operationMetadataId": "b6c51033-c2e2-48f2-8b31-80c1ac112930"
              },
              "type": "SetVariable",
              "inputs": {
                "name": "admin_apiflowAudience",
                "value": "@{coalesce(body('selectValues_4')[0]['value'], body('selectValues_4')[0]['defaultValue'])}"
              }
            },
            "selectValues_4": {
              "runAfter": {
                "get_admin_apiflowAudience": [
                  "Succeeded"
                ]
              },
              "metadata": {
                "operationMetadataId": "f5ec43ec-3904-43e8-afbe-45435389f98c"
              },
              "type": "Select",
              "inputs": {
                "from": "@outputs('get_admin_apiflowAudience')?['body/value']",
                "select": {
                  "defaultValue": "@item()?['defaultvalue']",
                  "value": "@if(greater(length(item()['environmentvariabledefinition_environmentvariablevalue']), 0), item()['environmentvariabledefinition_environmentvariablevalue'][0]?['value'], null)"
                }
              }
            }
          },
          "runAfter": {
            "Initialize_admin_PowerAppEnvironmentVariable": [
              "Succeeded"
            ]
          },
          "metadata": {
            "operationMetadataId": "9ec1ffd2-31f0-40c6-a62e-e70ff0574f77"
          },
          "type": "Scope"
        },
        "Respond_to_a_Power_App_or_flow": {
          "runAfter": {
            "Get_Microsoft_Flow_API_Audience": [
              "Succeeded"
            ],
            "Power_Automate_Makers_Host_Name": [
              "Succeeded"
            ],
            "Get_Business_Application_Platform_API_Audience": [
              "Succeeded"
            ],
            "Get_PowerApp_Maker_Environment_Variable": [
              "Succeeded"
            ],
            "Get_Microsoft_Flow_API_Url": [
              "Succeeded"
            ],
            "Get_Business_Application_Platform_API_Url": [
              "Succeeded"
            ]
          },
          "metadata": {
            "operationMetadataId": "6ee26035-78b9-4b2a-877c-96d031bed3fe"
          },
          "type": "Response",
          "kind": "PowerApp",
          "inputs": {
            "statusCode": 200,
            "body": {
              "bapapiurl": "@variables('admin_apibapmicrosoftcomUrl')",
              "flowapiurl": "@variables('admin_apiflowmicrosoftcomUrl')",
              "powerautomatemakershostname": "@variables('admin_makepowerautomatecom')",
              "bapapiaudience": "@variables('admin_apibapAudience')",
              "powerappmakerurl": "@variables('admin PowerAppEnvironmentVariable')",
              "flowapiaudience": "@variables('admin_apiflowAudience')"
            },
            "schema": {
              "type": "object",
              "properties": {
                "bapapiurl": {
                  "title": "BAPApiUrl",
                  "x-ms-dynamically-added": true,
                  "type": "string"
                },
                "flowapiurl": {
                  "title": "FlowApiUrl",
                  "x-ms-dynamically-added": true,
                  "type": "string"
                },
                "powerautomatemakershostname": {
                  "title": "PowerAutomateMakersHostName",
                  "x-ms-dynamically-added": true,
                  "type": "string"
                },
                "bapapiaudience": {
                  "title": "BAPApiAudience",
                  "x-ms-dynamically-added": true,
                  "type": "string"
                },
                "powerappmakerurl": {
                  "title": "PowerAppMakerUrl",
                  "x-ms-dynamically-added": true,
                  "type": "string"
                },
                "flowapiaudience": {
                  "title": "FlowApiAudience",
                  "x-ms-dynamically-added": true,
                  "type": "string"
                }
              }
            }
          }
        }
      }
    },
    "templateName": ""
  },
  "schemaVersion": "1.0.0.0"
}