{
  "properties": {
    "connectionReferences": {
      "shared_commondataserviceforapps": {
        "runtimeSource": "embedded",
        "connection": {
          "connectionReferenceLogicalName": "admin_CoECoreDataverse2"
        },
        "api": {
          "name": "shared_commondataserviceforapps"
        }
      }
    },
    "definition": {
      "$schema": "https://schema.management.azure.com/providers/Microsoft.Logic/schemas/2016-06-01/workflowdefinition.json#",
      "contentVersion": "1.0.0.0",
      "parameters": {
        "$connections": {
          "defaultValue": {},
          "type": "Object"
        },
        "$authentication": {
          "defaultValue": {},
          "type": "SecureObject"
        }
      },
      "triggers": {
        "When_run_set_to_true": {
          "metadata": {
            "operationMetadataId": "6ac96ba5-d623-4fb1-b45c-e32e6c013782"
          },
          "type": "OpenApiConnectionWebhook",
          "inputs": {
            "host": {
              "connectionName": "shared_commondataserviceforapps",
              "operationId": "SubscribeWebhookTrigger",
              "apiId": "/providers/Microsoft.PowerApps/apis/shared_commondataserviceforapps"
            },
            "parameters": {
              "subscriptionRequest/message": 4,
              "subscriptionRequest/entityname": "admin_dlppolicy",
              "subscriptionRequest/scope": 4,
              "subscriptionRequest/filteringattributes": "admin_runimpactanalysis",
              "subscriptionRequest/filterexpression": "admin_runimpactanalysis eq true"
            },
            "authentication": "@parameters('$authentication')"
          }
        }
      },
      "actions": {
        "Reset_run_trigger": {
          "runAfter": {},
          "metadata": {
            "operationMetadataId": "79cda601-2876-4d28-b09f-99d4f7ca1562"
          },
          "type": "OpenApiConnection",
          "inputs": {
            "host": {
              "connectionName": "shared_commondataserviceforapps",
              "operationId": "UpdateOnlyRecord",
              "apiId": "/providers/Microsoft.PowerApps/apis/shared_commondataserviceforapps"
            },
            "parameters": {
              "entityName": "admin_dlppolicies",
              "recordId": "@triggerOutputs()?['body/admin_dlppolicyid']",
              "item/admin_analysisstatustext": "Running",
              "item/admin_runimpactanalysis": false
            },
            "authentication": "@parameters('$authentication')"
          }
        },
        "Run_Analysis": {
          "runAfter": {
            "Reset_run_trigger": [
              "Succeeded"
            ]
          },
          "metadata": {
            "operationMetadataId": "994a91a4-a4e9-4ae7-a984-43133aab8b69"
          },
          "type": "Workflow",
          "inputs": {
            "host": {
              "workflowReferenceName": "2bddc166-ab44-f011-8779-000d3a1fdbe4"
            },
            "body": {
              "text": "@triggerOutputs()?['body/admin_dlppolicyid']",
              "text_4": "ignore",
              "text_5": "task",
              "boolean": true
            },
            "retryPolicy": {
              "type": "none"
            }
          }
        },
        "Update_Last_Run_Date": {
          "runAfter": {
            "Run_Analysis": [
              "Succeeded"
            ]
          },
          "metadata": {
            "operationMetadataId": "ab82b8b2-a52c-4ba1-a4f9-ff9c5d3e6473"
          },
          "type": "OpenApiConnection",
          "inputs": {
            "host": {
              "connectionName": "shared_commondataserviceforapps",
              "operationId": "UpdateOnlyRecord",
              "apiId": "/providers/Microsoft.PowerApps/apis/shared_commondataserviceforapps"
            },
            "parameters": {
              "entityName": "admin_dlppolicies",
              "recordId": "@triggerOutputs()?['body/admin_dlppolicyid']",
              "item/admin_analysisstatustext": "Success",
              "item/admin_impactanalysislastrundate": "@utcNow()"
            },
            "authentication": "@parameters('$authentication')"
          }
        },
        "Update_Run_Status_Text_on_Failed": {
          "runAfter": {
            "Run_Analysis": [
              "Failed",
              "Skipped"
            ]
          },
          "metadata": {
            "operationMetadataId": "ab82b8b2-a52c-4ba1-a4f9-ff9c5d3e6473"
          },
          "type": "OpenApiConnection",
          "inputs": {
            "host": {
              "connectionName": "shared_commondataserviceforapps",
              "operationId": "UpdateOnlyRecord",
              "apiId": "/providers/Microsoft.PowerApps/apis/shared_commondataserviceforapps"
            },
            "parameters": {
              "entityName": "admin_dlppolicies",
              "recordId": "@triggerOutputs()?['body/admin_dlppolicyid']",
              "item/admin_analysisstatustext": "Failed"
            },
            "authentication": "@parameters('$authentication')"
          }
        }
      }
    },
    "templateName": ""
  },
  "schemaVersion": "1.0.0.0"
}