{
  "properties": {
    "connectionReferences": {
      "shared_commondataserviceforapps_1": {
        "runtimeSource": "embedded",
        "connection": {
          "connectionReferenceLogicalName": "admin_CoECoreDataverse"
        },
        "api": {
          "name": "shared_commondataserviceforapps"
        }
      }
    },
    "definition": {
      "$schema": "https://schema.management.azure.com/providers/Microsoft.Logic/schemas/2016-06-01/workflowdefinition.json#",
      "contentVersion": "1.0.0.0",
      "parameters": {
        "$connections": {
          "defaultValue": {},
          "type": "Object"
        },
        "$authentication": {
          "defaultValue": {},
          "type": "SecureObject"
        },
        "TenantID (admin_TenantID)": {
          "defaultValue": "79c21799-1ddc-4eca-9aa9-15faa84dd0e5",
          "type": "String",
          "metadata": {
            "schemaName": "admin_TenantID",
            "description": "Inventory - REQUIRED. Azure Tenant ID"
          }
        },
        "SCuBA Tenant Configuration Baseline Id (admin_SCuBATenantConfigurationBaselineId)": {
          "defaultValue": "7a0e51d6-604b-f011-8779-000d3a1fdbe4",
          "type": "String",
          "metadata": {
            "schemaName": "admin_SCuBATenantConfigurationBaselineId",
            "description": "Ignore On Import.  "
          }
        }
      },
      "triggers": {
        "manual": {
          "metadata": {
            "operationMetadataId": "cd097f83-b44e-4f11-98e2-8d3bd1dba259"
          },
          "type": "Request",
          "kind": "PowerAppV2",
          "inputs": {
            "schema": {
              "type": "object",
              "properties": {
                "boolean": {
                  "title": "Sync Reviewed Status",
                  "type": "boolean",
                  "x-ms-dynamically-added": true,
                  "description": "Indicate whether Reviewed status should be synced.",
                  "x-ms-content-hint": "BOOLEAN"
                }
              },
              "required": []
            }
          }
        }
      },
      "actions": {
        "SCuBABaselineConfig": {
          "runAfter": {
            "Initialize_variable": [
              "Succeeded"
            ]
          },
          "metadata": {
            "operationMetadataId": "e85a2fa9-45b3-433e-8eb9-29c822f74c47"
          },
          "type": "OpenApiConnection",
          "inputs": {
            "host": {
              "connectionName": "shared_commondataserviceforapps_1",
              "operationId": "GetItem",
              "apiId": "/providers/Microsoft.PowerApps/apis/shared_commondataserviceforapps"
            },
            "parameters": {
              "entityName": "admin_scubaconfigurations",
              "recordId": "@parameters('SCuBA Tenant Configuration Baseline Id (admin_SCuBATenantConfigurationBaselineId)')"
            },
            "authentication": "@parameters('$authentication')"
          }
        },
        "Use_Connector_Enablement_Feature": {
          "actions": {
            "EachConnSetting": {
              "foreach": "@body('Configuration')?['connectorSettings']",
              "actions": {
                "getConnSettingId": {
                  "runAfter": {},
                  "metadata": {
                    "operationMetadataId": "6d43f03c-637b-4851-aa08-5783e4e378a0"
                  },
                  "type": "OpenApiConnection",
                  "inputs": {
                    "host": {
                      "connectionName": "shared_commondataserviceforapps_1",
                      "operationId": "ListRecords",
                      "apiId": "/providers/Microsoft.PowerApps/apis/shared_commondataserviceforapps"
                    },
                    "parameters": {
                      "entityName": "admin_connectors",
                      "$select": "admin_connectorid,admin_cecreviewed",
                      "$filter": "admin_id eq '@{items('EachConnSetting')?['id']}'"
                    },
                    "authentication": "@parameters('$authentication')"
                  }
                },
                "EachConnector": {
                  "foreach": "@outputs('getConnSettingId')?['body/value']",
                  "actions": {
                    "Update_a_row": {
                      "runAfter": {},
                      "metadata": {
                        "operationMetadataId": "ce15dbe8-9b49-4fc7-93dd-1ba1948f0724"
                      },
                      "type": "OpenApiConnection",
                      "inputs": {
                        "host": {
                          "connectionName": "shared_commondataserviceforapps_1",
                          "operationId": "UpdateOnlyRecord",
                          "apiId": "/providers/Microsoft.PowerApps/apis/shared_commondataserviceforapps"
                        },
                        "parameters": {
                          "entityName": "admin_connectors",
                          "recordId": "@items('EachConnector')?['admin_connectorid']",
                          "item/admin_cecenabled": "@equals(items('EachConnSetting')?['behavior'],'Allow')",
                          "item/admin_cecreviewed": "@if(variables('syncReviewedStatus'),coalesce(items('EachConnSetting')?['isReviewed'],false),coalesce(items('EachConnector')?['admin_cecreviewed'],false))",
                          "item/admin_cecsyncreviewed": "@coalesce(items('EachConnSetting')?['isReviewed'],false)"
                        },
                        "authentication": "@parameters('$authentication')"
                      }
                    }
                  },
                  "runAfter": {
                    "getConnSettingId": [
                      "Succeeded"
                    ]
                  },
                  "metadata": {
                    "operationMetadataId": "33aac0c9-7dcc-4beb-a93c-f0c52da7b389"
                  },
                  "type": "Foreach"
                }
              },
              "runAfter": {
                "UseConnectorEnablementFeature": [
                  "Succeeded"
                ]
              },
              "metadata": {
                "operationMetadataId": "0071bd2c-40bd-4c4b-802e-267411152033"
              },
              "type": "Foreach",
              "runtimeConfiguration": {
                "concurrency": {
                  "repetitions": 50
                }
              }
            },
            "Configuration": {
              "runAfter": {},
              "metadata": {
                "operationMetadataId": "d94ed469-dce7-4fee-9873-1ddd5129f3a5"
              },
              "type": "ParseJson",
              "inputs": {
                "content": "@body('connectorEnablementConfigurations')?['value'][0]",
                "schema": {
                  "type": "object",
                  "properties": {
                    "id": {
                      "type": "string"
                    },
                    "connectorSettings": {
                      "type": "array",
                      "items": {
                        "type": "object",
                        "properties": {
                          "id": {
                            "type": "string"
                          },
                          "behavior": {
                            "type": "string"
                          },
                          "isReviewed": {
                            "type": "boolean"
                          }
                        },
                        "required": [
                          "id",
                          "behavior",
                          "isReviewed"
                        ]
                      }
                    },
                    "areNewConnectorsBlockedByDefault": {
                      "type": "boolean"
                    }
                  }
                }
              }
            },
            "UseConnectorEnablementFeature": {
              "runAfter": {
                "Configuration": [
                  "Succeeded"
                ]
              },
              "metadata": {
                "operationMetadataId": "86f8bbf8-4d88-4493-a7f3-ac4920cb57b7"
              },
              "type": "OpenApiConnection",
              "inputs": {
                "host": {
                  "connectionName": "shared_commondataserviceforapps_1",
                  "operationId": "UpdateOnlyRecord",
                  "apiId": "/providers/Microsoft.PowerApps/apis/shared_commondataserviceforapps"
                },
                "parameters": {
                  "entityName": "admin_scubaconfigurations",
                  "recordId": "@parameters('SCuBA Tenant Configuration Baseline Id (admin_SCuBATenantConfigurationBaselineId)')",
                  "item/admin_useconnectorenablementfeature": true,
                  "item/admin_connectorenablementid": "@body('Configuration')?['id']"
                },
                "authentication": "@parameters('$authentication')"
              }
            }
          },
          "runAfter": {
            "connectorEnablementConfigurations": [
              "Succeeded"
            ]
          },
          "else": {
            "actions": {
              "DoNotUseConnectorEnablementFeature": {
                "runAfter": {},
                "metadata": {
                  "operationMetadataId": "33f58fb1-16ee-47d0-828b-f376f9cd5a47"
                },
                "type": "OpenApiConnection",
                "inputs": {
                  "host": {
                    "connectionName": "shared_commondataserviceforapps_1",
                    "operationId": "UpdateOnlyRecord",
                    "apiId": "/providers/Microsoft.PowerApps/apis/shared_commondataserviceforapps"
                  },
                  "parameters": {
                    "entityName": "admin_scubaconfigurations",
                    "recordId": "@parameters('SCuBA Tenant Configuration Baseline Id (admin_SCuBATenantConfigurationBaselineId)')",
                    "item/admin_useconnectorenablementfeature": false,
                    "item/admin_connectorenablementid": "@null"
                  },
                  "authentication": "@parameters('$authentication')"
                }
              }
            }
          },
          "expression": {
            "greater": [
              "@length(body('connectorEnablementConfigurations')?['value'])",
              0
            ]
          },
          "metadata": {
            "operationMetadataId": "483869fb-721a-42b0-bad5-422b1a7be0b0"
          },
          "type": "If"
        },
        "connectorEnablementConfigurations": {
          "runAfter": {
            "SCuBABaselineConfig": [
              "Succeeded"
            ]
          },
          "metadata": {
            "operationMetadataId": "e5e28dc1-d9c8-44a4-9067-f68624086010"
          },
          "type": "Workflow",
          "inputs": {
            "host": {
              "workflowReferenceName": "0a7e821b-0d54-f011-877a-7c1e520a4e64"
            },
            "body": {
              "text": "GET",
              "text_1": "/providers/PowerPlatform.Governance/v1/",
              "text_2": "tenants/@{parameters('TenantID (admin_TenantID)')}/connectorEnablementConfigurations"
            },
            "retryPolicy": {
              "type": "none"
            }
          }
        },
        "Respond_to_a_Power_App_or_flow": {
          "runAfter": {
            "Use_Connector_Enablement_Feature": [
              "Succeeded"
            ]
          },
          "metadata": {
            "operationMetadataId": "c387b480-0bd1-4455-b969-8ec89a586df2"
          },
          "type": "Response",
          "kind": "PowerApp",
          "inputs": {
            "statusCode": 200,
            "body": {},
            "schema": {
              "type": "object",
              "properties": {}
            }
          }
        },
        "Initialize_variable": {
          "runAfter": {},
          "metadata": {
            "operationMetadataId": "39886f75-afd9-4654-bf8d-7d4c5ec87cbc"
          },
          "type": "InitializeVariable",
          "inputs": {
            "variables": [
              {
                "name": "syncReviewedStatus",
                "type": "boolean",
                "value": "@coalesce(triggerBody()?['boolean'],false)"
              }
            ]
          }
        }
      }
    },
    "templateName": ""
  },
  "schemaVersion": "1.0.0.0"
}