{
  "properties": {
    "connectionReferences": {},
    "definition": {
      "$schema": "https://schema.management.azure.com/providers/Microsoft.Logic/schemas/2016-06-01/workflowdefinition.json#",
      "contentVersion": "1.0.0.0",
      "parameters": {
        "$authentication": {
          "defaultValue": {},
          "type": "SecureObject"
        }
      },
      "triggers": {
        "Once_a_Day": {
          "recurrence": {
            "frequency": "Day",
            "interval": 1,
            "schedule": {
              "hours": [
                "3"
              ]
            }
          },
          "metadata": {
            "operationMetadataId": "7b5fc152-d642-4b6f-aa92-c2293ed2e1bf"
          },
          "type": "Recurrence"
        }
      },
      "actions": {
        "Scope": {
          "actions": {
            "SCuBA_Sync_|_Environment_Sku_Governance_Settings": {
              "runAfter": {},
              "metadata": {
                "operationMetadataId": "224c9b03-e445-47db-a5fc-11111258e061"
              },
              "type": "Workflow",
              "inputs": {
                "host": {
                  "workflowReferenceName": "25236c9a-3542-f011-b4cb-7c1e5215ea1b"
                }
              }
            }
          },
          "runAfter": {},
          "metadata": {
            "operationMetadataId": "26ba64aa-b295-4bf9-8173-2e40f00cb05a"
          },
          "type": "Scope"
        }
      }
    },
    "templateName": null
  },
  "schemaVersion": "1.0.0.0"
}