{
  "properties": {
    "connectionReferences": {
      "shared_commondataserviceforapps": {
        "runtimeSource": "embedded",
        "connection": {
          "connectionReferenceLogicalName": "admin_CoECoreDataverse2"
        },
        "api": {
          "name": "shared_commondataserviceforapps"
        }
      }
    },
    "definition": {
      "$schema": "https://schema.management.azure.com/providers/Microsoft.Logic/schemas/2016-06-01/workflowdefinition.json#",
      "contentVersion": "1.0.0.0",
      "parameters": {
        "$connections": {
          "defaultValue": {},
          "type": "Object"
        },
        "$authentication": {
          "defaultValue": {},
          "type": "SecureObject"
        }
      },
      "triggers": {
        "When_run_set_to_true": {
          "metadata": {
            "operationMetadataId": "6ac96ba5-d623-4fb1-b45c-e32e6c013782"
          },
          "type": "OpenApiConnectionWebhook",
          "inputs": {
            "host": {
              "connectionName": "shared_commondataserviceforapps",
              "operationId": "SubscribeWebhookTrigger",
              "apiId": "/providers/Microsoft.PowerApps/apis/shared_commondataserviceforapps"
            },
            "parameters": {
              "subscriptionRequest/message": 4,
              "subscriptionRequest/entityname": "admin_dlppolicy",
              "subscriptionRequest/scope": 4,
              "subscriptionRequest/filteringattributes": "admin_copyenvironmentconnectorsbyrule",
              "subscriptionRequest/filterexpression": "admin_copyenvironmentconnectorsbyrule eq true"
            },
            "authentication": "@parameters('$authentication')"
          }
        }
      },
      "actions": {
        "Reset_run_trigger": {
          "runAfter": {},
          "metadata": {
            "operationMetadataId": "79cda601-2876-4d28-b09f-99d4f7ca1562"
          },
          "type": "OpenApiConnection",
          "inputs": {
            "host": {
              "connectionName": "shared_commondataserviceforapps",
              "operationId": "UpdateOnlyRecord",
              "apiId": "/providers/Microsoft.PowerApps/apis/shared_commondataserviceforapps"
            },
            "parameters": {
              "entityName": "admin_dlppolicies",
              "recordId": "@triggerOutputs()?['body/admin_dlppolicyid']",
              "item/admin_copyenvironmentconnectorsbyrule": false,
              "item/admin_copytostatustext": "Running"
            },
            "authentication": "@parameters('$authentication')"
          }
        },
        "Update_Status_Text": {
          "runAfter": {
            "Perform_Copy_Operations": [
              "Succeeded"
            ]
          },
          "metadata": {
            "operationMetadataId": "ab82b8b2-a52c-4ba1-a4f9-ff9c5d3e6473"
          },
          "type": "OpenApiConnection",
          "inputs": {
            "host": {
              "connectionName": "shared_commondataserviceforapps",
              "operationId": "UpdateOnlyRecord",
              "apiId": "/providers/Microsoft.PowerApps/apis/shared_commondataserviceforapps"
            },
            "parameters": {
              "entityName": "admin_dlppolicies",
              "recordId": "@triggerOutputs()?['body/admin_dlppolicyid']",
              "item/admin_copytostatustext": "Success",
              "item/admin_runimpactanalysis": true
            },
            "authentication": "@parameters('$authentication')"
          }
        },
        "Update_Run_Status_Text_on_Failed": {
          "runAfter": {
            "Perform_Copy_Operations": [
              "Failed"
            ]
          },
          "metadata": {
            "operationMetadataId": "ab82b8b2-a52c-4ba1-a4f9-ff9c5d3e6473"
          },
          "type": "OpenApiConnection",
          "inputs": {
            "host": {
              "connectionName": "shared_commondataserviceforapps",
              "operationId": "UpdateOnlyRecord",
              "apiId": "/providers/Microsoft.PowerApps/apis/shared_commondataserviceforapps"
            },
            "parameters": {
              "entityName": "admin_dlppolicies",
              "recordId": "@triggerOutputs()?['body/admin_dlppolicyid']",
              "item/admin_copytostatustext": "Failed"
            },
            "authentication": "@parameters('$authentication')"
          }
        },
        "Perform_Copy_Operations": {
          "actions": {
            "Switch": {
              "runAfter": {},
              "cases": {
                "Include_certain_environments": {
                  "case": 597910001,
                  "actions": {
                    "PolicyEnvironmentJson": {
                      "runAfter": {},
                      "metadata": {
                        "operationMetadataId": "360f8d89-6e57-4db6-9aad-9cee4920e076"
                      },
                      "type": "Workflow",
                      "inputs": {
                        "host": {
                          "workflowReferenceName": "c46003c8-a840-f011-b4cb-000d3a1fdbe4"
                        },
                        "body": {
                          "text": "@triggerOutputs()?['body/admin_dlppolicyid']"
                        }
                      }
                    },
                    "Select": {
                      "runAfter": {
                        "PolicyEnvironmentJson": [
                          "Succeeded"
                        ]
                      },
                      "metadata": {
                        "operationMetadataId": "a9dc436e-3cfb-4ee5-b15a-c4abfcfbd661"
                      },
                      "type": "Select",
                      "inputs": {
                        "from": "@body('PolicyEnvironmentJson')",
                        "select": "@item()['name']"
                      }
                    },
                    "Set_variable": {
                      "runAfter": {
                        "Select": [
                          "Succeeded"
                        ]
                      },
                      "metadata": {
                        "operationMetadataId": "64e22265-060f-4f7b-94e0-e6b82f5319e4"
                      },
                      "type": "SetVariable",
                      "inputs": {
                        "name": "EnvironmentsList",
                        "value": "@body('Select')"
                      }
                    }
                  }
                },
                "All_environments": {
                  "case": 597910000,
                  "actions": {
                    "AllEnvironments": {
                      "runAfter": {},
                      "metadata": {
                        "operationMetadataId": "5cb41701-d81b-4c53-9d0a-6504cfcbf1be"
                      },
                      "type": "OpenApiConnection",
                      "inputs": {
                        "host": {
                          "connectionName": "shared_commondataserviceforapps",
                          "operationId": "ListRecords",
                          "apiId": "/providers/Microsoft.PowerApps/apis/shared_commondataserviceforapps"
                        },
                        "parameters": {
                          "entityName": "admin_environments",
                          "fetchXml": "<fetch>\n  <entity name=\"admin_environment\">\n    <attribute name=\"admin_environmentid\" />\n    <attribute name=\"admin_environmentname\" />\n    <filter>\n      <condition attribute=\"admin_environmentdeleted\" operator=\"ne\" value=\"1\" />\n    </filter>\n  </entity>\n</fetch>"
                        },
                        "authentication": "@parameters('$authentication')"
                      }
                    },
                    "Select_2": {
                      "runAfter": {
                        "AllEnvironments": [
                          "Succeeded"
                        ]
                      },
                      "metadata": {
                        "operationMetadataId": "4f75f651-9f17-4b08-aa9c-d40d0253b66e"
                      },
                      "type": "Select",
                      "inputs": {
                        "from": "@outputs('AllEnvironments')?['body/value']",
                        "select": "@item()?['admin_environmentname']"
                      }
                    },
                    "Set_variable_2": {
                      "runAfter": {
                        "Select_2": [
                          "Succeeded"
                        ]
                      },
                      "metadata": {
                        "operationMetadataId": "1efcd303-9627-4a67-a1bb-51fd27628308"
                      },
                      "type": "SetVariable",
                      "inputs": {
                        "name": "EnvironmentsList",
                        "value": "@body('Select_2')"
                      }
                    }
                  }
                },
                "Exclude_certain_environments": {
                  "case": 597910002,
                  "actions": {
                    "NotExclcuded": {
                      "runAfter": {},
                      "metadata": {
                        "operationMetadataId": "2298c645-24f0-41ab-8200-5de550ffcdc8"
                      },
                      "type": "OpenApiConnection",
                      "inputs": {
                        "host": {
                          "connectionName": "shared_commondataserviceforapps",
                          "operationId": "ListRecords",
                          "apiId": "/providers/Microsoft.PowerApps/apis/shared_commondataserviceforapps"
                        },
                        "parameters": {
                          "entityName": "admin_environments",
                          "fetchXml": "<fetch>\n  <entity name=\"admin_environment\">\n    <attribute name=\"admin_environmentid\" />\n    <attribute name=\"admin_environmentname\" />\n    <filter>\n      <link-entity name=\"admin_scuba_policy_environments_join\" from=\"admin_environmentid\" to=\"admin_environmentid\" link-type=\"not any\">\n        <filter>\n          <condition attribute=\"admin_dlppolicyid\" operator=\"eq\" value=\"@{triggerOutputs()?['body/admin_dlppolicyid']}\" />\n        </filter>\n      </link-entity>\n      <condition attribute=\"admin_environmentdeleted\" operator=\"ne\" value=\"1\" />\n    </filter>\n  </entity>\n</fetch>"
                        },
                        "authentication": "@parameters('$authentication')"
                      }
                    },
                    "Select_3": {
                      "runAfter": {
                        "NotExclcuded": [
                          "Succeeded"
                        ]
                      },
                      "metadata": {
                        "operationMetadataId": "bd366d01-f286-443a-983c-e498c1d952a7"
                      },
                      "type": "Select",
                      "inputs": {
                        "from": "@outputs('NotExclcuded')?['body/value']",
                        "select": "@item()?['admin_environmentname']"
                      }
                    },
                    "Set_variable_3": {
                      "runAfter": {
                        "Select_3": [
                          "Succeeded"
                        ]
                      },
                      "metadata": {
                        "operationMetadataId": "875ce4f5-f159-4708-af29-4628e8e334c7"
                      },
                      "type": "SetVariable",
                      "inputs": {
                        "name": "EnvironmentsList",
                        "value": "@body('Select_3')"
                      }
                    }
                  }
                }
              },
              "default": {
                "actions": {}
              },
              "expression": "@triggerOutputs()?['body/admin_scope']",
              "metadata": {
                "operationMetadataId": "f566b543-e584-455e-b57f-0f010775dbf2"
              },
              "type": "Switch"
            },
            "Apply_to_each": {
              "foreach": "@variables('EnvironmentsList')",
              "actions": {
                "EnvironmentConnectors": {
                  "runAfter": {},
                  "metadata": {
                    "operationMetadataId": "32d8799c-aa0d-4a73-94c8-430931ef9dbc"
                  },
                  "type": "OpenApiConnection",
                  "inputs": {
                    "host": {
                      "connectionName": "shared_commondataserviceforapps",
                      "operationId": "ListRecords",
                      "apiId": "/providers/Microsoft.PowerApps/apis/shared_commondataserviceforapps"
                    },
                    "parameters": {
                      "entityName": "admin_connectors",
                      "fetchXml": "<fetch>\n  <entity name=\"admin_connector\">\n    <attribute name=\"admin_connectorid\" />\n    <attribute name=\"admin_id\" />\n    <attribute name=\"admin_name\" />\n    <filter type=\"and\">\n      <link-entity name=\"admin_connectionreference\" from=\"admin_connector\" to=\"admin_connectorid\" link-type=\"any\">\n        <filter type=\"or\">\n          <link-entity name=\"admin_app\" from=\"admin_appid\" to=\"admin_app\" link-type=\"any\">\n            <filter>\n              <link-entity name=\"admin_environment\" from=\"admin_environmentid\" to=\"admin_appenvironment\" link-type=\"any\">\n                <filter>\n                  <condition attribute=\"admin_environmentname\" operator=\"eq\" value=\"@{items('Apply_to_each')}\" />\n                </filter>\n              </link-entity>\n            </filter>\n          </link-entity>\n          <link-entity name=\"admin_flow\" from=\"admin_flowid\" to=\"admin_flow\" link-type=\"any\">\n            <filter>\n              <link-entity name=\"admin_environment\" from=\"admin_environmentid\" to=\"admin_flowenvironment\" link-type=\"any\">\n                <filter>\n                  <condition attribute=\"admin_environmentname\" operator=\"eq\" value=\"@{items('Apply_to_each')}\" />\n                </filter>\n              </link-entity>\n            </filter>\n          </link-entity>\n        </filter>\n      </link-entity>\n    </filter>\n  </entity>\n</fetch>"
                    },
                    "authentication": "@parameters('$authentication')"
                  }
                },
                "odataid": {
                  "runAfter": {
                    "EnvironmentConnectors": [
                      "Succeeded"
                    ]
                  },
                  "metadata": {
                    "operationMetadataId": "df6ae19a-cef6-40f4-ba84-d10ed03c0eaf"
                  },
                  "type": "Select",
                  "inputs": {
                    "from": "@outputs('EnvironmentConnectors')?['body/value']",
                    "select": "@item()?['@odata.id']"
                  }
                },
                "Compose": {
                  "runAfter": {
                    "odataid": [
                      "Succeeded"
                    ]
                  },
                  "metadata": {
                    "operationMetadataId": "60ea8c78-e8d2-4bef-bd62-73c0d33616ec"
                  },
                  "type": "Compose",
                  "inputs": "@union(variables('ConnectorList'),body('odataid'))"
                },
                "Set_variable_4": {
                  "runAfter": {
                    "Compose": [
                      "Succeeded"
                    ]
                  },
                  "metadata": {
                    "operationMetadataId": "c9877430-9cfd-46ab-a606-b476863ca0c3"
                  },
                  "type": "SetVariable",
                  "inputs": {
                    "name": "ConnectorList",
                    "value": "@outputs('Compose')"
                  }
                }
              },
              "runAfter": {
                "Switch": [
                  "Succeeded"
                ]
              },
              "metadata": {
                "operationMetadataId": "735a9723-46de-44c7-a9e1-763e3ff97f38"
              },
              "type": "Foreach",
              "runtimeConfiguration": {
                "concurrency": {
                  "repetitions": 1
                }
              }
            },
            "Apply_to_each_2": {
              "foreach": "@variables('ConnectorList')",
              "actions": {
                "Copy_To_Business": {
                  "actions": {
                    "Relate_rows_2": {
                      "runAfter": {},
                      "metadata": {
                        "operationMetadataId": "7ceb65f8-cbe2-4918-b098-96b1a2e45d87"
                      },
                      "type": "OpenApiConnection",
                      "inputs": {
                        "host": {
                          "connectionName": "shared_commondataserviceforapps",
                          "operationId": "AssociateEntities",
                          "apiId": "/providers/Microsoft.PowerApps/apis/shared_commondataserviceforapps"
                        },
                        "parameters": {
                          "entityName": "admin_dlppolicies",
                          "recordId": "@triggerOutputs()?['body/admin_dlppolicyid']",
                          "associationEntityRelationship": "admin_scuba_confidential_policy_connectors",
                          "item/@odata.id": "@items('Apply_to_each_2')"
                        },
                        "authentication": "@parameters('$authentication')"
                      }
                    }
                  },
                  "runAfter": {},
                  "else": {
                    "actions": {
                      "Relate_rows_3": {
                        "runAfter": {},
                        "metadata": {
                          "operationMetadataId": "0fa80fc2-88f3-4d06-bb95-52f994dbcd25"
                        },
                        "type": "OpenApiConnection",
                        "inputs": {
                          "host": {
                            "connectionName": "shared_commondataserviceforapps",
                            "operationId": "AssociateEntities",
                            "apiId": "/providers/Microsoft.PowerApps/apis/shared_commondataserviceforapps"
                          },
                          "parameters": {
                            "entityName": "admin_dlppolicies",
                            "recordId": "@triggerOutputs()?['body/admin_dlppolicyid']",
                            "associationEntityRelationship": "admin_scuba_general_policy_connectors",
                            "item/@odata.id": "@items('Apply_to_each_2')"
                          },
                          "authentication": "@parameters('$authentication')"
                        }
                      }
                    }
                  },
                  "expression": {
                    "not": {
                      "equals": [
                        "@outputs('Reset_run_trigger')?['body/admin_copytocategory']",
                        "@true"
                      ]
                    }
                  },
                  "metadata": {
                    "operationMetadataId": "390113c7-3f21-450f-8507-1dc27c95e93d"
                  },
                  "type": "If"
                },
                "Append_to_array_variable": {
                  "runAfter": {
                    "Copy_To_Business": [
                      "Failed"
                    ]
                  },
                  "metadata": {
                    "operationMetadataId": "c6baed4c-84fa-4d62-a6b2-b93126947065"
                  },
                  "type": "AppendToArrayVariable",
                  "inputs": {
                    "name": "DuplicateConnectors",
                    "value": "@items('Apply_to_each_2')"
                  }
                }
              },
              "runAfter": {
                "Apply_to_each": [
                  "Succeeded"
                ]
              },
              "metadata": {
                "operationMetadataId": "fd31731f-7ab7-42e2-86c4-8d2c26e95f95"
              },
              "type": "Foreach"
            }
          },
          "runAfter": {
            "Initialize_variable": [
              "Succeeded"
            ]
          },
          "metadata": {
            "operationMetadataId": "586e8de0-6169-46f1-a8a3-4f6e51a81e61"
          },
          "type": "Scope"
        },
        "Initialize_EnvironmentsList": {
          "runAfter": {
            "Reset_run_trigger": [
              "Succeeded"
            ]
          },
          "metadata": {
            "operationMetadataId": "e152f93b-9a76-4510-9e42-3133c1c59662"
          },
          "type": "InitializeVariable",
          "inputs": {
            "variables": [
              {
                "name": "EnvironmentsList",
                "type": "array"
              }
            ]
          }
        },
        "Initialize_ConnectorList": {
          "runAfter": {
            "Initialize_EnvironmentsList": [
              "Succeeded"
            ]
          },
          "metadata": {
            "operationMetadataId": "a10371e5-762f-462a-875b-a933755d8a62"
          },
          "type": "InitializeVariable",
          "inputs": {
            "variables": [
              {
                "name": "ConnectorList",
                "type": "array"
              }
            ]
          }
        },
        "Initialize_variable": {
          "runAfter": {
            "Initialize_ConnectorList": [
              "Succeeded"
            ]
          },
          "metadata": {
            "operationMetadataId": "96591535-d98d-4775-8a3e-153c4f7129c1"
          },
          "type": "InitializeVariable",
          "inputs": {
            "variables": [
              {
                "name": "DuplicateConnectors",
                "type": "array"
              }
            ]
          }
        }
      }
    },
    "templateName": ""
  },
  "schemaVersion": "1.0.0.0"
}