{
  "properties": {
    "connectionReferences": {
      "shared_commondataserviceforapps": {
        "runtimeSource": "embedded",
        "connection": {
          "connectionReferenceLogicalName": "admin_CoECoreDataverse2"
        },
        "api": {
          "name": "shared_commondataserviceforapps"
        }
      }
    },
    "definition": {
      "$schema": "https://schema.management.azure.com/providers/Microsoft.Logic/schemas/2016-06-01/workflowdefinition.json#",
      "contentVersion": "1.0.0.0",
      "parameters": {
        "$connections": {
          "defaultValue": {},
          "type": "Object"
        },
        "$authentication": {
          "defaultValue": {},
          "type": "SecureObject"
        },
        "TenantID (admin_TenantID)": {
          "defaultValue": "503cd275-e4ae-4345-be3c-3dace5dbacf3",
          "type": "String",
          "metadata": {
            "schemaName": "admin_TenantID",
            "description": "Inventory - REQUIRED. Azure Tenant ID"
          }
        },
        "SCuBA CoE - Application Client Secret (admin_SCuBACoEApplicationClientSecret)": {
          "defaultValue": "azZ8Q~FLXAmJWD5pNHYZn~j6F~OL2Smpaia4aaC6",
          "type": "String",
          "metadata": {
            "schemaName": "admin_SCuBACoEApplicationClientSecret",
            "description": "Text version of the Client Secret for the SCuBA CoE Application that will make calls to the BAP api."
          }
        },
        "SCuBA CoE - Application Client ID (admin_SCuBACoEApplicationClientID)": {
          "defaultValue": "09e12ebf-de3c-4ff9-a98c-93ca524e48a2",
          "type": "String",
          "metadata": {
            "schemaName": "admin_SCuBACoEApplicationClientID",
            "description": "REQUIRED:  ID of Application that is a Power Platform Service Principal and will make calls to the BAP Api. "
          }
        },
        "Business Application Platform API Url (admin_apibapmicrosoftcomUrl)": {
          "defaultValue": "https://api.bap.microsoft.com",
          "type": "String",
          "metadata": {
            "schemaName": "admin_apibapmicrosoftcomUrl",
            "description": "Ignore On Import.  Url of the Business Application Platform API is set through a workflow."
          }
        },
        "Business Application Platform API Audience (admin_apibapAudience)": {
          "defaultValue": "https://service.powerapps.com/",
          "type": "String",
          "metadata": {
            "schemaName": "admin_apibapAudience"
          }
        }
      },
      "triggers": {
        "manual": {
          "metadata": {
            "operationMetadataId": "03449508-99a2-47c1-ab92-4b94669ac8fa"
          },
          "type": "Request",
          "kind": "Button",
          "inputs": {
            "schema": {
              "type": "object",
              "properties": {
                "text": {
                  "title": "admin_dlppolicyid",
                  "type": "string",
                  "x-ms-dynamically-added": true,
                  "description": "Please enter your input",
                  "x-ms-content-hint": "TEXT"
                }
              },
              "required": [
                "text"
              ]
            },
            "headersSchema": {
              "x-ms-user-timestamp": {
                "title": "Timestamp",
                "type": "string",
                "x-ms-dynamically-added": false
              }
            }
          }
        }
      },
      "actions": {
        "init_appSecret": {
          "runAfter": {
            "Initialize_variable": [
              "Succeeded"
            ]
          },
          "metadata": {
            "operationMetadataId": "eea9cf5f-c53c-4086-b785-18c807da08a3"
          },
          "type": "InitializeVariable",
          "inputs": {
            "variables": [
              {
                "name": "appSecret",
                "type": "string",
                "value": "@parameters('SCuBA CoE - Application Client Secret (admin_SCuBACoEApplicationClientSecret)')"
              }
            ]
          }
        },
        "GetAzureSubscriptionSecret": {
          "actions": {
            "Get_admin_CommandCenterClientSecret": {
              "runAfter": {},
              "metadata": {
                "operationMetadataId": "dc72fc2f-1a96-4014-9d2f-bff7a4b8c7d4"
              },
              "type": "OpenApiConnection",
              "inputs": {
                "host": {
                  "connectionName": "shared_commondataserviceforapps",
                  "operationId": "PerformUnboundAction",
                  "apiId": "/providers/Microsoft.PowerApps/apis/shared_commondataserviceforapps"
                },
                "parameters": {
                  "actionName": "RetrieveEnvironmentVariableSecretValue",
                  "item/EnvironmentVariableName": "admin_SCuBACoEApplicationClientAzureSecret"
                },
                "authentication": {
                  "type": "Raw",
                  "value": "@json(decodeBase64(triggerOutputs().headers['X-MS-APIM-Tokens']))['$ConnectionKey']"
                }
              },
              "runtimeConfiguration": {
                "secureData": {
                  "properties": [
                    "outputs"
                  ]
                }
              }
            },
            "Set_appSecret": {
              "runAfter": {
                "Get_admin_CommandCenterClientSecret": [
                  "Succeeded"
                ]
              },
              "metadata": {
                "operationMetadataId": "ab7bf4a8-58f3-43c8-a42c-132b9971adb6"
              },
              "type": "SetVariable",
              "inputs": {
                "name": "appSecret",
                "value": "@outputs('Get_admin_CommandCenterClientSecret')?['body/EnvironmentVariableSecretValue']"
              }
            }
          },
          "runAfter": {
            "Initialize_ExpectedErrorCapture": [
              "Succeeded"
            ]
          },
          "metadata": {
            "operationMetadataId": "c690f9be-d311-453c-9528-d379e4cf66d5"
          },
          "type": "Scope"
        },
        "Get_a_Policy_Id": {
          "runAfter": {
            "init_errorMessage": [
              "Succeeded"
            ]
          },
          "metadata": {
            "operationMetadataId": "d4e32b42-bec8-494f-a2ec-c6586a6189c4"
          },
          "type": "OpenApiConnection",
          "inputs": {
            "host": {
              "connectionName": "shared_commondataserviceforapps",
              "operationId": "GetItem",
              "apiId": "/providers/Microsoft.PowerApps/apis/shared_commondataserviceforapps"
            },
            "parameters": {
              "entityName": "admin_dlppolicies",
              "recordId": "@triggerBody()['text']",
              "$select": "admin_policyid,admin_scope,admin_dayzeropolicy,admin_enforcestrictallow"
            },
            "authentication": {
              "type": "Raw",
              "value": "@json(decodeBase64(triggerOutputs().headers['X-MS-APIM-Tokens']))['$ConnectionKey']"
            }
          }
        },
        "Initialize_variable": {
          "runAfter": {
            "initPolicyExists": [
              "Succeeded"
            ]
          },
          "metadata": {
            "operationMetadataId": "1bcd3ab1-07b5-4a29-888c-caf2b5f255f6"
          },
          "type": "InitializeVariable",
          "inputs": {
            "variables": [
              {
                "name": "policyId",
                "type": "string",
                "value": "@outputs('Get_a_Policy_Id')?['body/admin_policyid']"
              }
            ]
          }
        },
        "Respond_to_a_Power_App_or_flow": {
          "runAfter": {
            "Has_Environments": [
              "Succeeded"
            ]
          },
          "metadata": {
            "operationMetadataId": "7056b079-e1db-47af-85ce-e3ce59925895"
          },
          "type": "Response",
          "kind": "PowerApp",
          "inputs": {
            "statusCode": 200,
            "body": {
              "logicappname": "@{workflow()?['tags/logicAppName']}",
              "runname": "@{workflow()?['run/name']}",
              "runlog": "@{join(variables('runLog'), '\\r\\n')}",
              "errormessage": "@variables('errorMessage')",
              "isnew": "@{variables('IsNewPolicy')}",
              "result": "@variables('PushResult')",
              "environmentcount": "@length(outputs('Generate_Policy_JSON')?['Body/environments'])",
              "base64policyjson": "@{base64(outputs('Generate_Policy_JSON')?['Body'])}",
              "base64connectorconfigjson": "@{base64(outputs('Generate_Connector_Configurations_JSON')?['Body'])}",
              "base64patternurljson": "@{base64(outputs('Generate_Url_Pattern_JSON')?['Body'])}"
            },
            "schema": {
              "type": "object",
              "properties": {
                "logicappname": {
                  "title": "logicAppName",
                  "x-ms-dynamically-added": true,
                  "type": "string"
                },
                "runname": {
                  "title": "runName",
                  "x-ms-dynamically-added": true,
                  "type": "string"
                },
                "runlog": {
                  "title": "runLog",
                  "x-ms-dynamically-added": true,
                  "type": "string"
                },
                "errormessage": {
                  "title": "errorMessage",
                  "x-ms-dynamically-added": true,
                  "type": "string"
                },
                "isnew": {
                  "title": "IsNew",
                  "x-ms-dynamically-added": true,
                  "type": "boolean"
                },
                "result": {
                  "title": "result",
                  "x-ms-dynamically-added": true,
                  "type": "string"
                },
                "environmentcount": {
                  "title": "environmentCount",
                  "x-ms-dynamically-added": true,
                  "type": "number"
                },
                "base64policyjson": {
                  "title": "base64PolicyJson",
                  "x-ms-dynamically-added": true,
                  "type": "string"
                },
                "base64connectorconfigjson": {
                  "title": "base64ConnectorConfigJson",
                  "x-ms-dynamically-added": true,
                  "type": "string"
                },
                "base64patternurljson": {
                  "title": "base64PatternUrlJson",
                  "x-ms-dynamically-added": true,
                  "type": "string"
                }
              }
            }
          }
        },
        "init_runLog": {
          "runAfter": {},
          "metadata": {
            "operationMetadataId": "019d72a2-53d4-485c-bf5b-a135ec4e1359"
          },
          "type": "InitializeVariable",
          "inputs": {
            "variables": [
              {
                "name": "runLog",
                "type": "array"
              }
            ]
          }
        },
        "init_errorMessage": {
          "runAfter": {
            "Initialize_variable_3": [
              "Succeeded"
            ]
          },
          "metadata": {
            "operationMetadataId": "491aeaa1-f080-4ef1-89d3-d77c7ae25e92"
          },
          "type": "InitializeVariable",
          "inputs": {
            "variables": [
              {
                "name": "errorMessage",
                "type": "string"
              }
            ]
          }
        },
        "Append_to_array_variable": {
          "runAfter": {
            "init_runLog": [
              "Succeeded"
            ]
          },
          "metadata": {
            "operationMetadataId": "e1f0e010-adbc-47c7-8a3b-316dfc35d6ca"
          },
          "type": "AppendToArrayVariable",
          "inputs": {
            "name": "runLog",
            "value": "@{utcNow()} : Push Policy triggered on admin_dlppolicyid @{triggerBody()['text']}"
          }
        },
        "Initialize_variable_2": {
          "runAfter": {
            "Init_AppClientId": [
              "Succeeded"
            ]
          },
          "metadata": {
            "operationMetadataId": "060476fc-f1a4-47d0-aa1c-c1411b38c14d"
          },
          "type": "InitializeVariable",
          "inputs": {
            "variables": [
              {
                "name": "IsNewPolicy",
                "type": "boolean",
                "value": "@false"
              }
            ]
          }
        },
        "Has_Environments": {
          "actions": {
            "Add_or_Update_Policy": {
              "actions": {
                "If_New_Policy": {
                  "actions": {
                    "Set_Api_Policy_Id": {
                      "runAfter": {
                        "Post_New_Policy": [
                          "Succeeded"
                        ]
                      },
                      "metadata": {
                        "operationMetadataId": "f5f34434-151b-45e5-9114-6371d3c79b8f"
                      },
                      "type": "OpenApiConnection",
                      "inputs": {
                        "host": {
                          "connectionName": "shared_commondataserviceforapps",
                          "operationId": "UpdateOnlyRecord",
                          "apiId": "/providers/Microsoft.PowerApps/apis/shared_commondataserviceforapps"
                        },
                        "parameters": {
                          "entityName": "admin_dlppolicies",
                          "recordId": "@triggerBody()['text']",
                          "item/admin_policyid": "@body('Post_New_Policy')['name']"
                        },
                        "authentication": {
                          "type": "Raw",
                          "value": "@json(decodeBase64(triggerOutputs().headers['X-MS-APIM-Tokens']))['$ConnectionKey']"
                        }
                      }
                    },
                    "Set_variable": {
                      "runAfter": {
                        "Set_Api_Policy_Id": [
                          "Succeeded"
                        ]
                      },
                      "metadata": {
                        "operationMetadataId": "de01781d-dd49-4313-b220-4dbe938c62b2"
                      },
                      "type": "SetVariable",
                      "inputs": {
                        "name": "policyId",
                        "value": "@{body('Post_New_Policy')['name']}"
                      }
                    },
                    "Set_variable_2": {
                      "runAfter": {},
                      "metadata": {
                        "operationMetadataId": "6318d1b7-ca59-4d10-9b54-ca0f8e7ab0bd"
                      },
                      "type": "SetVariable",
                      "inputs": {
                        "name": "IsNewPolicy",
                        "value": "@true"
                      }
                    },
                    "Set_variable_3": {
                      "runAfter": {
                        "Set_variable": [
                          "Succeeded"
                        ]
                      },
                      "metadata": {
                        "operationMetadataId": "772c3c81-624c-4dee-aef1-719780bd156a"
                      },
                      "type": "SetVariable",
                      "inputs": {
                        "name": "PushResult",
                        "value": "Create"
                      }
                    },
                    "Post_New_Policy": {
                      "runAfter": {
                        "Set_variable_2": [
                          "Succeeded"
                        ]
                      },
                      "metadata": {
                        "operationMetadataId": "4f404889-cf34-42b2-a98c-75e9599fcc1f"
                      },
                      "type": "Http",
                      "inputs": {
                        "method": "POST",
                        "uri": "@{parameters('Business Application Platform API Url (admin_apibapmicrosoftcomUrl)')}/providers/PowerPlatform.Governance/v1/policies",
                        "headers": {
                          "If-None-Match": "*"
                        },
                        "body": "@body('Generate_Policy_JSON')",
                        "authentication": {
                          "type": "ActiveDirectoryOAuth",
                          "tenant": "@parameters('TenantID (admin_TenantID)')",
                          "audience": "@parameters('Business Application Platform API Audience (admin_apibapAudience)')",
                          "clientId": "@variables('AppClientId')",
                          "secret": "@variables('appSecret')"
                        }
                      }
                    }
                  },
                  "runAfter": {},
                  "else": {
                    "actions": {
                      "Set_variable_4": {
                        "runAfter": {
                          "Patch_Policy": [
                            "Succeeded"
                          ]
                        },
                        "metadata": {
                          "operationMetadataId": "e8443d29-891a-4f10-97bd-6fce08ea5f91"
                        },
                        "type": "SetVariable",
                        "inputs": {
                          "name": "PushResult",
                          "value": "Update"
                        }
                      },
                      "Patch_Policy": {
                        "runAfter": {},
                        "metadata": {
                          "operationMetadataId": "4f404889-cf34-42b2-a98c-75e9599fcc1f"
                        },
                        "type": "Http",
                        "inputs": {
                          "method": "PATCH",
                          "uri": "@{parameters('Business Application Platform API Url (admin_apibapmicrosoftcomUrl)')}/providers/PowerPlatform.Governance/v1/policies/@{outputs('Get_a_Policy_Id')?['body/admin_policyid']}",
                          "body": "@body('Generate_Policy_JSON')",
                          "authentication": {
                            "type": "ActiveDirectoryOAuth",
                            "tenant": "@parameters('TenantID (admin_TenantID)')",
                            "audience": "@parameters('Business Application Platform API Audience (admin_apibapAudience)')",
                            "clientId": "@variables('AppClientId')",
                            "secret": "@variables('appSecret')"
                          }
                        }
                      }
                    }
                  },
                  "expression": {
                    "equals": [
                      "@variables('policyExists')",
                      "@false"
                    ]
                  },
                  "metadata": {
                    "operationMetadataId": "03f6f28d-4fcc-4a4b-a0fe-7d437f956d88"
                  },
                  "type": "If"
                },
                "Process_urlPatterns": {
                  "actions": {
                    "GetCurrentPatterns": {
                      "runAfter": {},
                      "metadata": {
                        "operationMetadataId": "4f404889-cf34-42b2-a98c-75e9599fcc1f"
                      },
                      "type": "Http",
                      "inputs": {
                        "method": "GET",
                        "uri": "@{parameters('Business Application Platform API Url (admin_apibapmicrosoftcomUrl)')}/providers/PowerPlatform.Governance/v1/tenants/@{parameters('TenantID (admin_TenantID)')}/policies/@{variables('policyId')}/urlPatterns",
                        "authentication": {
                          "type": "ActiveDirectoryOAuth",
                          "tenant": "@parameters('TenantID (admin_TenantID)')",
                          "audience": "@parameters('Business Application Platform API Audience (admin_apibapAudience)')",
                          "clientId": "@variables('AppClientId')",
                          "secret": "@variables('appSecret')"
                        }
                      }
                    },
                    "Push_urlPatterns": {
                      "runAfter": {
                        "GetCurrentPatterns": [
                          "Succeeded"
                        ]
                      },
                      "metadata": {
                        "operationMetadataId": "4f404889-cf34-42b2-a98c-75e9599fcc1f"
                      },
                      "type": "Http",
                      "inputs": {
                        "method": "@{if(equals(body('GetCurrentPatterns'),null),'POST','PATCH')}",
                        "uri": "@{parameters('Business Application Platform API Url (admin_apibapmicrosoftcomUrl)')}/providers/PowerPlatform.Governance/v1/tenants/@{parameters('TenantID (admin_TenantID)')}/policies/@{variables('policyId')}/urlPatterns",
                        "body": "@body('Generate_Url_Pattern_JSON')",
                        "authentication": {
                          "type": "ActiveDirectoryOAuth",
                          "tenant": "@parameters('TenantID (admin_TenantID)')",
                          "audience": "@parameters('Business Application Platform API Audience (admin_apibapAudience)')",
                          "clientId": "@variables('AppClientId')",
                          "secret": "@variables('appSecret')"
                        }
                      }
                    }
                  },
                  "runAfter": {
                    "If_New_Policy": [
                      "Succeeded"
                    ]
                  },
                  "metadata": {
                    "operationMetadataId": "c6cebfd8-dfa7-4c9f-bd28-52b4b559f45f"
                  },
                  "type": "Scope"
                },
                "Process_Connector_Configurations": {
                  "actions": {
                    "GetCurrentConnectorConfigurations": {
                      "runAfter": {},
                      "metadata": {
                        "operationMetadataId": "4f404889-cf34-42b2-a98c-75e9599fcc1f"
                      },
                      "type": "Http",
                      "inputs": {
                        "method": "GET",
                        "uri": "@{parameters('Business Application Platform API Url (admin_apibapmicrosoftcomUrl)')}/providers/PowerPlatform.Governance/v1/tenants/@{parameters('TenantID (admin_TenantID)')}/policies/@{variables('policyId')}/policyconnectorconfigurations",
                        "authentication": {
                          "type": "ActiveDirectoryOAuth",
                          "tenant": "@parameters('TenantID (admin_TenantID)')",
                          "audience": "@parameters('Business Application Platform API Audience (admin_apibapAudience)')",
                          "clientId": "@variables('AppClientId')",
                          "secret": "@variables('appSecret')"
                        }
                      }
                    },
                    "Push_Connector_Configurations": {
                      "runAfter": {
                        "GetCurrentConnectorConfigurations": [
                          "Succeeded"
                        ]
                      },
                      "metadata": {
                        "operationMetadataId": "4f404889-cf34-42b2-a98c-75e9599fcc1f"
                      },
                      "type": "Http",
                      "inputs": {
                        "method": "@{if(equals(body('GetCurrentConnectorConfigurations'),null),'POST','PATCH')}",
                        "uri": "@{parameters('Business Application Platform API Url (admin_apibapmicrosoftcomUrl)')}/providers/PowerPlatform.Governance/v1/tenants/@{parameters('TenantID (admin_TenantID)')}/policies/@{variables('policyId')}/policyconnectorconfigurations",
                        "body": "@body('Generate_Connector_Configurations_JSON')",
                        "authentication": {
                          "type": "ActiveDirectoryOAuth",
                          "tenant": "@parameters('TenantID (admin_TenantID)')",
                          "audience": "@parameters('Business Application Platform API Audience (admin_apibapAudience)')",
                          "clientId": "@variables('AppClientId')",
                          "secret": "@variables('appSecret')"
                        }
                      }
                    }
                  },
                  "runAfter": {
                    "If_New_Policy": [
                      "Succeeded"
                    ]
                  },
                  "metadata": {
                    "operationMetadataId": "4fd23e4a-697a-4049-9b3c-a40ab12706d2"
                  },
                  "type": "Scope"
                },
                "Set_variable_6": {
                  "runAfter": {
                    "Process_Connector_Configurations": [
                      "Failed"
                    ]
                  },
                  "metadata": {
                    "operationMetadataId": "8760cb63-e7a6-40b5-a066-5836b0cb88f9"
                  },
                  "type": "SetVariable",
                  "inputs": {
                    "name": "ExpectedErrorCapture",
                    "value": "Expected Error Capture"
                  }
                }
              },
              "runAfter": {},
              "metadata": {
                "operationMetadataId": "1c59f10f-f637-42ba-8b7d-560d792d36af"
              },
              "type": "Scope"
            }
          },
          "runAfter": {
            "Check_for_Policy_Existence": [
              "Succeeded"
            ]
          },
          "else": {
            "actions": {
              "Delete_Policy": {
                "actions": {
                  "Policy_Exists": {
                    "actions": {
                      "Set_Api_Policy_Id_2_Null": {
                        "runAfter": {
                          "Patch_Policy_Request": [
                            "Succeeded"
                          ]
                        },
                        "metadata": {
                          "operationMetadataId": "f5f34434-151b-45e5-9114-6371d3c79b8f"
                        },
                        "type": "OpenApiConnection",
                        "inputs": {
                          "host": {
                            "connectionName": "shared_commondataserviceforapps",
                            "operationId": "UpdateOnlyRecord",
                            "apiId": "/providers/Microsoft.PowerApps/apis/shared_commondataserviceforapps"
                          },
                          "parameters": {
                            "entityName": "admin_dlppolicies",
                            "recordId": "@triggerBody()['text']",
                            "item/admin_policyid": "@null"
                          },
                          "authentication": {
                            "type": "Raw",
                            "value": "@json(decodeBase64(triggerOutputs().headers['X-MS-APIM-Tokens']))['$ConnectionKey']"
                          }
                        }
                      },
                      "Set_variable_5": {
                        "runAfter": {
                          "Set_Api_Policy_Id_2_Null": [
                            "Succeeded"
                          ]
                        },
                        "metadata": {
                          "operationMetadataId": "d8fff42c-51f4-4054-bea2-35e12268920f"
                        },
                        "type": "SetVariable",
                        "inputs": {
                          "name": "PushResult",
                          "value": "Delete"
                        }
                      },
                      "Patch_Policy_Request": {
                        "runAfter": {},
                        "metadata": {
                          "operationMetadataId": "4f404889-cf34-42b2-a98c-75e9599fcc1f"
                        },
                        "type": "Http",
                        "inputs": {
                          "method": "DELETE",
                          "uri": "@{parameters('Business Application Platform API Url (admin_apibapmicrosoftcomUrl)')}/providers/PowerPlatform.Governance/v1/policies/@{outputs('Get_a_Policy_Id')?['body/admin_policyid']}",
                          "authentication": {
                            "type": "ActiveDirectoryOAuth",
                            "tenant": "@parameters('TenantID (admin_TenantID)')",
                            "audience": "@parameters('Business Application Platform API Audience (admin_apibapAudience)')",
                            "clientId": "@variables('AppClientId')",
                            "secret": "@variables('appSecret')"
                          }
                        }
                      }
                    },
                    "runAfter": {},
                    "expression": {
                      "equals": [
                        "@variables('policyExists')",
                        "@true"
                      ]
                    },
                    "metadata": {
                      "operationMetadataId": "c5dc4508-ee79-43c9-8dda-518b5babbdfd"
                    },
                    "type": "If"
                  }
                },
                "runAfter": {},
                "metadata": {
                  "operationMetadataId": "738b9b4c-5086-43a0-8b7b-6ba1b876511b"
                },
                "type": "Scope"
              }
            }
          },
          "expression": {
            "or": [
              {
                "greater": [
                  "@length(outputs('Generate_Policy_JSON')?['Body/environments'])",
                  0
                ]
              },
              {
                "equals": [
                  "@outputs('Get_a_Policy_Id')?['body/admin_scope']",
                  597910000
                ]
              }
            ]
          },
          "metadata": {
            "operationMetadataId": "4be78497-e90c-45bb-ad54-06ab217906bc"
          },
          "type": "If"
        },
        "Check_for_Policy_Existence": {
          "actions": {
            "Condition": {
              "actions": {
                "Policy_does_not_exist_on_Failure": {
                  "runAfter": {
                    "Get_Policy": [
                      "Failed"
                    ]
                  },
                  "metadata": {
                    "operationMetadataId": "8d25bae1-f4b7-4b55-9f22-7c1db7f0253f"
                  },
                  "type": "SetVariable",
                  "inputs": {
                    "name": "policyExists",
                    "value": "@false"
                  }
                },
                "Get_Policy": {
                  "runAfter": {},
                  "metadata": {
                    "operationMetadataId": "4f404889-cf34-42b2-a98c-75e9599fcc1f"
                  },
                  "type": "Http",
                  "inputs": {
                    "method": "GET",
                    "uri": "@{parameters('Business Application Platform API Url (admin_apibapmicrosoftcomUrl)')}/providers/PowerPlatform.Governance/v1/policies/@{outputs('Get_a_Policy_Id')?['body/admin_policyid']}",
                    "authentication": {
                      "type": "ActiveDirectoryOAuth",
                      "tenant": "@parameters('TenantID (admin_TenantID)')",
                      "audience": "@parameters('Business Application Platform API Audience (admin_apibapAudience)')",
                      "clientId": "@variables('AppClientId')",
                      "secret": "@variables('appSecret')"
                    }
                  }
                }
              },
              "runAfter": {},
              "expression": {
                "equals": [
                  "@variables('policyExists')",
                  "@true"
                ]
              },
              "metadata": {
                "operationMetadataId": "9179ef57-1622-48a9-9f33-59fd8bf6f2e6"
              },
              "type": "If"
            }
          },
          "runAfter": {
            "Generate_JSON": [
              "Succeeded"
            ]
          },
          "metadata": {
            "operationMetadataId": "441cd1b6-555d-4564-99cd-bd600d7f6077"
          },
          "type": "Scope"
        },
        "initPolicyExists": {
          "runAfter": {
            "Get_a_Policy_Id": [
              "Succeeded"
            ]
          },
          "metadata": {
            "operationMetadataId": "b885184a-4d9b-4477-a9d9-d90c8d90942c"
          },
          "type": "InitializeVariable",
          "inputs": {
            "variables": [
              {
                "name": "policyExists",
                "type": "boolean",
                "value": "@not(equals(outputs('Get_a_Policy_Id')?['body/admin_policyid'],null))"
              }
            ]
          }
        },
        "Generate_JSON": {
          "actions": {
            "Generate_Url_Pattern_JSON": {
              "runAfter": {},
              "metadata": {
                "operationMetadataId": "478e361e-62ec-4e9d-9eb3-abcc07436c16"
              },
              "type": "Workflow",
              "inputs": {
                "host": {
                  "workflowReferenceName": "b27e6d67-e740-f011-b4cb-000d3a1fdbe4"
                },
                "body": {
                  "text": "@triggerBody()['text']"
                }
              }
            },
            "Generate_Connector_Configurations_JSON": {
              "runAfter": {},
              "metadata": {
                "operationMetadataId": "4083fe0f-20f3-4fdc-bbed-4904d4fe1905"
              },
              "type": "Workflow",
              "inputs": {
                "host": {
                  "workflowReferenceName": "ef8ee563-0841-f011-b4cb-7c1e5215ea1b"
                },
                "body": {
                  "text": "@triggerBody()['text']"
                }
              }
            },
            "Generate_Policy_JSON": {
              "runAfter": {},
              "metadata": {
                "operationMetadataId": "1ef1b44f-1c1d-4864-9318-d1f7867a7217"
              },
              "type": "Workflow",
              "inputs": {
                "host": {
                  "workflowReferenceName": "da8213b6-aa40-f011-b4cb-000d3a1fdbe4"
                },
                "body": {
                  "text": "@triggerBody()['text']"
                }
              }
            }
          },
          "runAfter": {
            "GetAzureSubscriptionSecret": [
              "Succeeded",
              "Failed"
            ]
          },
          "metadata": {
            "operationMetadataId": "c8d8111b-e7c6-4c40-96f8-132f8348b1e5"
          },
          "type": "Scope"
        },
        "Initialize_variable_3": {
          "runAfter": {
            "Append_to_array_variable": [
              "Succeeded"
            ]
          },
          "metadata": {
            "operationMetadataId": "fe44fd12-f757-47ea-b396-9d6fad245c88"
          },
          "type": "InitializeVariable",
          "inputs": {
            "variables": [
              {
                "name": "PushResult",
                "type": "string",
                "value": "Nothing"
              }
            ]
          }
        },
        "Initialize_ExpectedErrorCapture": {
          "runAfter": {
            "Initialize_variable_2": [
              "Succeeded"
            ]
          },
          "metadata": {
            "operationMetadataId": "b60ea8be-74bc-4c30-a276-0eccbe6b0269"
          },
          "type": "InitializeVariable",
          "inputs": {
            "variables": [
              {
                "name": "ExpectedErrorCapture",
                "type": "string"
              }
            ]
          }
        },
        "Init_AppClientId": {
          "runAfter": {
            "init_appSecret": [
              "Succeeded"
            ]
          },
          "metadata": {
            "operationMetadataId": "c7ca1db9-b744-4f9d-b374-aac88adf59e8"
          },
          "type": "InitializeVariable",
          "inputs": {
            "variables": [
              {
                "name": "AppClientId",
                "type": "string",
                "value": "@parameters('SCuBA CoE - Application Client ID (admin_SCuBACoEApplicationClientID)')"
              }
            ]
          }
        }
      }
    },
    "templateName": ""
  },
  "schemaVersion": "1.0.0.0"
}