{
  "properties": {
    "connectionReferences": {
      "shared_commondataserviceforapps": {
        "runtimeSource": "embedded",
        "connection": {
          "connectionReferenceLogicalName": "admin_CoECoreDataverse"
        },
        "api": {
          "name": "shared_commondataserviceforapps"
        }
      }
    },
    "definition": {
      "$schema": "https://schema.management.azure.com/providers/Microsoft.Logic/schemas/2016-06-01/workflowdefinition.json#",
      "contentVersion": "1.0.0.0",
      "parameters": {
        "$connections": {
          "defaultValue": {},
          "type": "Object"
        },
        "$authentication": {
          "defaultValue": {},
          "type": "SecureObject"
        },
        "SCuBA Tenant Configuration Baseline Id (admin_SCuBATenantConfigurationBaselineId)": {
          "defaultValue": "7a0e51d6-604b-f011-8779-000d3a1fdbe4",
          "type": "String",
          "metadata": {
            "schemaName": "admin_SCuBATenantConfigurationBaselineId",
            "description": "Ignore On Import.  "
          }
        }
      },
      "triggers": {
        "manual": {
          "metadata": {
            "operationMetadataId": "f12a0698-c981-44fa-941e-d5e295f2456e"
          },
          "type": "Request",
          "kind": "Button",
          "inputs": {
            "schema": {
              "type": "object",
              "properties": {},
              "required": []
            }
          }
        }
      },
      "actions": {
        "Ensure_New_Stack_Owners": {
          "actions": {
            "NewStackOwners": {
              "runAfter": {},
              "metadata": {
                "operationMetadataId": "ff966bab-adbc-4915-b280-4b292702da7d"
              },
              "type": "OpenApiConnection",
              "inputs": {
                "host": {
                  "connectionName": "shared_commondataserviceforapps",
                  "operationId": "ListRecords",
                  "apiId": "/providers/Microsoft.PowerApps/apis/shared_commondataserviceforapps"
                },
                "parameters": {
                  "entityName": "admin_connectors",
                  "fetchXml": "<fetch>\n  <entity name=\"admin_connector\">\n    <attribute name=\"admin_stackownertxtfx\" />\n    <attribute name=\"admin_connectorid\" />\n    <filter type=\"and\">\n      <link-entity name=\"admin_stackowner\" from=\"admin_name\" to=\"admin_stackownertxtfx\" link-type=\"not any\" />\n    </filter>\n  </entity>\n</fetch>"
                },
                "authentication": {
                  "type": "Raw",
                  "value": "@json(decodeBase64(triggerOutputs().headers['X-MS-APIM-Tokens']))['$ConnectionKey']"
                }
              }
            },
            "ApplyToUniqueStackOwner": {
              "foreach": "@variables('UniqueStackOwners')",
              "actions": {
                "AddNewStackOwner": {
                  "runAfter": {},
                  "metadata": {
                    "operationMetadataId": "80088fbb-d005-4444-babd-88a4e59d373d"
                  },
                  "type": "OpenApiConnection",
                  "inputs": {
                    "host": {
                      "connectionName": "shared_commondataserviceforapps",
                      "operationId": "CreateRecord",
                      "apiId": "/providers/Microsoft.PowerApps/apis/shared_commondataserviceforapps"
                    },
                    "parameters": {
                      "entityName": "admin_stackowners",
                      "item/admin_name": "@items('ApplyToUniqueStackOwner')",
                      "item/admin_keysafename": "@toUpper(replace(replace(items('ApplyToUniqueStackOwner'),'/','_'),decodeUriComponent('%27'),''))",
                      "item/admin_SCuBAConfigurationBaseline@odata.bind": "/admin_scubaconfigurations(@{parameters('SCuBA Tenant Configuration Baseline Id (admin_SCuBATenantConfigurationBaselineId)')})"
                    },
                    "authentication": {
                      "type": "Raw",
                      "value": "@json(decodeBase64(triggerOutputs().headers['X-MS-APIM-Tokens']))['$ConnectionKey']"
                    }
                  }
                }
              },
              "runAfter": {
                "Set_UniqueStackOwners": [
                  "Succeeded"
                ]
              },
              "metadata": {
                "operationMetadataId": "fb9ee333-4a38-446c-9a48-a7a905a29d1d"
              },
              "type": "Foreach",
              "runtimeConfiguration": {
                "concurrency": {
                  "repetitions": 50
                }
              }
            },
            "Select_admin_stackownertxt": {
              "runAfter": {
                "NewStackOwners": [
                  "Succeeded"
                ]
              },
              "metadata": {
                "operationMetadataId": "42f4ed19-d9f8-4ba2-a5ca-928e62925da0"
              },
              "type": "Select",
              "inputs": {
                "from": "@outputs('NewStackOwners')?['body/value']",
                "select": "@item()?['admin_stackownertxtfx']"
              }
            },
            "Set_UniqueStackOwners": {
              "runAfter": {
                "Select_admin_stackownertxt": [
                  "Succeeded"
                ]
              },
              "metadata": {
                "operationMetadataId": "134dba70-beca-42bf-9a84-1496a495ecdf"
              },
              "type": "SetVariable",
              "inputs": {
                "name": "UniqueStackOwners",
                "value": "@union(body('Select_admin_stackownertxt'),body('Select_admin_stackownertxt'))"
              }
            },
            "ApplyToConnectors": {
              "foreach": "@outputs('NewStackOwners')?['body/value']",
              "actions": {
                "Update_StackOwner_Lookup": {
                  "runAfter": {},
                  "metadata": {
                    "operationMetadataId": "8156744e-a6c9-4392-bca0-6f85a2be994a"
                  },
                  "type": "OpenApiConnection",
                  "inputs": {
                    "host": {
                      "connectionName": "shared_commondataserviceforapps",
                      "operationId": "UpdateOnlyRecord",
                      "apiId": "/providers/Microsoft.PowerApps/apis/shared_commondataserviceforapps"
                    },
                    "parameters": {
                      "entityName": "admin_connectors",
                      "recordId": "@items('ApplyToConnectors')?['admin_connectorid']",
                      "item/admin_StackOwner@odata.bind": "/admin_stackowners(admin_keysafename='@{toUpper(replace(replace(items('ApplyToConnectors')?['admin_stackownertxtfx'],'/','_'),decodeUriComponent('%27'),''))}')"
                    },
                    "authentication": {
                      "type": "Raw",
                      "value": "@json(decodeBase64(triggerOutputs().headers['X-MS-APIM-Tokens']))['$ConnectionKey']"
                    }
                  }
                }
              },
              "runAfter": {
                "ApplyToUniqueStackOwner": [
                  "Succeeded",
                  "Failed"
                ]
              },
              "metadata": {
                "operationMetadataId": "bbd3ff8d-7fa5-4fef-bc50-805a9c8d53aa"
              },
              "type": "Foreach",
              "runtimeConfiguration": {
                "concurrency": {
                  "repetitions": 50
                }
              }
            },
            "ListMissingConfigSO": {
              "runAfter": {
                "ApplyToConnectors": [
                  "Succeeded"
                ]
              },
              "metadata": {
                "operationMetadataId": "de3c3a22-9aa2-46e2-8eb9-c6bdd1007878"
              },
              "type": "OpenApiConnection",
              "inputs": {
                "host": {
                  "connectionName": "shared_commondataserviceforapps",
                  "operationId": "ListRecords",
                  "apiId": "/providers/Microsoft.PowerApps/apis/shared_commondataserviceforapps"
                },
                "parameters": {
                  "entityName": "admin_stackowners",
                  "$select": "admin_stackownerid",
                  "$filter": "_admin_scubaconfigurationbaseline_value eq null"
                },
                "authentication": {
                  "type": "Raw",
                  "value": "@json(decodeBase64(triggerOutputs().headers['X-MS-APIM-Tokens']))['$ConnectionKey']"
                }
              },
              "runtimeConfiguration": {
                "paginationPolicy": {
                  "minimumItemCount": 100000
                }
              }
            },
            "Apply_to_each": {
              "foreach": "@outputs('ListMissingConfigSO')?['body/value']",
              "actions": {
                "Update_a_row": {
                  "runAfter": {},
                  "metadata": {
                    "operationMetadataId": "21b5f855-de2a-44ba-9c3a-f82177494933"
                  },
                  "type": "OpenApiConnection",
                  "inputs": {
                    "host": {
                      "connectionName": "shared_commondataserviceforapps",
                      "operationId": "UpdateOnlyRecord",
                      "apiId": "/providers/Microsoft.PowerApps/apis/shared_commondataserviceforapps"
                    },
                    "parameters": {
                      "entityName": "admin_stackowners",
                      "recordId": "@items('Apply_to_each')?['admin_stackownerid']",
                      "item/admin_SCuBAConfigurationBaseline@odata.bind": "/admin_scubaconfigurations(@{parameters('SCuBA Tenant Configuration Baseline Id (admin_SCuBATenantConfigurationBaselineId)')})"
                    },
                    "authentication": {
                      "type": "Raw",
                      "value": "@json(decodeBase64(triggerOutputs().headers['X-MS-APIM-Tokens']))['$ConnectionKey']"
                    }
                  }
                }
              },
              "runAfter": {
                "ListMissingConfigSO": [
                  "Succeeded"
                ]
              },
              "metadata": {
                "operationMetadataId": "4a85a9c5-4a48-4a46-a3dc-6aeddb61183d"
              },
              "type": "Foreach",
              "runtimeConfiguration": {
                "concurrency": {
                  "repetitions": 50
                }
              }
            }
          },
          "runAfter": {
            "Initialize_UniquePublishers": [
              "Succeeded"
            ]
          },
          "metadata": {
            "operationMetadataId": "5a44a12b-e71d-424c-abe1-b902e8a3fe15"
          },
          "type": "Scope"
        },
        "Initialize_UniqueStackOwners": {
          "runAfter": {},
          "metadata": {
            "operationMetadataId": "49ed5169-8e8e-4d24-a663-8188fd965086"
          },
          "type": "InitializeVariable",
          "inputs": {
            "variables": [
              {
                "name": "UniqueStackOwners",
                "type": "array"
              }
            ]
          }
        },
        "Ensure_New_Publishers": {
          "actions": {
            "NewPublishers": {
              "runAfter": {},
              "metadata": {
                "operationMetadataId": "d1506031-25db-4244-9f86-ee28a0e8f120"
              },
              "type": "OpenApiConnection",
              "inputs": {
                "host": {
                  "connectionName": "shared_commondataserviceforapps",
                  "operationId": "ListRecords",
                  "apiId": "/providers/Microsoft.PowerApps/apis/shared_commondataserviceforapps"
                },
                "parameters": {
                  "entityName": "admin_connectors",
                  "fetchXml": "<fetch>\n  <entity name=\"admin_connector\">\n    <attribute name=\"admin_connectorid\" />\n    <attribute name=\"admin_publisherfx\" />\n    <filter type=\"and\">\n      <link-entity name=\"admin_connectorpublisher\" from=\"admin_name\" to=\"admin_publisherfx\" link-type=\"not any\" />\n    </filter>\n  </entity>\n</fetch>"
                },
                "authentication": {
                  "type": "Raw",
                  "value": "@json(decodeBase64(triggerOutputs().headers['X-MS-APIM-Tokens']))['$ConnectionKey']"
                }
              }
            },
            "ApplyToUniquePublishers": {
              "foreach": "@variables('UniquePublishers')",
              "actions": {
                "AddNewPublisher": {
                  "runAfter": {},
                  "metadata": {
                    "operationMetadataId": "ee036ca3-33fb-49e8-ba27-e0b3ed561d72"
                  },
                  "type": "OpenApiConnection",
                  "inputs": {
                    "host": {
                      "connectionName": "shared_commondataserviceforapps",
                      "operationId": "CreateRecord",
                      "apiId": "/providers/Microsoft.PowerApps/apis/shared_commondataserviceforapps"
                    },
                    "parameters": {
                      "entityName": "admin_connectorpublishers",
                      "item/admin_name": "@items('ApplyToUniquePublishers')",
                      "item/admin_keysafename": "@toUpper(replace(replace(items('ApplyToUniquePublishers'),'/','_'),decodeUriComponent('%27'),''))",
                      "item/admin_SCuBAConfigurationBaseline@odata.bind": "/admin_scubaconfigurations(@{parameters('SCuBA Tenant Configuration Baseline Id (admin_SCuBATenantConfigurationBaselineId)')})"
                    },
                    "authentication": {
                      "type": "Raw",
                      "value": "@json(decodeBase64(triggerOutputs().headers['X-MS-APIM-Tokens']))['$ConnectionKey']"
                    }
                  }
                }
              },
              "runAfter": {
                "Set_UniquePublishers": [
                  "Succeeded"
                ]
              },
              "metadata": {
                "operationMetadataId": "29a00470-ef4e-499f-a5a8-0a98d74f022c"
              },
              "type": "Foreach",
              "runtimeConfiguration": {
                "concurrency": {
                  "repetitions": 50
                }
              }
            },
            "Select_admin_publisherfx": {
              "runAfter": {
                "NewPublishers": [
                  "Succeeded"
                ]
              },
              "metadata": {
                "operationMetadataId": "a9d3b6ba-e31a-41b1-9496-ca5ff95eede5"
              },
              "type": "Select",
              "inputs": {
                "from": "@outputs('NewPublishers')?['body/value']",
                "select": "@item()?['admin_publisherfx']"
              }
            },
            "Set_UniquePublishers": {
              "runAfter": {
                "Select_admin_publisherfx": [
                  "Succeeded"
                ]
              },
              "metadata": {
                "operationMetadataId": "474eb035-06af-4e2e-80b7-6ce672f90bed"
              },
              "type": "SetVariable",
              "inputs": {
                "name": "UniquePublishers",
                "value": "@union(body('Select_admin_publisherfx'),body('Select_admin_publisherfx'))"
              }
            },
            "ApplyToConnectors_2": {
              "foreach": "@outputs('NewPublishers')?['body/value']",
              "actions": {
                "Update_Publisher_Lookup": {
                  "runAfter": {},
                  "metadata": {
                    "operationMetadataId": "90fcf3b8-1d95-4f1a-96fd-9eb9e59dae91"
                  },
                  "type": "OpenApiConnection",
                  "inputs": {
                    "host": {
                      "connectionName": "shared_commondataserviceforapps",
                      "operationId": "UpdateOnlyRecord",
                      "apiId": "/providers/Microsoft.PowerApps/apis/shared_commondataserviceforapps"
                    },
                    "parameters": {
                      "entityName": "admin_connectors",
                      "recordId": "@items('ApplyToConnectors_2')?['admin_connectorid']",
                      "item/admin_PublisherLookup@odata.bind": "/admin_connectorpublishers(admin_keysafename='@{toUpper(replace(replace(items('ApplyToConnectors_2')?['admin_publisherfx'],'/','_'),decodeUriComponent('%27'),''))}')"
                    },
                    "authentication": {
                      "type": "Raw",
                      "value": "@json(decodeBase64(triggerOutputs().headers['X-MS-APIM-Tokens']))['$ConnectionKey']"
                    }
                  }
                }
              },
              "runAfter": {
                "ApplyToUniquePublishers": [
                  "Succeeded",
                  "Failed"
                ]
              },
              "metadata": {
                "operationMetadataId": "2733e700-9a4a-4f94-adba-528b0d3f630a"
              },
              "type": "Foreach",
              "runtimeConfiguration": {
                "concurrency": {
                  "repetitions": 50
                }
              }
            },
            "ListMissingConfigP": {
              "runAfter": {
                "ApplyToConnectors_2": [
                  "Succeeded"
                ]
              },
              "metadata": {
                "operationMetadataId": "56430310-9343-4e4b-828f-263b617e03d1"
              },
              "type": "OpenApiConnection",
              "inputs": {
                "host": {
                  "connectionName": "shared_commondataserviceforapps",
                  "operationId": "ListRecords",
                  "apiId": "/providers/Microsoft.PowerApps/apis/shared_commondataserviceforapps"
                },
                "parameters": {
                  "entityName": "admin_connectorpublishers",
                  "$select": "admin_connectorpublisherid",
                  "$filter": "_admin_scubaconfigurationbaseline_value eq null"
                },
                "authentication": {
                  "type": "Raw",
                  "value": "@json(decodeBase64(triggerOutputs().headers['X-MS-APIM-Tokens']))['$ConnectionKey']"
                }
              },
              "runtimeConfiguration": {
                "paginationPolicy": {
                  "minimumItemCount": 100000
                }
              }
            },
            "Apply_to_each_2": {
              "foreach": "@outputs('ListMissingConfigP')?['body/value']",
              "actions": {
                "Update_a_row_2": {
                  "runAfter": {},
                  "metadata": {
                    "operationMetadataId": "17962ec3-b332-43e2-ae85-a01087137f10"
                  },
                  "type": "OpenApiConnection",
                  "inputs": {
                    "host": {
                      "connectionName": "shared_commondataserviceforapps",
                      "operationId": "UpdateOnlyRecord",
                      "apiId": "/providers/Microsoft.PowerApps/apis/shared_commondataserviceforapps"
                    },
                    "parameters": {
                      "entityName": "admin_connectorpublishers",
                      "recordId": "@items('Apply_to_each_2')?['admin_connectorpublisherid']",
                      "item/admin_SCuBAConfigurationBaseline@odata.bind": "/admin_scubaconfigurations(@{parameters('SCuBA Tenant Configuration Baseline Id (admin_SCuBATenantConfigurationBaselineId)')})"
                    },
                    "authentication": {
                      "type": "Raw",
                      "value": "@json(decodeBase64(triggerOutputs().headers['X-MS-APIM-Tokens']))['$ConnectionKey']"
                    }
                  }
                }
              },
              "runAfter": {
                "ListMissingConfigP": [
                  "Succeeded"
                ]
              },
              "metadata": {
                "operationMetadataId": "d60568b2-5567-485f-9a69-5f16c206a5c5"
              },
              "type": "Foreach",
              "runtimeConfiguration": {
                "concurrency": {
                  "repetitions": 50
                }
              }
            }
          },
          "runAfter": {
            "Initialize_UniquePublishers": [
              "Succeeded"
            ]
          },
          "metadata": {
            "operationMetadataId": "c306eab7-0a75-41ff-abea-0c49363f2d58"
          },
          "type": "Scope"
        },
        "Initialize_UniquePublishers": {
          "runAfter": {
            "Initialize_UniqueStackOwners": [
              "Succeeded"
            ]
          },
          "metadata": {
            "operationMetadataId": "81797a56-9f66-410f-927c-76cc7885bb18"
          },
          "type": "InitializeVariable",
          "inputs": {
            "variables": [
              {
                "name": "UniquePublishers",
                "type": "array"
              }
            ]
          }
        },
        "Respond_to_a_Power_App_or_flow_2": {
          "runAfter": {
            "Ensure_New_Publishers": [
              "Succeeded"
            ],
            "Ensure_New_Stack_Owners": [
              "Succeeded"
            ]
          },
          "metadata": {
            "operationMetadataId": "cbd0b9d7-73e1-4126-92b3-0acb1ed0209c"
          },
          "type": "Response",
          "kind": "PowerApp",
          "inputs": {
            "statusCode": 200,
            "body": {},
            "schema": {
              "type": "object",
              "properties": {}
            }
          }
        }
      }
    },
    "templateName": ""
  },
  "schemaVersion": "1.0.0.0"
}