{
  "properties": {
    "connectionReferences": {},
    "definition": {
      "$schema": "https://schema.management.azure.com/providers/Microsoft.Logic/schemas/2016-06-01/workflowdefinition.json#",
      "contentVersion": "1.0.0.0",
      "parameters": {
        "$authentication": {
          "defaultValue": {},
          "type": "SecureObject"
        },
        "undefined (admin_apiflowmicrosoftcomUrl)": {
          "defaultValue": "https://api.flow.microsoft.com",
          "type": "String",
          "metadata": {
            "schemaName": "admin_apiflowmicrosoftcomUrl"
          }
        }
      },
      "triggers": {
        "manual": {
          "metadata": {
            "operationMetadataId": "d71252eb-0c39-427c-939e-0084a03bf2a2"
          },
          "type": "Request",
          "kind": "Button",
          "inputs": {
            "schema": {
              "type": "object",
              "properties": {},
              "required": []
            }
          }
        }
      },
      "actions": {
        "Initialize_variable": {
          "runAfter": {},
          "metadata": {
            "operationMetadataId": "7941f3d6-ae35-46ce-8fe3-035aaa9ca18e"
          },
          "type": "InitializeVariable",
          "inputs": {
            "variables": [
              {
                "name": "apiUrl",
                "type": "string",
                "value": "@{parameters('undefined (admin_apiflowmicrosoftcomUrl)')}/providers/Microsoft.ProcessSimple/environments/~Default/operations?api-version=2016-11-01-beta&$top=5000"
              }
            ]
          }
        },
        "Do_until": {
          "actions": {
            "Set_variable": {
              "runAfter": {
                "Run_a_Child_Flow": [
                  "Succeeded"
                ]
              },
              "metadata": {
                "operationMetadataId": "e6820434-47ca-4a92-9d97-49adaefcf939"
              },
              "type": "SetVariable",
              "inputs": {
                "name": "apiUrl",
                "value": "@body('Run_a_Child_Flow')?['nextlink']"
              }
            },
            "Run_a_Child_Flow": {
              "runAfter": {},
              "metadata": {
                "operationMetadataId": "117601c3-b9b6-4734-ae6e-e27ebb57ac66"
              },
              "type": "Workflow",
              "inputs": {
                "host": {
                  "workflowReferenceName": "ca67519a-473e-f011-b4cb-0022481df00f"
                },
                "body": {
                  "text": "@variables('apiUrl')"
                },
                "retryPolicy": {
                  "type": "none"
                }
              }
            }
          },
          "runAfter": {
            "Initialize_variable": [
              "Succeeded"
            ]
          },
          "expression": "@equals(length(variables('apiUrl')), 0)",
          "limit": {
            "count": 1000,
            "timeout": "PT1H"
          },
          "metadata": {
            "operationMetadataId": "46d05d9b-3e7e-4b58-a5fc-299d53c7593d"
          },
          "type": "Until"
        },
        "Respond_to_a_Power_App_or_flow": {
          "runAfter": {
            "Do_until": [
              "Succeeded"
            ]
          },
          "metadata": {
            "operationMetadataId": "83ba6074-c0d1-4f0a-bc7e-f1a6ee6cf5ef"
          },
          "type": "Response",
          "kind": "PowerApp",
          "inputs": {
            "statusCode": 200,
            "body": {},
            "schema": {
              "type": "object",
              "properties": {}
            }
          }
        }
      }
    },
    "templateName": ""
  },
  "schemaVersion": "1.0.0.0"
}