{
  "properties": {
    "connectionReferences": {
      "shared_commondataserviceforapps": {
        "runtimeSource": "embedded",
        "connection": {
          "connectionReferenceLogicalName": "admin_CoECoreDataverse2"
        },
        "api": {
          "name": "shared_commondataserviceforapps"
        }
      }
    },
    "definition": {
      "$schema": "https://schema.management.azure.com/providers/Microsoft.Logic/schemas/2016-06-01/workflowdefinition.json#",
      "contentVersion": "1.0.0.0",
      "parameters": {
        "$connections": {
          "defaultValue": {},
          "type": "Object"
        },
        "$authentication": {
          "defaultValue": {},
          "type": "SecureObject"
        }
      },
      "triggers": {
        "manual": {
          "metadata": {
            "operationMetadataId": "b46ef13e-7b14-4dbe-ae23-9903429ed535"
          },
          "type": "Request",
          "kind": "Button",
          "inputs": {
            "schema": {
              "type": "object",
              "properties": {
                "text": {
                  "title": "admin_dlppolicyid",
                  "type": "string",
                  "x-ms-dynamically-added": true,
                  "description": "Please enter your input",
                  "x-ms-content-hint": "TEXT"
                }
              },
              "required": [
                "text"
              ]
            }
          }
        }
      },
      "actions": {
        "List_rows": {
          "runAfter": {},
          "metadata": {
            "operationMetadataId": "7a35059b-7112-4f35-95d3-50511afc8306"
          },
          "type": "OpenApiConnection",
          "inputs": {
            "host": {
              "connectionName": "shared_commondataserviceforapps",
              "operationId": "ListRecords",
              "apiId": "/providers/Microsoft.PowerApps/apis/shared_commondataserviceforapps"
            },
            "parameters": {
              "entityName": "admin_customapiurlpatternrules",
              "fetchXml": "<fetch >\n  <entity name=\"admin_customapiurlpatternrule\">\n    <attribute name=\"admin_customapiurlpatternruleid\" />\n    <attribute name=\"admin_order\" />\n    <attribute name=\"admin_pattern\" />\n    <attribute name=\"admin_policy\" />\n    <attribute name=\"admin_classification\" />\n    <filter>\n      <condition attribute=\"admin_policy\" operator=\"eq\" value=\"@{triggerBody()['text']}\" />\n    </filter>\n  </entity>\n</fetch>"
            },
            "authentication": {
              "type": "Raw",
              "value": "@json(decodeBase64(triggerOutputs().headers['X-MS-APIM-Tokens']))['$ConnectionKey']"
            }
          }
        },
        "InitPatternJson": {
          "runAfter": {
            "List_rows": [
              "Succeeded"
            ]
          },
          "metadata": {
            "operationMetadataId": "5149693a-55a8-4693-881f-177acf9f7aaf"
          },
          "type": "Select",
          "inputs": {
            "from": "@outputs('List_rows')?['body/value']",
            "select": {
              "customConnectorRuleClassification": "@if(equals(item()?['admin_classification'],0),'Blocked',if(equals(item()?['admin_classification'],1),'General',if(equals(item()?['admin_classification'],2),'Confidential','Ignore')))",
              "pattern": "@item()?['admin_pattern']"
            }
          }
        },
        "Select_:_Add_Order": {
          "runAfter": {
            "InitPatternJson": [
              "Succeeded"
            ]
          },
          "metadata": {
            "operationMetadataId": "e82e47a6-17c3-4cff-9cda-6705f5b0a934"
          },
          "type": "Select",
          "inputs": {
            "from": "@range(0,length(body('InitPatternJson')))",
            "select": "@addProperty(body('InitPatternJson')[item()],'order',add(item(),1))"
          }
        },
        "Get_Final_UrlPattern": {
          "runAfter": {
            "Select_:_Add_Order": [
              "Succeeded"
            ]
          },
          "metadata": {
            "operationMetadataId": "bce6af74-5912-4408-b95b-8fd47f1c3a34"
          },
          "type": "OpenApiConnection",
          "inputs": {
            "host": {
              "connectionName": "shared_commondataserviceforapps",
              "operationId": "GetItem",
              "apiId": "/providers/Microsoft.PowerApps/apis/shared_commondataserviceforapps"
            },
            "parameters": {
              "entityName": "admin_dlppolicies",
              "recordId": "@triggerBody()['text']",
              "$select": "admin_finalcustomapiurlpattern,admin_finalcustomapiurlpatternclassification"
            },
            "authentication": {
              "type": "Raw",
              "value": "@json(decodeBase64(triggerOutputs().headers['X-MS-APIM-Tokens']))['$ConnectionKey']"
            }
          }
        },
        "Final_Pattern": {
          "runAfter": {
            "Get_Final_UrlPattern": [
              "Succeeded"
            ]
          },
          "metadata": {
            "operationMetadataId": "69c4c607-1516-40d5-a163-f1b1c98c68ab"
          },
          "type": "Compose",
          "inputs": {
            "customConnectorRuleClassification": "@{if(equals(outputs('Get_Final_UrlPattern')?['body/admin_finalcustomapiurlpatternclassification'],0),'Blocked',if(equals(outputs('Get_Final_UrlPattern')?['body/admin_finalcustomapiurlpatternclassification'],1),'General',if(equals(outputs('Get_Final_UrlPattern')?['body/admin_finalcustomapiurlpatternclassification'],2),'Confidential','Ignore')))}",
            "pattern": "@{coalesce(outputs('Get_Final_UrlPattern')?['body/admin_finalcustomapiurlpattern'],'*')}",
            "order": "@add(length(body('Select_:_Add_Order')),1)"
          }
        },
        "Add_Final_Pattern": {
          "runAfter": {
            "Final_Pattern": [
              "Succeeded"
            ]
          },
          "metadata": {
            "operationMetadataId": "4e7f0288-999a-4c35-a720-3ce1ef30dc73"
          },
          "type": "Compose",
          "inputs": {
            "rules": "@union(body('Select_:_Add_Order'),createArray(outputs('Final_Pattern')))"
          }
        },
        "Response": {
          "runAfter": {
            "Add_Final_Pattern": [
              "Succeeded"
            ]
          },
          "metadata": {
            "operationMetadataId": "7a55481b-ad50-4d35-8a33-f977e3ca7707"
          },
          "type": "Response",
          "kind": "Http",
          "inputs": {
            "statusCode": 200,
            "body": "@outputs('Add_Final_Pattern')"
          }
        }
      }
    },
    "templateName": ""
  },
  "schemaVersion": "1.0.0.0"
}