{
  "properties": {
    "connectionReferences": {
      "shared_commondataserviceforapps": {
        "runtimeSource": "embedded",
        "connection": {
          "connectionReferenceLogicalName": "admin_CoECoreDataverse2"
        },
        "api": {
          "name": "shared_commondataserviceforapps"
        }
      }
    },
    "definition": {
      "$schema": "https://schema.management.azure.com/providers/Microsoft.Logic/schemas/2016-06-01/workflowdefinition.json#",
      "contentVersion": "1.0.0.0",
      "parameters": {
        "$connections": {
          "defaultValue": {},
          "type": "Object"
        },
        "$authentication": {
          "defaultValue": {},
          "type": "SecureObject"
        }
      },
      "triggers": {
        "manual": {
          "metadata": {
            "operationMetadataId": "f390ec71-4fad-48d3-845e-3aae2ad32703"
          },
          "type": "Request",
          "kind": "Button",
          "inputs": {
            "schema": {
              "type": "object",
              "properties": {
                "text": {
                  "title": "admin_dlppolicyid",
                  "type": "string",
                  "x-ms-dynamically-added": true,
                  "description": "Please enter your input",
                  "x-ms-content-hint": "TEXT"
                }
              },
              "required": [
                "text"
              ]
            }
          }
        }
      },
      "actions": {
        "Get_a_row_by_ID": {
          "runAfter": {},
          "metadata": {
            "operationMetadataId": "721605bf-3ad5-4448-83b6-775d218e90a3"
          },
          "type": "OpenApiConnection",
          "inputs": {
            "host": {
              "connectionName": "shared_commondataserviceforapps",
              "operationId": "GetItem",
              "apiId": "/providers/Microsoft.PowerApps/apis/shared_commondataserviceforapps"
            },
            "parameters": {
              "entityName": "admin_dlppolicies",
              "recordId": "@triggerBody()['text']",
              "$select": "admin_dlppolicyid,admin_policyid,admin_defaultconnectorsclassification,admin_scope,admin_name,admin_dayzeropolicy,admin_enforcestrictallow"
            },
            "authentication": {
              "type": "Raw",
              "value": "@json(decodeBase64(triggerOutputs().headers['X-MS-APIM-Tokens']))['$ConnectionKey']"
            }
          }
        },
        "Init_defaultConnectorsClassification": {
          "runAfter": {
            "Get_a_row_by_ID": [
              "Succeeded"
            ]
          },
          "metadata": {
            "operationMetadataId": "390cf5bd-e2d4-4c94-9551-7cf5a28ca655"
          },
          "type": "InitializeVariable",
          "inputs": {
            "variables": [
              {
                "name": "defaultConnectorsClassification",
                "type": "string"
              }
            ]
          }
        },
        "Init_environmentType": {
          "runAfter": {
            "Init_defaultConnectorsClassification": [
              "Succeeded"
            ]
          },
          "metadata": {
            "operationMetadataId": "2370f705-76a7-486c-84c7-73a9e44a4423"
          },
          "type": "InitializeVariable",
          "inputs": {
            "variables": [
              {
                "name": "environmentType",
                "type": "string"
              }
            ]
          }
        },
        "Set_Variables": {
          "actions": {
            "Switch_Scope": {
              "runAfter": {},
              "cases": {
                "All_environments": {
                  "case": 597910000,
                  "actions": {
                    "Set_AllEnvironments": {
                      "runAfter": {},
                      "metadata": {
                        "operationMetadataId": "64998128-ede9-46a4-ba06-e78c659623b0"
                      },
                      "type": "SetVariable",
                      "inputs": {
                        "name": "environmentType",
                        "value": "AllEnvironments"
                      }
                    }
                  }
                },
                "Include_certain_environments": {
                  "case": 597910001,
                  "actions": {
                    "Set_variable_2": {
                      "runAfter": {},
                      "metadata": {
                        "operationMetadataId": "6b7e7a3f-83e2-4824-9537-dc547fa0f23d"
                      },
                      "type": "SetVariable",
                      "inputs": {
                        "name": "environmentType",
                        "value": "OnlyEnvironments"
                      }
                    }
                  }
                },
                "Exclude_certain_environments": {
                  "case": 597910002,
                  "actions": {
                    "Set_OnlyEnvironments": {
                      "runAfter": {},
                      "metadata": {
                        "operationMetadataId": "f16146ed-6a09-4848-ab07-c92b21ddad8e"
                      },
                      "type": "SetVariable",
                      "inputs": {
                        "name": "environmentType",
                        "value": "ExceptEnvironments"
                      }
                    }
                  }
                }
              },
              "default": {
                "actions": {}
              },
              "expression": "@outputs('Get_a_row_by_ID')?['body/admin_scope']",
              "metadata": {
                "operationMetadataId": "7f2678fc-7858-4bfa-81e4-ea41f3a28f89"
              },
              "type": "Switch"
            },
            "Switch_Default_Connectors_Classification": {
              "runAfter": {
                "Switch_Scope": [
                  "Succeeded"
                ]
              },
              "cases": {
                "Blocked": {
                  "case": 0,
                  "actions": {
                    "Set_Blocked": {
                      "runAfter": {},
                      "metadata": {
                        "operationMetadataId": "521c7a91-17ec-45ff-80cd-2b01e624b60c"
                      },
                      "type": "SetVariable",
                      "inputs": {
                        "name": "defaultConnectorsClassification",
                        "value": "Blocked"
                      }
                    }
                  }
                },
                "Non-Business": {
                  "case": 1,
                  "actions": {
                    "Set_General": {
                      "runAfter": {},
                      "metadata": {
                        "operationMetadataId": "74d186d3-b416-4a62-94ea-b6b8c91a200c"
                      },
                      "type": "SetVariable",
                      "inputs": {
                        "name": "defaultConnectorsClassification",
                        "value": "General"
                      }
                    }
                  }
                },
                "Business": {
                  "case": 2,
                  "actions": {
                    "Set_Confidential": {
                      "runAfter": {},
                      "metadata": {
                        "operationMetadataId": "500acf9e-4c82-4668-a016-43fb577bb886"
                      },
                      "type": "SetVariable",
                      "inputs": {
                        "name": "defaultConnectorsClassification",
                        "value": "Confidential"
                      }
                    }
                  }
                }
              },
              "default": {
                "actions": {}
              },
              "expression": "@outputs('Get_a_row_by_ID')?['body/admin_defaultconnectorsclassification']",
              "metadata": {
                "operationMetadataId": "4b47c6e6-ccf5-498c-ac3c-82f4f66befc0"
              },
              "type": "Switch"
            }
          },
          "runAfter": {
            "Initialize_connectorGroupJson": [
              "Succeeded"
            ]
          },
          "metadata": {
            "operationMetadataId": "b26ce42d-0449-43a3-a3ad-e8ce4762bb1a"
          },
          "type": "Scope"
        },
        "When_not_all_Environments": {
          "actions": {
            "Get_Environments_JSON": {
              "runAfter": {},
              "metadata": {
                "operationMetadataId": "51295e47-8e53-44dc-a067-6b4f2a60f69e"
              },
              "type": "Workflow",
              "inputs": {
                "host": {
                  "workflowReferenceName": "c46003c8-a840-f011-b4cb-000d3a1fdbe4"
                },
                "body": {
                  "text": "@outputs('Get_a_row_by_ID')?['body/admin_dlppolicyid']"
                }
              }
            },
            "Set_variable": {
              "runAfter": {
                "Get_Environments_JSON": [
                  "Succeeded"
                ]
              },
              "metadata": {
                "operationMetadataId": "44ca6893-e8a3-4283-9cce-84b11fb38a08"
              },
              "type": "SetVariable",
              "inputs": {
                "name": "environments",
                "value": "@body('Get_Environments_JSON')"
              }
            }
          },
          "runAfter": {
            "Set_Variables": [
              "Succeeded"
            ]
          },
          "expression": {
            "not": {
              "equals": [
                "@outputs('Get_a_row_by_ID')?['body/admin_scope']",
                597910000
              ]
            }
          },
          "metadata": {
            "operationMetadataId": "ab284b90-7f9e-40da-baf8-78e444878b30"
          },
          "type": "If"
        },
        "Initialize_variable": {
          "runAfter": {
            "Init_environmentType": [
              "Succeeded"
            ]
          },
          "metadata": {
            "operationMetadataId": "57f8a510-478f-4db6-a335-9712fcc7a970"
          },
          "type": "InitializeVariable",
          "inputs": {
            "variables": [
              {
                "name": "environments",
                "type": "array"
              }
            ]
          }
        },
        "Compose": {
          "runAfter": {
            "When_not_all_Environments": [
              "Succeeded"
            ],
            "Day_Zero_Check": [
              "Succeeded"
            ]
          },
          "metadata": {
            "operationMetadataId": "a51243bc-7727-494e-b5fb-5273f2759f44"
          },
          "type": "Compose",
          "inputs": {
            "displayName": "@{outputs('Get_a_row_by_ID')?['body/admin_name']}",
            "defaultConnectorsClassification": "@{variables('defaultConnectorsClassification')}",
            "connectorGroups": "@variables('connectorGroupJson')",
            "environmentType": "@{variables('environmentType')}",
            "environments": "@variables('environments')"
          }
        },
        "Response": {
          "runAfter": {
            "Compose": [
              "Succeeded"
            ]
          },
          "metadata": {
            "operationMetadataId": "837e5d2d-a543-4b46-9ea6-3912fd650f2b"
          },
          "type": "Response",
          "kind": "Http",
          "inputs": {
            "statusCode": 200,
            "body": "@outputs('Compose')"
          }
        },
        "Day_Zero_Check": {
          "actions": {
            "Get_DayZero_Connector_Groups_JSON": {
              "runAfter": {},
              "metadata": {
                "operationMetadataId": "392ea343-1e5c-49ca-b735-e49976458121"
              },
              "type": "Workflow",
              "inputs": {
                "host": {
                  "workflowReferenceName": "3a7efcea-5646-f011-877a-7c1e52472147"
                },
                "body": {
                  "text": "@outputs('Get_a_row_by_ID')?['body/admin_dlppolicyid']"
                }
              }
            },
            "set_dayzero_connectorgroupjson": {
              "runAfter": {
                "Get_DayZero_Connector_Groups_JSON": [
                  "Succeeded"
                ]
              },
              "metadata": {
                "operationMetadataId": "892d0e7e-bbd6-46b1-a3e6-c243c79cf012"
              },
              "type": "SetVariable",
              "inputs": {
                "name": "connectorGroupJson",
                "value": "@body('Get_DayZero_Connector_Groups_JSON')"
              }
            }
          },
          "runAfter": {
            "Set_Variables": [
              "Succeeded"
            ]
          },
          "else": {
            "actions": {
              "Condition": {
                "actions": {
                  "Get_Strict_Allow_Connector_Groups_JSON": {
                    "runAfter": {},
                    "metadata": {
                      "operationMetadataId": "392ea343-1e5c-49ca-b735-e49976458121"
                    },
                    "type": "Workflow",
                    "inputs": {
                      "host": {
                        "workflowReferenceName": "0e100183-c551-f011-877a-7c1e520a4e64"
                      },
                      "body": {
                        "text": "@outputs('Get_a_row_by_ID')?['body/admin_dlppolicyid']"
                      }
                    }
                  },
                  "set_connectorgroupjson_2": {
                    "runAfter": {
                      "Get_Strict_Allow_Connector_Groups_JSON": [
                        "Succeeded"
                      ]
                    },
                    "metadata": {
                      "operationMetadataId": "cd0e3637-652a-4dcc-93ae-c80ef3f32027"
                    },
                    "type": "SetVariable",
                    "inputs": {
                      "name": "connectorGroupJson",
                      "value": "@body('Get_Strict_Allow_Connector_Groups_JSON')"
                    }
                  }
                },
                "runAfter": {},
                "else": {
                  "actions": {
                    "Get_Connector_Groups_JSON": {
                      "runAfter": {},
                      "metadata": {
                        "operationMetadataId": "392ea343-1e5c-49ca-b735-e49976458121"
                      },
                      "type": "Workflow",
                      "inputs": {
                        "host": {
                          "workflowReferenceName": "a3ffa125-1240-f011-b4cb-000d3a1fdbe4"
                        },
                        "body": {
                          "text": "@outputs('Get_a_row_by_ID')?['body/admin_dlppolicyid']"
                        }
                      }
                    },
                    "set_connectorgroupjson": {
                      "runAfter": {
                        "Get_Connector_Groups_JSON": [
                          "Succeeded"
                        ]
                      },
                      "metadata": {
                        "operationMetadataId": "cd0e3637-652a-4dcc-93ae-c80ef3f32027"
                      },
                      "type": "SetVariable",
                      "inputs": {
                        "name": "connectorGroupJson",
                        "value": "@body('Get_Connector_Groups_JSON')"
                      }
                    }
                  }
                },
                "expression": {
                  "equals": [
                    "@outputs('Get_a_row_by_ID')?['body/admin_enforcestrictallow']",
                    "@true"
                  ]
                },
                "metadata": {
                  "operationMetadataId": "b4a0a7e9-f612-4358-a50f-84f35ed3f959"
                },
                "type": "If"
              }
            }
          },
          "expression": {
            "equals": [
              "@outputs('Get_a_row_by_ID')?['body/admin_dayzeropolicy']",
              "@true"
            ]
          },
          "metadata": {
            "operationMetadataId": "85e4385e-1af7-48e2-92c5-5d371c7cd144"
          },
          "type": "If"
        },
        "Initialize_connectorGroupJson": {
          "runAfter": {
            "Initialize_variable": [
              "Succeeded"
            ]
          },
          "metadata": {
            "operationMetadataId": "470853ec-90da-4940-83f0-9d8d2e2fdf8b"
          },
          "type": "InitializeVariable",
          "inputs": {
            "variables": [
              {
                "name": "connectorGroupJson",
                "type": "array"
              }
            ]
          }
        }
      }
    },
    "templateName": ""
  },
  "schemaVersion": "1.0.0.0"
}