{
  "properties": {
    "connectionReferences": {
      "shared_commondataserviceforapps_1": {
        "runtimeSource": "embedded",
        "connection": {
          "connectionReferenceLogicalName": "admin_CoECoreDataverse"
        },
        "api": {
          "name": "shared_commondataserviceforapps"
        }
      }
    },
    "definition": {
      "$schema": "https://schema.management.azure.com/providers/Microsoft.Logic/schemas/2016-06-01/workflowdefinition.json#",
      "contentVersion": "1.0.0.0",
      "parameters": {
        "$connections": {
          "defaultValue": {},
          "type": "Object"
        },
        "$authentication": {
          "defaultValue": {},
          "type": "SecureObject"
        }
      },
      "triggers": {
        "When_a_row_is_added,_modified_or_deleted": {
          "metadata": {
            "operationMetadataId": "4f148cb4-f325-40fa-978e-f30b3578343c"
          },
          "type": "OpenApiConnectionWebhook",
          "inputs": {
            "host": {
              "connectionName": "shared_commondataserviceforapps_1",
              "operationId": "SubscribeWebhookTrigger",
              "apiId": "/providers/Microsoft.PowerApps/apis/shared_commondataserviceforapps"
            },
            "parameters": {
              "subscriptionRequest/message": 3,
              "subscriptionRequest/entityname": "admin_scubaconfiguration",
              "subscriptionRequest/scope": 4,
              "subscriptionRequest/filteringattributes": "admin_pushcecconfigurationonsave",
              "subscriptionRequest/filterexpression": "admin_pushcecconfigurationonsave eq true"
            },
            "authentication": "@parameters('$authentication')"
          }
        }
      },
      "actions": {
        "SCuBA_CEC_Push_|_Patch_Connector_Enablement_Configuration": {
          "runAfter": {
            "Show_Running": [
              "Succeeded"
            ]
          },
          "metadata": {
            "operationMetadataId": "c2aa242b-3d10-4f8f-823a-625a32028903"
          },
          "type": "Workflow",
          "inputs": {
            "host": {
              "workflowReferenceName": "daf97b4d-a359-f011-bec2-001dd8086833"
            },
            "retryPolicy": {
              "type": "none"
            }
          }
        },
        "Show_Running": {
          "runAfter": {},
          "metadata": {
            "operationMetadataId": "03d7c2e0-2af0-4c9e-bc59-77342a861770"
          },
          "type": "OpenApiConnection",
          "inputs": {
            "host": {
              "connectionName": "shared_commondataserviceforapps_1",
              "operationId": "UpdateOnlyRecord",
              "apiId": "/providers/Microsoft.PowerApps/apis/shared_commondataserviceforapps"
            },
            "parameters": {
              "entityName": "admin_scubaconfigurations",
              "recordId": "@triggerOutputs()?['body/admin_scubaconfigurationid']",
              "item/admin_pushcecconfigurationonsave": false,
              "item/admin_pushcecconfigurationstatus": "Running"
            },
            "authentication": "@parameters('$authentication')"
          }
        },
        "Show_Success": {
          "runAfter": {
            "SCuBA_CEC_Push_|_Patch_Connector_Enablement_Configuration": [
              "Succeeded"
            ]
          },
          "metadata": {
            "operationMetadataId": "6f3d9b4a-2c7d-42ed-b34d-c5fb61c19e73"
          },
          "type": "OpenApiConnection",
          "inputs": {
            "host": {
              "connectionName": "shared_commondataserviceforapps_1",
              "operationId": "UpdateOnlyRecord",
              "apiId": "/providers/Microsoft.PowerApps/apis/shared_commondataserviceforapps"
            },
            "parameters": {
              "entityName": "admin_scubaconfigurations",
              "recordId": "@triggerOutputs()?['body/admin_scubaconfigurationid']",
              "item/admin_pushcecconfigurationstatus": "Success"
            },
            "authentication": "@parameters('$authentication')"
          }
        },
        "Show_Failed": {
          "runAfter": {
            "SCuBA_CEC_Push_|_Patch_Connector_Enablement_Configuration": [
              "Failed"
            ]
          },
          "metadata": {
            "operationMetadataId": "8044da88-a64a-4fb4-90c2-f4ec6cc874c3"
          },
          "type": "OpenApiConnection",
          "inputs": {
            "host": {
              "connectionName": "shared_commondataserviceforapps_1",
              "operationId": "UpdateOnlyRecord",
              "apiId": "/providers/Microsoft.PowerApps/apis/shared_commondataserviceforapps"
            },
            "parameters": {
              "entityName": "admin_scubaconfigurations",
              "recordId": "@triggerOutputs()?['body/admin_scubaconfigurationid']",
              "item/admin_pushcecconfigurationstatus": "Failed"
            },
            "authentication": "@parameters('$authentication')"
          }
        }
      }
    },
    "templateName": ""
  },
  "schemaVersion": "1.0.0.0"
}