{
  "properties": {
    "connectionReferences": {
      "shared_commondataserviceforapps_1": {
        "runtimeSource": "embedded",
        "connection": {
          "connectionReferenceLogicalName": "admin_CoECoreDataverse"
        },
        "api": {
          "name": "shared_commondataserviceforapps"
        }
      }
    },
    "definition": {
      "$schema": "https://schema.management.azure.com/providers/Microsoft.Logic/schemas/2016-06-01/workflowdefinition.json#",
      "contentVersion": "1.0.0.0",
      "parameters": {
        "$connections": {
          "defaultValue": {},
          "type": "Object"
        },
        "$authentication": {
          "defaultValue": {},
          "type": "SecureObject"
        }
      },
      "triggers": {
        "manual": {
          "metadata": {
            "operationMetadataId": "86cb6a5e-7f87-4c5c-8817-d56a76f18fc8"
          },
          "type": "Request",
          "kind": "PowerAppV2",
          "inputs": {
            "schema": {
              "type": "object",
              "properties": {
                "text": {
                  "title": "region",
                  "type": "string",
                  "x-ms-dynamically-added": true,
                  "description": "Please enter your input",
                  "x-ms-content-hint": "TEXT",
                  "enum": [
                    "Commercial (Default)",
                    "GCC",
                    "GCC High",
                    "DoD"
                  ]
                }
              },
              "required": [
                "text"
              ]
            }
          }
        }
      },
      "actions": {
        "Process_admin_PowerAppEnvironmentVariable": {
          "actions": {
            "Switch": {
              "runAfter": {},
              "cases": {
                "On_Commercial": {
                  "case": "Commercial (Default)",
                  "actions": {
                    "Commercial": {
                      "actions": {
                        "Set_Commercial_admin_apibapmicrosoftcomUrl": {
                          "runAfter": {},
                          "metadata": {
                            "operationMetadataId": "ee54695f-e0d6-41d1-8b99-0d1b63104a30"
                          },
                          "type": "SetVariable",
                          "inputs": {
                            "name": "admin_apibapmicrosoftcomUrl",
                            "value": "https://api.bap.microsoft.com"
                          }
                        },
                        "Set_Commercial_admin_apiflowmicrosoftcomUrl": {
                          "runAfter": {
                            "Set_Commercial_admin_PowerAutomateServiceAPIUri": [
                              "Succeeded"
                            ]
                          },
                          "metadata": {
                            "operationMetadataId": "00583f85-bc2c-44d0-8751-f8d6bb052a3a"
                          },
                          "type": "SetVariable",
                          "inputs": {
                            "name": "admin_apiflowmicrosoftcomUrl",
                            "value": "https://api.flow.microsoft.com"
                          }
                        },
                        "Set_Commercial_admin_makepowerautomatecom": {
                          "runAfter": {
                            "Set_Commercial_admin_apiflowAudience": [
                              "Succeeded"
                            ]
                          },
                          "metadata": {
                            "operationMetadataId": "84417ae6-38d8-415a-98b6-2ffa0c2dfd5f"
                          },
                          "type": "SetVariable",
                          "inputs": {
                            "name": "admin_makepowerautomatecom",
                            "value": "make.powerautomate.com"
                          }
                        },
                        "Set_Commercial_admin_PowerAutomateServiceAPIUri": {
                          "runAfter": {
                            "Set_Commercial_admin_apibapmicrosoftcomUrl": [
                              "Succeeded"
                            ]
                          },
                          "metadata": {
                            "operationMetadataId": "7c7f494a-44b4-4d7b-a3bd-04fab975195a"
                          },
                          "type": "SetVariable",
                          "inputs": {
                            "name": "admin_apibapAudience",
                            "value": "https://service.powerapps.com/"
                          }
                        },
                        "Set_Commercial_admin_apiflowAudience": {
                          "runAfter": {
                            "Set_Commercial_admin_apiflowmicrosoftcomUrl": [
                              "Succeeded"
                            ]
                          },
                          "metadata": {
                            "operationMetadataId": "00583f85-bc2c-44d0-8751-f8d6bb052a3a"
                          },
                          "type": "SetVariable",
                          "inputs": {
                            "name": "admin_apiflowAudience",
                            "value": "https://service.powerapps.com/"
                          }
                        }
                      },
                      "runAfter": {},
                      "metadata": {
                        "operationMetadataId": "b0d78f48-660d-4555-b3e5-8112a8e0b292"
                      },
                      "type": "Scope"
                    }
                  }
                },
                "On_GCC": {
                  "case": "GCC",
                  "actions": {
                    "GCC": {
                      "actions": {
                        "Set_GCC_admin_apibapmicrosoftcomUrl": {
                          "runAfter": {},
                          "metadata": {
                            "operationMetadataId": "d693e5d2-d084-4c82-94ba-69e15b2babc0"
                          },
                          "type": "SetVariable",
                          "inputs": {
                            "name": "admin_apibapmicrosoftcomUrl",
                            "value": "https://gov.api.bap.microsoft.us"
                          }
                        },
                        "Set_GCC_admin_apiflowmicrosoftcomUrl": {
                          "runAfter": {
                            "Set_GCC_admin_apibapAudience": [
                              "Succeeded"
                            ]
                          },
                          "metadata": {
                            "operationMetadataId": "315af72b-eb1e-4c55-a6ab-34795dd1a8d6"
                          },
                          "type": "SetVariable",
                          "inputs": {
                            "name": "admin_apiflowmicrosoftcomUrl",
                            "value": "https://gov.api.flow.microsoft.us"
                          }
                        },
                        "Set_GCC_admin_makepowerautomatecom": {
                          "runAfter": {
                            "Set_GCC_admin_apiflowAudience": [
                              "Succeeded"
                            ]
                          },
                          "metadata": {
                            "operationMetadataId": "14253c4b-e3ff-44af-ab57-e59dbc034995"
                          },
                          "type": "SetVariable",
                          "inputs": {
                            "name": "admin_makepowerautomatecom",
                            "value": "make.gov.powerautomate.us"
                          }
                        },
                        "Set_GCC_admin_apibapAudience": {
                          "runAfter": {
                            "Set_GCC_admin_apibapmicrosoftcomUrl": [
                              "Succeeded"
                            ]
                          },
                          "metadata": {
                            "operationMetadataId": "58e0c34b-d7e3-40ed-a28a-fee866714042"
                          },
                          "type": "SetVariable",
                          "inputs": {
                            "name": "admin_apibapAudience",
                            "value": "https://gov.service.powerapps.us/"
                          }
                        },
                        "Set_GCC_admin_apiflowAudience": {
                          "runAfter": {
                            "Set_GCC_admin_apiflowmicrosoftcomUrl": [
                              "Succeeded"
                            ]
                          },
                          "metadata": {
                            "operationMetadataId": "00583f85-bc2c-44d0-8751-f8d6bb052a3a"
                          },
                          "type": "SetVariable",
                          "inputs": {
                            "name": "admin_apiflowAudience",
                            "value": "https://gov.service.powerapps.us/"
                          }
                        }
                      },
                      "runAfter": {},
                      "metadata": {
                        "operationMetadataId": "c7020416-a3de-4561-b368-52165bd2416f"
                      },
                      "type": "Scope"
                    }
                  }
                },
                "On_GCC_High": {
                  "case": "GCC High",
                  "actions": {
                    "GCC_High": {
                      "actions": {
                        "Set_GCC_High_admin_apibapmicrosoftcomUrl": {
                          "runAfter": {},
                          "metadata": {
                            "operationMetadataId": "27bde91e-a8bc-4b18-bbc9-5ce4a2c04dca"
                          },
                          "type": "SetVariable",
                          "inputs": {
                            "name": "admin_apibapmicrosoftcomUrl",
                            "value": "https://high.api.bap.microsoft.us"
                          }
                        },
                        "Set_GCC_High_admin_apiflowmicrosoftcomUrl": {
                          "runAfter": {
                            "Set_GCC_High_admin_apibapAudience": [
                              "Succeeded"
                            ]
                          },
                          "metadata": {
                            "operationMetadataId": "9b3acdee-90b2-47f9-95b6-77577e1b09aa"
                          },
                          "type": "SetVariable",
                          "inputs": {
                            "name": "admin_apiflowmicrosoftcomUrl",
                            "value": "https://high.api.flow.microsoft.us/"
                          }
                        },
                        "Set_GCC_High_admin_makepowerautomatecom": {
                          "runAfter": {
                            "Set_GCC_High_admin_apiflowAudience": [
                              "Succeeded"
                            ]
                          },
                          "metadata": {
                            "operationMetadataId": "9665c897-1ef6-4c88-87d3-d98f8de503a1"
                          },
                          "type": "SetVariable",
                          "inputs": {
                            "name": "admin_makepowerautomatecom",
                            "value": "make.high.powerautomate.us"
                          }
                        },
                        "Set_GCC_High_admin_apibapAudience": {
                          "runAfter": {
                            "Set_GCC_High_admin_apibapmicrosoftcomUrl": [
                              "Succeeded"
                            ]
                          },
                          "metadata": {
                            "operationMetadataId": "63d310fc-1fef-4908-bd8d-d90392535d89"
                          },
                          "type": "SetVariable",
                          "inputs": {
                            "name": "admin_apibapAudience",
                            "value": "https://high.service.powerapps.us/"
                          }
                        },
                        "Set_GCC_High_admin_apiflowAudience": {
                          "runAfter": {
                            "Set_GCC_High_admin_apiflowmicrosoftcomUrl": [
                              "Succeeded"
                            ]
                          },
                          "metadata": {
                            "operationMetadataId": "00583f85-bc2c-44d0-8751-f8d6bb052a3a"
                          },
                          "type": "SetVariable",
                          "inputs": {
                            "name": "admin_apiflowAudience",
                            "value": "https://high.service.powerapps.us/"
                          }
                        }
                      },
                      "runAfter": {},
                      "metadata": {
                        "operationMetadataId": "0c886881-5d79-4b58-b90b-219d3a1d987f"
                      },
                      "type": "Scope"
                    }
                  }
                },
                "On_DoD": {
                  "case": "DoD",
                  "actions": {
                    "DoD": {
                      "actions": {
                        "Set_DoD_admin_apibapmicrosoftcomUrl": {
                          "runAfter": {},
                          "metadata": {
                            "operationMetadataId": "360a2293-4e0d-439c-ae65-2616044e749a"
                          },
                          "type": "SetVariable",
                          "inputs": {
                            "name": "admin_apibapmicrosoftcomUrl",
                            "value": "https://api.bap.appsplatform.us"
                          }
                        },
                        "Set_DoD_admin_apiflowmicrosoftcomUrl": {
                          "runAfter": {
                            "Set_DoD_admin_apibapAudience": [
                              "Succeeded"
                            ]
                          },
                          "metadata": {
                            "operationMetadataId": "b5192709-9276-4c89-83d4-109c611e9db0"
                          },
                          "type": "SetVariable",
                          "inputs": {
                            "name": "admin_apiflowmicrosoftcomUrl",
                            "value": "https://api.flow.appsplatform.us"
                          }
                        },
                        "Set_DoD_admin_makepowerautomatecom": {
                          "runAfter": {
                            "Set_DoD_admin_apiflowAudience": [
                              "Succeeded"
                            ]
                          },
                          "metadata": {
                            "operationMetadataId": "b0b9aa56-0333-4ae3-a051-d2c7518a9f12"
                          },
                          "type": "SetVariable",
                          "inputs": {
                            "name": "admin_makepowerautomatecom",
                            "value": "make.powerautomate.appsplatform.us"
                          }
                        },
                        "Set_DoD_admin_apiflowAudience": {
                          "runAfter": {
                            "Set_DoD_admin_apiflowmicrosoftcomUrl": [
                              "Succeeded"
                            ]
                          },
                          "metadata": {
                            "operationMetadataId": "00583f85-bc2c-44d0-8751-f8d6bb052a3a"
                          },
                          "type": "SetVariable",
                          "inputs": {
                            "name": "admin_apiflowAudience",
                            "value": "https://service.apps.appsplatform.us/"
                          }
                        },
                        "Set_DoD_admin_apibapAudience": {
                          "runAfter": {
                            "Set_DoD_admin_apibapmicrosoftcomUrl": [
                              "Succeeded"
                            ]
                          },
                          "metadata": {
                            "operationMetadataId": "17539c58-87fa-4aa2-a353-edbe36dbf864"
                          },
                          "type": "SetVariable",
                          "inputs": {
                            "name": "admin_apibapAudience",
                            "value": "https://service.apps.appsplatform.us/"
                          }
                        }
                      },
                      "runAfter": {},
                      "metadata": {
                        "operationMetadataId": "951aba86-eebe-40df-958a-42e744743bbb"
                      },
                      "type": "Scope"
                    }
                  }
                }
              },
              "default": {
                "actions": {}
              },
              "expression": "@triggerBody()['text']",
              "metadata": {
                "operationMetadataId": "1329da6d-6ef7-4d70-b96a-346dd48a8663"
              },
              "type": "Switch"
            }
          },
          "runAfter": {
            "Initialize_admin_makepowerautomatecom": [
              "Succeeded"
            ]
          },
          "metadata": {
            "operationMetadataId": "ae8f384b-d71d-49b4-8aa4-55495fdd9b98"
          },
          "type": "Scope"
        },
        "Respond_to_a_Power_App_or_flow": {
          "runAfter": {
            "Set_Env_Variables": [
              "Succeeded"
            ]
          },
          "metadata": {
            "operationMetadataId": "c74e8bbb-e5b8-40a4-a7e1-5fc035fc973c"
          },
          "type": "Response",
          "kind": "PowerApp",
          "inputs": {
            "statusCode": 200,
            "body": {},
            "schema": {
              "type": "object",
              "properties": {}
            }
          }
        },
        "Initialize_admin_apibapmicrosoftcomUrl": {
          "runAfter": {
            "Set_Tenant_Region": [
              "Succeeded"
            ]
          },
          "metadata": {
            "operationMetadataId": "fb83a195-9779-4eff-bfd5-82e617d7d277"
          },
          "type": "InitializeVariable",
          "inputs": {
            "variables": [
              {
                "name": "admin_apibapmicrosoftcomUrl",
                "type": "string"
              }
            ]
          }
        },
        "Initialize_admin_apiflowmicrosoftcomUrl": {
          "runAfter": {
            "Initialize_admin_apibapAudience": [
              "Succeeded"
            ]
          },
          "metadata": {
            "operationMetadataId": "dba3a317-b4f7-433f-967a-a3787058828f"
          },
          "type": "InitializeVariable",
          "inputs": {
            "variables": [
              {
                "name": "admin_apiflowmicrosoftcomUrl",
                "type": "string"
              }
            ]
          }
        },
        "Initialize_admin_makepowerautomatecom": {
          "runAfter": {
            "Initialize_admin_apiflowAudience": [
              "Succeeded"
            ]
          },
          "metadata": {
            "operationMetadataId": "23f0ce96-2713-44a9-b68b-1935d76fb2d0"
          },
          "type": "InitializeVariable",
          "inputs": {
            "variables": [
              {
                "name": "admin_makepowerautomatecom",
                "type": "string"
              }
            ]
          }
        },
        "Set_Env_Variables": {
          "actions": {
            "Business_Application_Platform_API_Url": {
              "runAfter": {},
              "metadata": {
                "operationMetadataId": "8b6d2fe0-2ddd-4a52-8178-df24a3f8dbff"
              },
              "type": "OpenApiConnection",
              "inputs": {
                "host": {
                  "connectionName": "shared_commondataserviceforapps_1",
                  "operationId": "PerformUnboundAction",
                  "apiId": "/providers/Microsoft.PowerApps/apis/shared_commondataserviceforapps"
                },
                "parameters": {
                  "actionName": "UpsertEnvironmentVariable",
                  "item/DisplayName": "Business Application Platform API Url",
                  "item/SchemaName": "admin_apibapmicrosoftcomUrl",
                  "item/Type": 100000000,
                  "item/Value": "@variables('admin_apibapmicrosoftcomUrl')"
                },
                "authentication": "@parameters('$authentication')"
              }
            },
            "Microsoft_Flow_API_Url": {
              "runAfter": {
                "Business_Application_Platform_API_Audience": [
                  "Succeeded"
                ]
              },
              "metadata": {
                "operationMetadataId": "c0843e5d-aae8-4f1c-a52f-b63a808d6a67"
              },
              "type": "OpenApiConnection",
              "inputs": {
                "host": {
                  "connectionName": "shared_commondataserviceforapps_1",
                  "operationId": "PerformUnboundAction",
                  "apiId": "/providers/Microsoft.PowerApps/apis/shared_commondataserviceforapps"
                },
                "parameters": {
                  "actionName": "UpsertEnvironmentVariable",
                  "item/DisplayName": "Microsoft Flow API Url",
                  "item/SchemaName": "admin_apiflowmicrosoftcomUrl",
                  "item/Type": 100000000,
                  "item/Value": "@variables('admin_apiflowmicrosoftcomUrl')"
                },
                "authentication": "@parameters('$authentication')"
              }
            },
            "Power_Automate_Makers_Host_Name": {
              "runAfter": {
                "Microsoft_Flow_API_Audience": [
                  "Succeeded"
                ]
              },
              "metadata": {
                "operationMetadataId": "ce809e7f-cce3-493e-9bc8-13b534d3ae1f"
              },
              "type": "OpenApiConnection",
              "inputs": {
                "host": {
                  "connectionName": "shared_commondataserviceforapps_1",
                  "operationId": "PerformUnboundAction",
                  "apiId": "/providers/Microsoft.PowerApps/apis/shared_commondataserviceforapps"
                },
                "parameters": {
                  "actionName": "UpsertEnvironmentVariable",
                  "item/DisplayName": "Power Automate Makers Host Name",
                  "item/SchemaName": "admin_makepowerautomatecom",
                  "item/Type": 100000000,
                  "item/Value": "@variables('admin_makepowerautomatecom')"
                },
                "authentication": "@parameters('$authentication')"
              }
            },
            "Business_Application_Platform_API_Audience": {
              "runAfter": {
                "Business_Application_Platform_API_Url": [
                  "Succeeded"
                ]
              },
              "metadata": {
                "operationMetadataId": "a9186226-928a-434c-b290-016b1f4a40d2"
              },
              "type": "OpenApiConnection",
              "inputs": {
                "host": {
                  "connectionName": "shared_commondataserviceforapps_1",
                  "operationId": "PerformUnboundAction",
                  "apiId": "/providers/Microsoft.PowerApps/apis/shared_commondataserviceforapps"
                },
                "parameters": {
                  "actionName": "UpsertEnvironmentVariable",
                  "item/DisplayName": "Business Application Platform API Audience",
                  "item/SchemaName": "admin_apibapAudience",
                  "item/Type": 100000000,
                  "item/Value": "@variables('admin_apibapAudience')"
                },
                "authentication": "@parameters('$authentication')"
              }
            },
            "Microsoft_Flow_API_Audience": {
              "runAfter": {
                "Microsoft_Flow_API_Url": [
                  "Succeeded"
                ]
              },
              "metadata": {
                "operationMetadataId": "a9186226-928a-434c-b290-016b1f4a40d2"
              },
              "type": "OpenApiConnection",
              "inputs": {
                "host": {
                  "connectionName": "shared_commondataserviceforapps_1",
                  "operationId": "PerformUnboundAction",
                  "apiId": "/providers/Microsoft.PowerApps/apis/shared_commondataserviceforapps"
                },
                "parameters": {
                  "actionName": "UpsertEnvironmentVariable",
                  "item/DisplayName": "Microsoft Flow API Audience",
                  "item/SchemaName": "admin_apiflowAudience",
                  "item/Type": 100000000,
                  "item/Value": "@variables('admin_apiflowAudience')"
                },
                "authentication": "@parameters('$authentication')"
              }
            }
          },
          "runAfter": {
            "Process_admin_PowerAppEnvironmentVariable": [
              "Succeeded"
            ]
          },
          "metadata": {
            "operationMetadataId": "b0d78f48-660d-4555-b3e5-8112a8e0b292"
          },
          "type": "Scope"
        },
        "Set_Tenant_Region": {
          "runAfter": {},
          "metadata": {
            "operationMetadataId": "8b6d2fe0-2ddd-4a52-8178-df24a3f8dbff"
          },
          "type": "OpenApiConnection",
          "inputs": {
            "host": {
              "connectionName": "shared_commondataserviceforapps_1",
              "operationId": "PerformUnboundAction",
              "apiId": "/providers/Microsoft.PowerApps/apis/shared_commondataserviceforapps"
            },
            "parameters": {
              "actionName": "UpsertEnvironmentVariable",
              "item/DisplayName": "Tenant Region",
              "item/SchemaName": "admin_TenantRegion",
              "item/Type": 100000000,
              "item/Value": "@triggerBody()['text']"
            },
            "authentication": "@parameters('$authentication')"
          }
        },
        "Initialize_admin_apibapAudience": {
          "runAfter": {
            "Initialize_admin_apibapmicrosoftcomUrl": [
              "Succeeded"
            ]
          },
          "metadata": {
            "operationMetadataId": "6dd0ad16-c6ca-4829-b02c-27ef93d89936"
          },
          "type": "InitializeVariable",
          "inputs": {
            "variables": [
              {
                "name": "admin_apibapAudience",
                "type": "string"
              }
            ]
          }
        },
        "Initialize_admin_apiflowAudience": {
          "runAfter": {
            "Initialize_admin_apiflowmicrosoftcomUrl": [
              "Succeeded"
            ]
          },
          "metadata": {
            "operationMetadataId": "60897cb0-2fa6-4c9a-9fd1-14e7c149f52a"
          },
          "type": "InitializeVariable",
          "inputs": {
            "variables": [
              {
                "name": "admin_apiflowAudience",
                "type": "string"
              }
            ]
          }
        }
      }
    },
    "templateName": ""
  },
  "schemaVersion": "1.0.0.0"
}