{
  "properties": {
    "connectionReferences": {},
    "definition": {
      "$schema": "https://schema.management.azure.com/providers/Microsoft.Logic/schemas/2016-06-01/workflowdefinition.json#",
      "contentVersion": "1.0.0.0",
      "parameters": {
        "$authentication": {
          "defaultValue": {},
          "type": "SecureObject"
        }
      },
      "triggers": {
        "manual": {
          "metadata": {
            "operationMetadataId": "dd196172-35ae-4d38-89e0-82e2ba7ddfaa"
          },
          "type": "Request",
          "kind": "PowerAppV2",
          "inputs": {
            "schema": {
              "type": "object",
              "properties": {},
              "required": []
            }
          }
        }
      },
      "actions": {
        "Initialize_solutionName": {
          "runAfter": {},
          "metadata": {
            "operationMetadataId": "ee99b9cf-71c1-4985-988e-6b1696aa8540"
          },
          "type": "InitializeVariable",
          "inputs": {
            "variables": [
              {
                "name": "solutionName",
                "type": "string",
                "value": "powerplatformscubacoe"
              }
            ]
          }
        },
        "environmentpurposecategory": {
          "runAfter": {
            "Initialize_solutionName": [
              "Succeeded"
            ]
          },
          "metadata": {
            "operationMetadataId": "0f76ab5a-5d2f-42d0-b161-c6b97ef2d235"
          },
          "type": "Workflow",
          "inputs": {
            "host": {
              "workflowReferenceName": "24e1a374-eb45-f011-877a-7c1e5215ea1b"
            },
            "body": {
              "text": "admin_environmentpurposecategory",
              "text_1": "<fetch>\n  <entity name=\"admin_environmentpurposecategory\">\n    <attribute name=\"admin_almpurposes\" />\n    <attribute name=\"admin_description\" />\n    <attribute name=\"admin_environmentpurposecategoryid\" />\n    <attribute name=\"admin_purposecategory\" />\n  </entity>\n</fetch>",
              "text_3": "@variables('solutionName')",
              "text_2": "environmentpurposecategory"
            },
            "retryPolicy": {
              "type": "none"
            }
          }
        },
        "environmentskugovernancesettings": {
          "runAfter": {
            "Initialize_solutionName": [
              "Succeeded"
            ]
          },
          "metadata": {
            "operationMetadataId": "ac94fba2-1062-4708-b043-543a7acd1301"
          },
          "type": "Workflow",
          "inputs": {
            "host": {
              "workflowReferenceName": "24e1a374-eb45-f011-877a-7c1e5215ea1b"
            },
            "body": {
              "text": "admin_environmentskugovernancesettings",
              "text_1": "<fetch>\n  <entity name=\"admin_environmentskugovernancesettings\">\n    <attribute name=\"admin_environmentskugovernancesettingsid\" />\n    <attribute name=\"admin_sku\" />\n  </entity>\n</fetch>",
              "text_3": "@variables('solutionName')",
              "text_2": "environmentskugovernancesettings"
            },
            "retryPolicy": {
              "type": "none"
            }
          }
        }
      }
    },
    "templateName": ""
  },
  "schemaVersion": "1.0.0.0"
}