{
  "properties": {
    "connectionReferences": {},
    "definition": {
      "$schema": "https://schema.management.azure.com/providers/Microsoft.Logic/schemas/2016-06-01/workflowdefinition.json#",
      "contentVersion": "1.0.0.0",
      "parameters": {
        "$authentication": {
          "defaultValue": {},
          "type": "SecureObject"
        }
      },
      "triggers": {
        "manual": {
          "metadata": {
            "operationMetadataId": "ae5679c7-a113-4c4f-a552-9ae66227e13a"
          },
          "type": "Request",
          "kind": "PowerAppV2",
          "inputs": {
            "schema": {
              "type": "object",
              "properties": {},
              "required": []
            }
          }
        }
      },
      "actions": {
        "checkAccessProcessing": {
          "actions": {
            "checkAccess": {
              "runAfter": {},
              "metadata": {
                "operationMetadataId": "c8c4dab5-b9a9-485d-81c9-8be4150b4971"
              },
              "type": "Workflow",
              "inputs": {
                "host": {
                  "workflowReferenceName": "0a7e821b-0d54-f011-877a-7c1e520a4e64"
                },
                "body": {
                  "text": "GET",
                  "text_1": "/providers/PowerPlatform.Governance/v1/",
                  "text_2": "checkAccess"
                },
                "retryPolicy": {
                  "type": "none"
                }
              }
            }
          },
          "runAfter": {
            "Initialize_errorMessage": [
              "Succeeded"
            ]
          },
          "metadata": {
            "operationMetadataId": "49e9fd3f-8330-430e-8634-c9c7861942d6"
          },
          "type": "Scope"
        },
        "Initialize_statusCode": {
          "runAfter": {},
          "metadata": {
            "operationMetadataId": "c7e534b5-87f4-4c04-b5aa-a3e2ee0c21a5"
          },
          "type": "InitializeVariable",
          "inputs": {
            "variables": [
              {
                "name": "statusCode",
                "type": "integer",
                "value": 200
              }
            ]
          }
        },
        "Initialize_errorMessage": {
          "runAfter": {
            "Initialize_statusCode": [
              "Succeeded"
            ]
          },
          "metadata": {
            "operationMetadataId": "279ae367-fd88-4d63-b886-89096b1ebe82"
          },
          "type": "InitializeVariable",
          "inputs": {
            "variables": [
              {
                "name": "errorMessage",
                "type": "string"
              }
            ]
          }
        },
        "Respond_to_a_Power_App_or_flow": {
          "runAfter": {
            "checkAccessProcessing": [
              "Failed",
              "Succeeded"
            ]
          },
          "metadata": {
            "operationMetadataId": "fb1431ba-7735-4923-9aa9-cf7a1e89ca5e"
          },
          "type": "Response",
          "kind": "PowerApp",
          "inputs": {
            "statusCode": 200,
            "body": {
              "errormessage": "@{outputs('checkAccess')?['body/error/message']}",
              "statuscode": "@{outputs('checkAccess')['statusCode']}"
            },
            "schema": {
              "type": "object",
              "properties": {
                "errormessage": {
                  "title": "errorMessage",
                  "x-ms-dynamically-added": true,
                  "type": "string"
                },
                "statuscode": {
                  "title": "statusCode",
                  "x-ms-dynamically-added": true,
                  "type": "string"
                }
              }
            }
          }
        }
      }
    },
    "templateName": ""
  },
  "schemaVersion": "1.0.0.0"
}