{
  "properties": {
    "connectionReferences": {
      "shared_commondataserviceforapps": {
        "runtimeSource": "embedded",
        "connection": {
          "connectionReferenceLogicalName": "admin_CoECoreDataverse2"
        },
        "api": {
          "name": "shared_commondataserviceforapps"
        }
      }
    },
    "definition": {
      "$schema": "https://schema.management.azure.com/providers/Microsoft.Logic/schemas/2016-06-01/workflowdefinition.json#",
      "contentVersion": "1.0.0.0",
      "parameters": {
        "$connections": {
          "defaultValue": {},
          "type": "Object"
        },
        "$authentication": {
          "defaultValue": {},
          "type": "SecureObject"
        }
      },
      "triggers": {
        "manual": {
          "metadata": {
            "operationMetadataId": "23189aee-50a4-4334-9b03-744e808e1d75"
          },
          "type": "Request",
          "kind": "Button",
          "inputs": {
            "schema": {
              "type": "object",
              "properties": {
                "text": {
                  "title": "admin_dlppolicyid",
                  "type": "string",
                  "x-ms-dynamically-added": true,
                  "description": "Please enter your input",
                  "x-ms-content-hint": "TEXT"
                }
              },
              "required": [
                "text"
              ]
            }
          }
        }
      },
      "actions": {
        "Environments": {
          "runAfter": {
            "Include_certain_environments": [
              "Succeeded"
            ]
          },
          "metadata": {
            "operationMetadataId": "11771c3b-c7f6-4c38-909b-b2fd2e50d09c"
          },
          "type": "OpenApiConnection",
          "inputs": {
            "host": {
              "connectionName": "shared_commondataserviceforapps",
              "operationId": "ListRecords",
              "apiId": "/providers/Microsoft.PowerApps/apis/shared_commondataserviceforapps"
            },
            "parameters": {
              "entityName": "admin_environments",
              "fetchXml": "@variables('EnvironmentFetchXml')"
            },
            "authentication": {
              "type": "Raw",
              "value": "@json(decodeBase64(triggerOutputs().headers['X-MS-APIM-Tokens']))['$ConnectionKey']"
            }
          }
        },
        "Select": {
          "runAfter": {
            "Environments": [
              "Succeeded"
            ]
          },
          "metadata": {
            "operationMetadataId": "a718ed29-2603-4557-834e-b8a8e9b8f797"
          },
          "type": "Select",
          "inputs": {
            "from": "@outputs('Environments')?['body/value']",
            "select": {
              "id": "/providers/Microsoft.BusinessAppPlatform/scopes/admin/environments/@{item()?['admin_environmentname']}",
              "type": "Microsoft.BusinessAppPlatform/scopes/environments",
              "name": "@item()?['admin_environmentname']"
            }
          }
        },
        "Response": {
          "runAfter": {
            "Select": [
              "Succeeded"
            ]
          },
          "metadata": {
            "operationMetadataId": "fc9d0de1-2b57-4f02-b2b2-3f3d8f14c714"
          },
          "type": "Response",
          "kind": "Http",
          "inputs": {
            "statusCode": 200,
            "body": "@body('Select')"
          }
        },
        "Initialize_EnvironmentFetchXml": {
          "runAfter": {},
          "metadata": {
            "operationMetadataId": "29427cec-2291-4048-8f12-d381eee8cbc6"
          },
          "type": "InitializeVariable",
          "inputs": {
            "variables": [
              {
                "name": "EnvironmentFetchXml",
                "type": "string",
                "value": "<fetch>\n  <entity name=\"admin_environment\">\n    <attribute name=\"admin_environmentid\" />\n    <attribute name=\"admin_environmentname\" />\n    <link-entity name=\"admin_scuba_policy_environments_join\" from=\"admin_environmentid\" to=\"admin_environmentid\" alias=\"policyjoin\" intersect=\"true\">\n      <attribute name=\"admin_dlppolicyid\" />\n      <filter>\n        <condition attribute=\"admin_dlppolicyid\" operator=\"eq\" value=\"@{triggerBody()['text']}\" />\n      </filter>\n    </link-entity>\n    <filter>\n      <condition attribute=\"admin_environmentdeleted\" operator=\"ne\" value=\"1\" />\n    </filter>\n  </entity>\n</fetch>"
              }
            ]
          }
        },
        "PolicyAssignmentRule": {
          "runAfter": {
            "Initialize_EnvironmentFetchXml": [
              "Succeeded"
            ]
          },
          "metadata": {
            "operationMetadataId": "0fbb26e5-6e9f-4a74-b44a-28b1debb7154"
          },
          "type": "OpenApiConnection",
          "inputs": {
            "host": {
              "connectionName": "shared_commondataserviceforapps",
              "operationId": "GetItem",
              "apiId": "/providers/Microsoft.PowerApps/apis/shared_commondataserviceforapps"
            },
            "parameters": {
              "entityName": "admin_dlppolicies",
              "recordId": "@triggerBody()['text']",
              "$select": "admin_dlppolicyid,admin_scope,admin_assignmentrule,admin_environmentfetchxml,_admin_environmentpurposecategory_value,_admin_environmentsku_value,_admin_communityofpractice_value"
            },
            "authentication": {
              "type": "Raw",
              "value": "@json(decodeBase64(triggerOutputs().headers['X-MS-APIM-Tokens']))['$ConnectionKey']"
            }
          }
        },
        "Include_certain_environments": {
          "actions": {
            "Set_Environment_FetchXml_by_rule": {
              "actions": {
                "Switch": {
                  "runAfter": {},
                  "cases": {
                    "Baseline_-_By_Environment_SKU": {
                      "case": 100,
                      "actions": {
                        "Set_variable": {
                          "runAfter": {},
                          "metadata": {
                            "operationMetadataId": "312bff57-1f8e-49a3-8ab5-70aa5b0cc10d"
                          },
                          "type": "SetVariable",
                          "inputs": {
                            "name": "EnvironmentFetchXml",
                            "value": "<fetch>\n  <entity name=\"admin_environment\">\n    <attribute name=\"admin_environmentid\" />\n    <attribute name=\"admin_environmentname\" />\n    <filter>\n      <link-entity name=\"admin_environmentskugovernancesettings\" from=\"admin_environmentskugovernancesettingsid\" to=\"admin_skugovernancesettings\" link-type=\"any\">\n        <filter>\n          <link-entity name=\"admin_dlppolicy\" from=\"admin_environmentsku\" to=\"admin_environmentskugovernancesettingsid\" link-type=\"any\">\n            <filter>\n              <condition attribute=\"admin_dlppolicyid\" operator=\"eq\" value=\"@{triggerBody()['text']}\" />\n            </filter>\n          </link-entity>\n        </filter>\n      </link-entity>\n    </filter>\n    <filter>\n      <condition attribute=\"admin_environmentdeleted\" operator=\"ne\" value=\"1\" />\n      <condition attribute=\"admin_excludefrombaselinerules\" operator=\"ne\" value=\"1\" />\n      <link-entity name=\"admin_scuba_do_not_apply_policy_2_environment\" from=\"admin_environmentid\" to=\"admin_environmentid\" link-type=\"not any\" />\n    </filter>\n  </entity>\n</fetch>"
                          }
                        }
                      }
                    },
                    "Baseline_-_By_Environment_Purpose": {
                      "case": 101,
                      "actions": {
                        "Set_variable_2": {
                          "runAfter": {},
                          "metadata": {
                            "operationMetadataId": "4a5b1dc6-f041-40ad-94b0-1534a18a96c6"
                          },
                          "type": "SetVariable",
                          "inputs": {
                            "name": "EnvironmentFetchXml",
                            "value": "<fetch>\n  <entity name=\"admin_environment\">\n    <attribute name=\"admin_environmentid\" />\n    <attribute name=\"admin_environmentname\" />\n    <filter>\n      <link-entity name=\"admin_environmentpurposecategory\" from=\"admin_environmentpurposecategoryid\" to=\"admin_purposecategory\" link-type=\"any\">\n        <filter>\n          <link-entity name=\"admin_dlppolicy\" from=\"admin_environmentpurposecategory\" to=\"admin_environmentpurposecategoryid\" link-type=\"any\">\n            <filter>\n              <condition attribute=\"admin_dlppolicyid\" operator=\"eq\" value=\"@{triggerBody()['text']}\" />\n            </filter>\n          </link-entity>\n        </filter>\n      </link-entity>\n    </filter>\n    <filter>\n      <condition attribute=\"admin_environmentdeleted\" operator=\"ne\" value=\"1\" />\n      <condition attribute=\"admin_excludefrombaselinerules\" operator=\"ne\" value=\"1\" />\n      <link-entity name=\"admin_scuba_do_not_apply_policy_2_environment\" from=\"admin_environmentid\" to=\"admin_environmentid\" link-type=\"not any\" />\n    </filter>\n  </entity>\n</fetch>"
                          }
                        }
                      }
                    },
                    "Dedicated_-_Single_Environment": {
                      "case": 200,
                      "actions": {
                        "Set_variable_3": {
                          "runAfter": {},
                          "metadata": {
                            "operationMetadataId": "eadefd75-7c21-403e-ae3c-05b7f3e290ec"
                          },
                          "type": "SetVariable",
                          "inputs": {
                            "name": "EnvironmentFetchXml",
                            "value": "<fetch>\n  <entity name=\"admin_environment\">\n    <attribute name=\"admin_environmentid\" />\n    <attribute name=\"admin_environmentname\" />\n    <filter>\n      <link-entity name=\"admin_dlppolicy\" from=\"admin_dedicatedenvironment\" to=\"admin_environmentid\" link-type=\"any\">\n        <filter>\n          <condition attribute=\"admin_dlppolicyid\" operator=\"eq\" value=\"@{triggerBody()['text']}\" />\n        </filter>\n      </link-entity>\n    </filter>\n    <filter>\n      <condition attribute=\"admin_environmentdeleted\" operator=\"ne\" value=\"1\" />\n    </filter>\n  </entity>\n</fetch>"
                          }
                        }
                      }
                    },
                    "Dedicated_-_Default_Environment": {
                      "case": 203,
                      "actions": {
                        "SetDefaultEnvironment": {
                          "runAfter": {},
                          "metadata": {
                            "operationMetadataId": "5163ef54-3e59-4b0f-bd23-7d2091042a69"
                          },
                          "type": "SetVariable",
                          "inputs": {
                            "name": "EnvironmentFetchXml",
                            "value": "<fetch>\n  <entity name=\"admin_environment\">\n    <attribute name=\"admin_environmentid\" />\n    <attribute name=\"admin_environmentname\" />\n    <filter>\n      <condition attribute=\"admin_environmentsku\" operator=\"eq\" value=\"Default\" />\n    </filter>\n    <filter>\n      <condition attribute=\"admin_environmentdeleted\" operator=\"ne\" value=\"1\" />\n    </filter>\n  </entity>\n</fetch>"
                          }
                        }
                      }
                    },
                    "Dedicated_-_Community_of_Practice_-_Environment_Sku": {
                      "case": 201,
                      "actions": {
                        "Set_variable_4": {
                          "runAfter": {},
                          "metadata": {
                            "operationMetadataId": "ac782b24-8279-44ee-a935-8cd96d267914"
                          },
                          "type": "SetVariable",
                          "inputs": {
                            "name": "EnvironmentFetchXml",
                            "value": "<fetch>\n  <entity name=\"admin_environment\">\n    <attribute name=\"admin_environmentid\" />\n    <attribute name=\"admin_environmentname\" />\n    <filter>\n      <link-entity name=\"admin_communityofpractice\" from=\"admin_communityofpracticeid\" to=\"admin_communityofpractice\" link-type=\"any\">\n        <filter>\n          <link-entity name=\"admin_dlppolicy\" from=\"admin_communityofpractice\" to=\"admin_communityofpracticeid\" link-type=\"any\">\n            <filter>\n              <condition attribute=\"admin_dlppolicyid\" operator=\"eq\" value=\"@{triggerBody()['text']}\" />\n            </filter>\n          </link-entity>\n        </filter>\n      </link-entity>\n      <link-entity name=\"admin_environmentskugovernancesettings\" from=\"admin_environmentskugovernancesettingsid\" to=\"admin_skugovernancesettings\" link-type=\"any\">\n        <filter>\n          <link-entity name=\"admin_dlppolicy\" from=\"admin_environmentsku\" to=\"admin_environmentskugovernancesettingsid\" link-type=\"any\">\n            <filter>\n              <condition attribute=\"admin_dlppolicyid\" operator=\"eq\" value=\"@{triggerBody()['text']}\" />\n            </filter>\n          </link-entity>\n        </filter>\n      </link-entity>\n    </filter>\n    <filter>\n      <condition attribute=\"admin_environmentdeleted\" operator=\"ne\" value=\"1\" />\n    </filter>\n  </entity>\n</fetch>"
                          }
                        }
                      }
                    },
                    "Dedicated_-_Community_of_Practice_-_Environment_Purpose": {
                      "case": 202,
                      "actions": {
                        "Set_variable_5": {
                          "runAfter": {},
                          "metadata": {
                            "operationMetadataId": "cc4e9b13-3bee-45b2-bc1a-423e2ab79e56"
                          },
                          "type": "SetVariable",
                          "inputs": {
                            "name": "EnvironmentFetchXml",
                            "value": "<fetch>\n  <entity name=\"admin_environment\">\n    <attribute name=\"admin_environmentid\" />\n    <attribute name=\"admin_environmentname\" />\n    <filter>\n      <link-entity name=\"admin_communityofpractice\" from=\"admin_communityofpracticeid\" to=\"admin_communityofpractice\" link-type=\"any\">\n        <filter>\n          <link-entity name=\"admin_dlppolicy\" from=\"admin_communityofpractice\" to=\"admin_communityofpracticeid\" link-type=\"any\">\n            <filter>\n              <condition attribute=\"admin_dlppolicyid\" operator=\"eq\" value=\"@{triggerBody()['text']}\" />\n            </filter>\n          </link-entity>\n        </filter>\n      </link-entity>\n      <link-entity name=\"admin_environmentpurposecategory\" from=\"admin_environmentpurposecategoryid\" to=\"admin_purposecategory\" link-type=\"any\">\n        <filter>\n          <link-entity name=\"admin_dlppolicy\" from=\"admin_environmentpurposecategory\" to=\"admin_environmentpurposecategoryid\" link-type=\"any\">\n            <filter>\n              <condition attribute=\"admin_dlppolicyid\" operator=\"eq\" value=\"@{triggerBody()['text']}\" />\n            </filter>\n          </link-entity>\n        </filter>\n      </link-entity>\n    </filter>\n    <filter>\n      <condition attribute=\"admin_environmentdeleted\" operator=\"ne\" value=\"1\" />\n    </filter>\n  </entity>\n</fetch>"
                          }
                        }
                      }
                    },
                    "Custom_(using_FetchXml)": {
                      "case": 900,
                      "actions": {
                        "SetCusomXml": {
                          "runAfter": {},
                          "metadata": {
                            "operationMetadataId": "39d1b74a-8733-49ff-b41b-293f989eb3a5"
                          },
                          "type": "SetVariable",
                          "inputs": {
                            "name": "EnvironmentFetchXml",
                            "value": "@outputs('PolicyAssignmentRule')?['body/admin_environmentfetchxml']"
                          }
                        }
                      }
                    }
                  },
                  "default": {
                    "actions": {}
                  },
                  "expression": "@outputs('PolicyAssignmentRule')?['body/admin_assignmentrule']",
                  "metadata": {
                    "operationMetadataId": "db19e253-4182-4084-b4fe-c538ee327dbe"
                  },
                  "type": "Switch"
                }
              },
              "runAfter": {},
              "metadata": {
                "operationMetadataId": "77486c08-ff42-484c-a9eb-4565c4e45144"
              },
              "type": "Scope"
            }
          },
          "runAfter": {
            "PolicyAssignmentRule": [
              "Succeeded"
            ]
          },
          "expression": {
            "equals": [
              "@outputs('PolicyAssignmentRule')?['body/admin_scope']",
              597910001
            ]
          },
          "metadata": {
            "operationMetadataId": "6ee46262-a80a-4936-a211-8ac05d789999"
          },
          "type": "If"
        }
      }
    },
    "templateName": ""
  },
  "schemaVersion": "1.0.0.0"
}