<appaction uniquename="admin__Mscrm.HomepageGrid.{!EntityLogicalName}.NavigateToHomepageGrid!admin_SCuBA!admin_scubaconfiguration!1">
  <appmoduleid>
    <uniquename>admin_SCuBA</uniquename>
  </appmoduleid>
  <buttonlabeltext default="See all records">
    <label description="See all records" languagecode="1033" />
  </buttonlabeltext>
  <buttontooltipdescription default="See all the entity records you have access to">
    <label description="See all the entity records you have access to" languagecode="1033" />
  </buttontooltipdescription>
  <buttontooltiptitle default="See all records">
    <label description="See all records" languagecode="1033" />
  </buttontooltiptitle>
  <context>1</context>
  <contextentity>
    <logicalname>admin_scubaconfiguration</logicalname>
  </contextentity>
  <contextvalue>admin_scubaconfiguration</contextvalue>
  <fonticon>TableGroup</fonticon>
  <hidden>0</hidden>
  <iscustomizable>1</iscustomizable>
  <isdisabled>0</isdisabled>
  <isgrouptitlehidden>0</isgrouptitlehidden>
  <location>1</location>
  <name>Mscrm.HomepageGrid.{!EntityLogicalName}.NavigateToHomepageGrid</name>
  <onclickeventjavascriptfunctionname>XrmCore.Commands.NavigateToGrid.navigateToHomepageGrid</onclickeventjavascriptfunctionname>
  <onclickeventjavascriptparameters>[{"type":12,"value":null},{"type":8,"value":null}]</onclickeventjavascriptparameters>
  <onclickeventjavascriptwebresourceid>
    <webresourceid>adea1aea-b2aa-e611-80d6-00155d88c343</webresourceid>
  </onclickeventjavascriptwebresourceid>
  <onclickeventtype>2</onclickeventtype>
  <origin>2</origin>
  <sequence>1000110018.0000000000</sequence>
  <statecode>0</statecode>
  <statuscode>1</statuscode>
  <type>0</type>
  <visibilityformulacomponentlibraryid>
    <name>admin_scubadefaultcommandlibrary_5d53d</name>
  </visibilityformulacomponentlibraryid>
  <visibilityformulacomponentname>ced8809f524a411b82d7e77b88b7ca7a</visibilityformulacomponentname>
  <visibilityformulafunctionname>Visible</visibilityformulafunctionname>
  <visibilitytype>1</visibilitytype>
</appaction>