<environmentvariabledefinition schemaname="admin_TenantRegion">
  <description default="The Microsoft Cloud Region of the Tenant.  The expected value is one of the following: &quot;Commercial (Default)&quot;, &quot;GCC&quot;, &quot;GCC High&quot;, or &quot;DoD&quot;">
    <label description="The Microsoft Cloud Region of the Tenant.  The expected value is one of the following: &quot;Commercial (Default)&quot;, &quot;GCC&quot;, &quot;GCC High&quot;, or &quot;DoD&quot;" languagecode="1033" />
  </description>
  <displayname default="Tenant Region">
    <label description="Tenant Region" languagecode="1033" />
  </displayname>
  <introducedversion>1.0.11</introducedversion>
  <iscustomizable>1</iscustomizable>
  <isrequired>0</isrequired>
  <secretstore>0</secretstore>
  <type>100000000</type>
</environmentvariabledefinition>