<appaction uniquename="admin__Remove!aa38ceb5d1024c4aaff916c451ddc7c7!admin_SCuBA!admin_connector!2">
  <appmoduleid>
    <uniquename>admin_SCuBA</uniquename>
  </appmoduleid>
  <buttonlabeltext default="Remove">
    <label description="Remove" languagecode="1033" />
  </buttonlabeltext>
  <buttontooltiptitle default="Remove">
    <label description="Remove" languagecode="1033" />
  </buttontooltiptitle>
  <context>1</context>
  <contextentity>
    <logicalname>admin_connector</logicalname>
  </contextentity>
  <contextvalue>admin_connector</contextvalue>
  <fonticon>$clientsvg:Delete</fonticon>
  <hidden>0</hidden>
  <iscustomizable>1</iscustomizable>
  <isdisabled>0</isdisabled>
  <isgrouptitlehidden>0</isgrouptitlehidden>
  <location>2</location>
  <name>Remove!aa38ceb5d1024c4aaff916c451ddc7c7</name>
  <onclickeventjavascriptfunctionname>XrmCore.Commands.Disassociate.gridDisassociate</onclickeventjavascriptfunctionname>
  <onclickeventjavascriptparameters>[{"type":8},{"type":12},{"type":10}]</onclickeventjavascriptparameters>
  <onclickeventjavascriptwebresourceid>
    <webresourceid>adea1aea-b2aa-e611-80d6-00155d88c343</webresourceid>
  </onclickeventjavascriptwebresourceid>
  <onclickeventtype>2</onclickeventtype>
  <origin>0</origin>
  <sequence>100105028.5000000000</sequence>
  <statecode>0</statecode>
  <statuscode>1</statuscode>
  <type>0</type>
  <visibilityformulacomponentlibraryid>
    <name>admin_scubadefaultcommandlibrary_5d53d</name>
  </visibilityformulacomponentlibraryid>
  <visibilityformulacomponentname>632eb4c697d2464382ce4d4a155b2dc2</visibilityformulacomponentname>
  <visibilityformulafunctionname>Visible</visibilityformulafunctionname>
  <visibilitytype>1</visibilitytype>
</appaction>