<appaction uniquename="admin__Mscrm.HomepageGrid.{!EntityLogicalName}.NewRecord!admin_SCuBA!admin_scubaconfiguration!1">
  <appmoduleid>
    <uniquename>admin_SCuBA</uniquename>
  </appmoduleid>
  <buttonaccessibilitytext default="New">
    <label description="New" languagecode="1033" />
  </buttonaccessibilitytext>
  <buttonlabeltext default="New">
    <label description="New" languagecode="1033" />
  </buttonlabeltext>
  <buttontooltipdescription default="Create a new {EntityLogicalNameMarker} record.">
    <label description="Create a new {EntityLogicalNameMarker} record." languagecode="1033" />
  </buttontooltipdescription>
  <buttontooltiptitle default="New">
    <label description="New" languagecode="1033" />
  </buttontooltiptitle>
  <context>1</context>
  <contextentity>
    <logicalname>admin_scubaconfiguration</logicalname>
  </contextentity>
  <contextvalue>admin_scubaconfiguration</contextvalue>
  <fonticon>$clientsvg:Add</fonticon>
  <hidden>0</hidden>
  <iscustomizable>1</iscustomizable>
  <isdisabled>0</isdisabled>
  <isgrouptitlehidden>0</isgrouptitlehidden>
  <location>1</location>
  <name>Mscrm.HomepageGrid.{!EntityLogicalName}.NewRecord</name>
  <onclickeventjavascriptfunctionname>XrmCore.Commands.Open.openNewRecord</onclickeventjavascriptfunctionname>
  <onclickeventjavascriptparameters>[{"type":8,"value":null},{"type":12,"value":null}]</onclickeventjavascriptparameters>
  <onclickeventjavascriptwebresourceid>
    <webresourceid>adea1aea-b2aa-e611-80d6-00155d88c343</webresourceid>
  </onclickeventjavascriptwebresourceid>
  <onclickeventtype>2</onclickeventtype>
  <origin>2</origin>
  <sequence>1000100010.0000000000</sequence>
  <statecode>0</statecode>
  <statuscode>1</statuscode>
  <type>0</type>
  <visibilityformulacomponentlibraryid>
    <name>admin_scubadefaultcommandlibrary_5d53d</name>
  </visibilityformulacomponentlibraryid>
  <visibilityformulacomponentname>7189673ef7d34deb8d8453471780e4d6</visibilityformulacomponentname>
  <visibilityformulafunctionname>Visible</visibilityformulafunctionname>
  <visibilitytype>1</visibilitytype>
</appaction>