<appaction uniquename="admin__RollbackCECUpdate!a78a6f33cd6b480ab45bdf5c9ce707d4!admin_SCuBA!admin_cecpushhistory!0">
  <appmoduleid>
    <uniquename>admin_SCuBA</uniquename>
  </appmoduleid>
  <buttonlabeltext default="Rollback CEC Update">
    <label description="Rollback CEC Update" languagecode="1033" />
  </buttonlabeltext>
  <context>1</context>
  <contextentity>
    <logicalname>admin_cecpushhistory</logicalname>
  </contextentity>
  <contextvalue>admin_cecpushhistory</contextvalue>
  <fonticon>$clientsvg:Refresh</fonticon>
  <hidden>0</hidden>
  <iscustomizable>1</iscustomizable>
  <isdisabled>0</isdisabled>
  <isgrouptitlehidden>0</isgrouptitlehidden>
  <location>0</location>
  <name>RollbackCECUpdate!a78a6f33cd6b480ab45bdf5c9ce707d4</name>
  <onclickeventformulacomponentlibraryid>
    <name>admin_scubadefaultcommandlibrary_5d53d</name>
  </onclickeventformulacomponentlibraryid>
  <onclickeventformulacomponentname>044b3f9891b44cc79f6be9324e68c112</onclickeventformulacomponentname>
  <onclickeventformulafunctionname>OnSelect</onclickeventformulafunctionname>
  <onclickeventtype>1</onclickeventtype>
  <origin>0</origin>
  <sequence>100100015.0000000000</sequence>
  <statecode>0</statecode>
  <statuscode>1</statuscode>
  <type>0</type>
  <visibilitytype>0</visibilitytype>
</appaction>