<appaction uniquename="admin__Mscrm.SubGrid.{!EntityLogicalName}.Remove!admin_SCuBA!admin_dlppolicy!3">
  <appmoduleid>
    <uniquename>admin_SCuBA</uniquename>
  </appmoduleid>
  <buttonaccessibilitytext default="Remove">
    <label description="Remove" languagecode="1033" />
  </buttonaccessibilitytext>
  <buttonlabeltext default="Remove">
    <label description="Remove" languagecode="1033" />
  </buttonlabeltext>
  <buttontooltipdescription default="Remove the records. &lt;br&gt;&lt;br&gt;When you remove a record, it still exists in the system.">
    <label description="Remove the records. &lt;br&gt;&lt;br&gt;When you remove a record, it still exists in the system." languagecode="1033" />
  </buttontooltipdescription>
  <buttontooltiptitle default="Remove">
    <label description="Remove" languagecode="1033" />
  </buttontooltiptitle>
  <context>1</context>
  <contextentity>
    <logicalname>admin_dlppolicy</logicalname>
  </contextentity>
  <contextvalue>admin_dlppolicy</contextvalue>
  <fonticon>$clientsvg:Delete</fonticon>
  <hidden>0</hidden>
  <iscustomizable>1</iscustomizable>
  <isdisabled>0</isdisabled>
  <isgrouptitlehidden>0</isgrouptitlehidden>
  <location>3</location>
  <name>Mscrm.SubGrid.{!EntityLogicalName}.Remove</name>
  <onclickeventjavascriptfunctionname>XrmCore.Commands.Disassociate.gridDisassociate</onclickeventjavascriptfunctionname>
  <onclickeventjavascriptparameters>[{"type":8,"value":null},{"type":12,"value":null},{"type":10,"value":null}]</onclickeventjavascriptparameters>
  <onclickeventjavascriptwebresourceid>
    <webresourceid>adea1aea-b2aa-e611-80d6-00155d88c343</webresourceid>
  </onclickeventjavascriptwebresourceid>
  <onclickeventtype>2</onclickeventtype>
  <origin>2</origin>
  <sequence>100100090.0000000000</sequence>
  <statecode>0</statecode>
  <statuscode>1</statuscode>
  <type>0</type>
  <visibilityformulacomponentlibraryid>
    <name>admin_scubadefaultcommandlibrary_5d53d</name>
  </visibilityformulacomponentlibraryid>
  <visibilityformulacomponentname>51218402bed743209796a767680adcb6</visibilityformulacomponentname>
  <visibilityformulafunctionname>Visible</visibilityformulafunctionname>
  <visibilitytype>1</visibilitytype>
</appaction>