<appaction uniquename="admin__Mscrm.HomepageGrid.{!EntityLogicalName}.Deactivate!admin_SCuBA!admin_scubaconfiguration!1">
  <appmoduleid>
    <uniquename>admin_SCuBA</uniquename>
  </appmoduleid>
  <buttonaccessibilitytext default="Deactivate">
    <label description="Deactivate" languagecode="1033" />
  </buttonaccessibilitytext>
  <buttonlabeltext default="Deactivate">
    <label description="Deactivate" languagecode="1033" />
  </buttonlabeltext>
  <buttontooltipdescription default="Deactivate these {EntityLogicalNameCollectionMarker}. &lt;br&gt;&lt;br&gt;You can reactivate these {EntityLogicalNameCollectionMarker} from the Inactive {EntityLogicalNameCollectionMarker} View.">
    <label description="Deactivate these {EntityLogicalNameCollectionMarker}. &lt;br&gt;&lt;br&gt;You can reactivate these {EntityLogicalNameCollectionMarker} from the Inactive {EntityLogicalNameCollectionMarker} View." languagecode="1033" />
  </buttontooltipdescription>
  <buttontooltiptitle default="Deactivate">
    <label description="Deactivate" languagecode="1033" />
  </buttontooltiptitle>
  <context>1</context>
  <contextentity>
    <logicalname>admin_scubaconfiguration</logicalname>
  </contextentity>
  <contextvalue>admin_scubaconfiguration</contextvalue>
  <fonticon>$clientsvg:PageBlock</fonticon>
  <hidden>0</hidden>
  <iscustomizable>1</iscustomizable>
  <isdisabled>0</isdisabled>
  <isgrouptitlehidden>0</isgrouptitlehidden>
  <location>1</location>
  <name>Mscrm.HomepageGrid.{!EntityLogicalName}.Deactivate</name>
  <onclickeventjavascriptfunctionname>XrmCore.Commands.Deactivate.deactivateRecords</onclickeventjavascriptfunctionname>
  <onclickeventjavascriptparameters>[{"type":12,"value":null},{"type":24,"value":null},{"type":8,"value":null}]</onclickeventjavascriptparameters>
  <onclickeventjavascriptwebresourceid>
    <webresourceid>adea1aea-b2aa-e611-80d6-00155d88c343</webresourceid>
  </onclickeventjavascriptwebresourceid>
  <onclickeventtype>2</onclickeventtype>
  <origin>2</origin>
  <sequence>1000100040.0000000000</sequence>
  <statecode>0</statecode>
  <statuscode>1</statuscode>
  <type>0</type>
  <visibilityformulacomponentlibraryid>
    <name>admin_scubadefaultcommandlibrary_5d53d</name>
  </visibilityformulacomponentlibraryid>
  <visibilityformulacomponentname>7f791d9a81b74101829000031945e1ea</visibilityformulacomponentname>
  <visibilityformulafunctionname>Visible</visibilityformulafunctionname>
  <visibilitytype>1</visibilitytype>
</appaction>