<environmentvariabledefinition schemaname="admin_makepowerautomatecom">
  <defaultvalue>make.powerautomate.com</defaultvalue>
  <description default="host name for power automate maker portal.  This is can very depending on the Microsoft cloud the application is running in.">
    <label description="host name for power automate maker portal.  This is can very depending on the Microsoft cloud the application is running in." languagecode="1033" />
  </description>
  <displayname default="make.powerautomate.com">
    <label description="make.powerautomate.com" languagecode="1033" />
  </displayname>
  <introducedversion>1.0.0</introducedversion>
  <iscustomizable>1</iscustomizable>
  <isrequired>0</isrequired>
  <secretstore>0</secretstore>
  <type>100000000</type>
</environmentvariabledefinition>