<aiskillconfig uniquename="ais_FormFillFieldOptOut_admin_connector_admin_allowbaseline">
  <aiskill>FormFillFieldOptOut</aiskill>
  <attribute>
    <entityid.logicalname>admin_connector</entityid.logicalname>
    <logicalname>admin_allowbaseline</logicalname>
  </attribute>
  <description>admin_connector - Allow Baseline Form fill opt out</description>
  <entity>
    <logicalname>admin_connector</logicalname>
  </entity>
  <iscustomizable>1</iscustomizable>
  <scope>1</scope>
  <statecode>0</statecode>
  <statuscode>1</statuscode>
</aiskillconfig>