<environmentvariabledefinition schemaname="admin_SCuBAIssuesUrl">
  <defaultvalue>https://github.com/Open-Strata-Commons/SCuBA-coe-starter-kit/issues</defaultvalue>
  <description default="The URL to report issues or ask questions.">
    <label description="The URL to report issues or ask questions." languagecode="1033" />
  </description>
  <displayname default="SCuBA Issues Url">
    <label description="SCuBA Issues Url" languagecode="1033" />
  </displayname>
  <introducedversion>1.0.6</introducedversion>
  <iscustomizable>1</iscustomizable>
  <isrequired>0</isrequired>
  <secretstore>0</secretstore>
  <type>100000000</type>
</environmentvariabledefinition>