<aiskillconfig uniquename="ais_FormFillFieldOptOut_admin_scubaconfiguration_admin_lastensureenvironmentvariablesdate">
  <aiskill>FormFillFieldOptOut</aiskill>
  <attribute>
    <entityid.logicalname>admin_scubaconfiguration</entityid.logicalname>
    <logicalname>admin_lastensureenvironmentvariablesdate</logicalname>
  </attribute>
  <description>admin_scubaconfiguration - Last Ensure Environment Variables Date Form fill opt out</description>
  <entity>
    <logicalname>admin_scubaconfiguration</logicalname>
  </entity>
  <iscustomizable>1</iscustomizable>
  <scope>1</scope>
  <statecode>0</statecode>
  <statuscode>1</statuscode>
</aiskillconfig>