<appaction uniquename="admin__PushCECConfigurat!453d0b4699004ca88725e5f46602f455!admin_SCuBA!admin_connector!1">
  <appmoduleid>
    <uniquename>admin_SCuBA</uniquename>
  </appmoduleid>
  <buttonlabeltext default="Push CEC Configuration">
    <label description="Push CEC Configuration" languagecode="1033" />
  </buttonlabeltext>
  <context>1</context>
  <contextentity>
    <logicalname>admin_connector</logicalname>
  </contextentity>
  <contextvalue>admin_connector</contextvalue>
  <fonticon>$clientsvg:ConvertTo</fonticon>
  <hidden>0</hidden>
  <iscustomizable>1</iscustomizable>
  <isdisabled>0</isdisabled>
  <isgrouptitlehidden>0</isgrouptitlehidden>
  <location>1</location>
  <name>PushCECConfigurat!453d0b4699004ca88725e5f46602f455</name>
  <onclickeventformulacomponentlibraryid>
    <name>admin_scubadefaultcommandlibrary_5d53d</name>
  </onclickeventformulacomponentlibraryid>
  <onclickeventformulacomponentname>91ff497c6554463db203bb20c5e11323</onclickeventformulacomponentname>
  <onclickeventformulafunctionname>OnSelect</onclickeventformulafunctionname>
  <onclickeventtype>1</onclickeventtype>
  <origin>0</origin>
  <sequence>1000110017.5000000000</sequence>
  <statecode>0</statecode>
  <statuscode>1</statuscode>
  <type>0</type>
  <visibilityformulacomponentlibraryid>
    <name>admin_scubadefaultcommandlibrary_5d53d</name>
  </visibilityformulacomponentlibraryid>
  <visibilityformulacomponentname>91ff497c6554463db203bb20c5e11323</visibilityformulacomponentname>
  <visibilityformulafunctionname>Visible</visibilityformulafunctionname>
  <visibilitytype>1</visibilitytype>
</appaction>