<appaction uniquename="admin__Mscrm.Form.{!EntityLogicalName}.Delete!admin_SCuBA!admin_scubaconfiguration!0">
  <appmoduleid>
    <uniquename>admin_SCuBA</uniquename>
  </appmoduleid>
  <buttonaccessibilitytext default="Delete">
    <label description="Delete" languagecode="1033" />
  </buttonaccessibilitytext>
  <buttonlabeltext default="Delete">
    <label description="Delete" languagecode="1033" />
  </buttonlabeltext>
  <buttontooltipdescription default="Delete this {EntityLogicalNameMarker}. This action cannot be undone.">
    <label description="Delete this {EntityLogicalNameMarker}. This action cannot be undone." languagecode="1033" />
  </buttontooltipdescription>
  <buttontooltiptitle default="Delete">
    <label description="Delete" languagecode="1033" />
  </buttontooltiptitle>
  <context>1</context>
  <contextentity>
    <logicalname>admin_scubaconfiguration</logicalname>
  </contextentity>
  <contextvalue>admin_scubaconfiguration</contextvalue>
  <fonticon>$clientsvg:Delete</fonticon>
  <hidden>0</hidden>
  <iscustomizable>1</iscustomizable>
  <isdisabled>0</isdisabled>
  <isgrouptitlehidden>0</isgrouptitlehidden>
  <location>0</location>
  <name>Mscrm.Form.{!EntityLogicalName}.Delete</name>
  <onclickeventjavascriptfunctionname>XrmCore.Commands.Delete.deletePrimaryRecord</onclickeventjavascriptfunctionname>
  <onclickeventjavascriptparameters>[{"type":4,"value":null},{"type":2,"value":null}]</onclickeventjavascriptparameters>
  <onclickeventjavascriptwebresourceid>
    <webresourceid>adea1aea-b2aa-e611-80d6-00155d88c343</webresourceid>
  </onclickeventjavascriptwebresourceid>
  <onclickeventtype>2</onclickeventtype>
  <origin>2</origin>
  <sequence>100100070.0000000000</sequence>
  <statecode>0</statecode>
  <statuscode>1</statuscode>
  <type>0</type>
  <visibilityformulacomponentlibraryid>
    <name>admin_scubadefaultcommandlibrary_5d53d</name>
  </visibilityformulacomponentlibraryid>
  <visibilityformulacomponentname>6aa2e39a76bb4e2f8f174c816135ce75</visibilityformulacomponentname>
  <visibilityformulafunctionname>Visible</visibilityformulafunctionname>
  <visibilitytype>1</visibilitytype>
</appaction>