<environmentvariabledefinition schemaname="admin_PowerAutomateServiceAPIUri">
  <defaultvalue>https://service.flow.microsoft.com/</defaultvalue>
  <displayname default="Power Automate Service API Uri">
    <label description="Power Automate Service API Uri" languagecode="1033" />
  </displayname>
  <introducedversion>1.0.0</introducedversion>
  <iscustomizable>1</iscustomizable>
  <isrequired>0</isrequired>
  <secretstore>0</secretstore>
  <type>100000000</type>
</environmentvariabledefinition>