<appaction uniquename="admin__Mscrm.Form.{!EntityLogicalName}.Assign!admin_SCuBA!admin_scubaconfiguration!0">
  <appmoduleid>
    <uniquename>admin_SCuBA</uniquename>
  </appmoduleid>
  <buttonaccessibilitytext default="Assign">
    <label description="Assign" languagecode="1033" />
  </buttonaccessibilitytext>
  <buttonlabeltext default="Assign">
    <label description="Assign" languagecode="1033" />
  </buttonlabeltext>
  <buttontooltipdescription default="Make someone else the owner of these {EntityLogicalNameCollectionMarker}. &lt;br&gt;&lt;br&gt;If you want to keep ownership of the {EntityLogicalNameCollectionMarker}, yet let someone else work with them, select Share instead.">
    <label description="Make someone else the owner of these {EntityLogicalNameCollectionMarker}. &lt;br&gt;&lt;br&gt;If you want to keep ownership of the {EntityLogicalNameCollectionMarker}, yet let someone else work with them, select Share instead." languagecode="1033" />
  </buttontooltipdescription>
  <buttontooltiptitle default="Assign">
    <label description="Assign" languagecode="1033" />
  </buttontooltiptitle>
  <context>1</context>
  <contextentity>
    <logicalname>admin_scubaconfiguration</logicalname>
  </contextentity>
  <contextvalue>admin_scubaconfiguration</contextvalue>
  <fonticon>$clientsvg:FollowUser</fonticon>
  <hidden>0</hidden>
  <iscustomizable>1</iscustomizable>
  <isdisabled>0</isdisabled>
  <isgrouptitlehidden>0</isgrouptitlehidden>
  <location>0</location>
  <name>Mscrm.Form.{!EntityLogicalName}.Assign</name>
  <onclickeventjavascriptfunctionname>XrmCore.Commands.Assign.assignObject</onclickeventjavascriptfunctionname>
  <onclickeventjavascriptparameters>[{"type":2,"value":null}]</onclickeventjavascriptparameters>
  <onclickeventjavascriptwebresourceid>
    <webresourceid>adea1aea-b2aa-e611-80d6-00155d88c343</webresourceid>
  </onclickeventjavascriptwebresourceid>
  <onclickeventtype>2</onclickeventtype>
  <origin>2</origin>
  <sequence>100400033.0000000000</sequence>
  <statecode>0</statecode>
  <statuscode>1</statuscode>
  <type>0</type>
  <visibilityformulacomponentlibraryid>
    <name>admin_scubadefaultcommandlibrary_5d53d</name>
  </visibilityformulacomponentlibraryid>
  <visibilityformulacomponentname>8e3031fc6889406389c0f9dc60a011ab</visibilityformulacomponentname>
  <visibilityformulafunctionname>Visible</visibilityformulafunctionname>
  <visibilitytype>1</visibilitytype>
</appaction>