<aiskillconfig uniquename="ais_FormFillFieldOptOut_admin_powerappsconnectoractions_admin_allowdedicated">
  <aiskill>FormFillFieldOptOut</aiskill>
  <attribute>
    <entityid.logicalname>admin_powerappsconnectoractions</entityid.logicalname>
    <logicalname>admin_allowdedicated</logicalname>
  </attribute>
  <description>admin_powerappsconnectoractions - Allow Dedicated Form fill opt out</description>
  <entity>
    <logicalname>admin_powerappsconnectoractions</logicalname>
  </entity>
  <iscustomizable>1</iscustomizable>
  <scope>1</scope>
  <statecode>0</statecode>
  <statuscode>1</statuscode>
</aiskillconfig>