<environmentvariabledefinition schemaname="admin_apiflowmicrosoftcomUrl">
  <description default="Ignore On Import.  The URL of the Microsoft Flow API.  This value is set by a workflow.">
    <label description="Ignore On Import.  The URL of the Microsoft Flow API.  This value is set by a workflow." languagecode="1033" />
  </description>
  <displayname default="Microsoft Flow API Url">
    <label description="Microsoft Flow API Url" languagecode="1033" />
  </displayname>
  <introducedversion>1.0.0</introducedversion>
  <iscustomizable>1</iscustomizable>
  <isrequired>0</isrequired>
  <secretstore>0</secretstore>
  <type>100000000</type>
</environmentvariabledefinition>