<appaction uniquename="admin__Mscrm.Form.{!EntityLogicalName}.Activate!admin_SCuBA!admin_scubaconfiguration!0">
  <appmoduleid>
    <uniquename>admin_SCuBA</uniquename>
  </appmoduleid>
  <buttonaccessibilitytext default="Activate">
    <label description="Activate" languagecode="1033" />
  </buttonaccessibilitytext>
  <buttonlabeltext default="Activate">
    <label description="Activate" languagecode="1033" />
  </buttonlabeltext>
  <buttontooltipdescription default="Activate these {EntityLogicalNameCollectionMarker}. &lt;br&gt;&lt;br&gt;Active records can be edited, assigned, shared, or viewed from the Active {EntityLogicalNameCollectionMarker} view.">
    <label description="Activate these {EntityLogicalNameCollectionMarker}. &lt;br&gt;&lt;br&gt;Active records can be edited, assigned, shared, or viewed from the Active {EntityLogicalNameCollectionMarker} view." languagecode="1033" />
  </buttontooltipdescription>
  <buttontooltiptitle default="Activate">
    <label description="Activate" languagecode="1033" />
  </buttontooltiptitle>
  <context>1</context>
  <contextentity>
    <logicalname>admin_scubaconfiguration</logicalname>
  </contextentity>
  <contextvalue>admin_scubaconfiguration</contextvalue>
  <fonticon>$clientsvg:PageCompleted</fonticon>
  <hidden>0</hidden>
  <iscustomizable>1</iscustomizable>
  <isdisabled>0</isdisabled>
  <isgrouptitlehidden>0</isgrouptitlehidden>
  <location>0</location>
  <name>Mscrm.Form.{!EntityLogicalName}.Activate</name>
  <onclickeventjavascriptfunctionname>XrmCore.Commands.Activate.activatePrimaryRecord</onclickeventjavascriptfunctionname>
  <onclickeventjavascriptparameters>[{"type":4,"value":null},{"type":2,"value":null}]</onclickeventjavascriptparameters>
  <onclickeventjavascriptwebresourceid>
    <webresourceid>adea1aea-b2aa-e611-80d6-00155d88c343</webresourceid>
  </onclickeventjavascriptwebresourceid>
  <onclickeventtype>2</onclickeventtype>
  <origin>2</origin>
  <sequence>100100050.0000000000</sequence>
  <statecode>0</statecode>
  <statuscode>1</statuscode>
  <type>0</type>
  <visibilityformulacomponentlibraryid>
    <name>admin_scubadefaultcommandlibrary_5d53d</name>
  </visibilityformulacomponentlibraryid>
  <visibilityformulacomponentname>f780d999ea0840fd9ef38076f71818dd</visibilityformulacomponentname>
  <visibilityformulafunctionname>Visible</visibilityformulafunctionname>
  <visibilitytype>1</visibilitytype>
</appaction>