<appaction uniquename="admin__Mscrm.HomepageGrid.{!EntityLogicalName}.RefreshButton!admin_SCuBA!admin_scubaconfiguration!1">
  <appmoduleid>
    <uniquename>admin_SCuBA</uniquename>
  </appmoduleid>
  <buttonaccessibilitytext default="Refresh">
    <label description="Refresh" languagecode="1033" />
  </buttonaccessibilitytext>
  <buttonlabeltext default="Refresh">
    <label description="Refresh" languagecode="1033" />
  </buttonlabeltext>
  <buttontooltipdescription default="Refresh the view.">
    <label description="Refresh the view." languagecode="1033" />
  </buttontooltipdescription>
  <buttontooltiptitle default="Refresh">
    <label description="Refresh" languagecode="1033" />
  </buttontooltiptitle>
  <context>1</context>
  <contextentity>
    <logicalname>admin_scubaconfiguration</logicalname>
  </contextentity>
  <contextvalue>admin_scubaconfiguration</contextvalue>
  <hidden>0</hidden>
  <iscustomizable>1</iscustomizable>
  <isdisabled>0</isdisabled>
  <isgrouptitlehidden>0</isgrouptitlehidden>
  <location>1</location>
  <name>Mscrm.HomepageGrid.{!EntityLogicalName}.RefreshButton</name>
  <onclickeventtype>0</onclickeventtype>
  <origin>2</origin>
  <sequence>1100300010.0000000000</sequence>
  <statecode>0</statecode>
  <statuscode>1</statuscode>
  <type>0</type>
  <visibilityformulacomponentlibraryid>
    <name>admin_scubadefaultcommandlibrary_5d53d</name>
  </visibilityformulacomponentlibraryid>
  <visibilityformulacomponentname>37f515755acd4d38850e048946ffc0d1</visibilityformulacomponentname>
  <visibilityformulafunctionname>Visible</visibilityformulafunctionname>
  <visibilitytype>1</visibilitytype>
</appaction>